90 #SUP: 8416
1 90 #SUP: 4488
2 90 #SUP: 3928
5 90 #SUP: 3796
6 90 #SUP: 3292
7 90 #SUP: 840
11 90 #SUP: 3268
12 90 #SUP: 2684
13 90 #SUP: 2320
24 90 #SUP: 5040
31 90 #SUP: 3808
36 90 #SUP: 8200
38 90 #SUP: 6824
41 90 #SUP: 5880
53 90 #SUP: 1232
55 90 #SUP: 3552
63 90 #SUP: 2480
67 90 #SUP: 5316
71 90 #SUP: 5076
90 94 #SUP: 8216
90 97 #SUP: 7768
90 104 #SUP: 3968
90 114 #SUP: 2424
90 120 #SUP: 4064
1 5 90 #SUP: 2084
1 6 90 #SUP: 1732
1 12 90 #SUP: 1272
1 13 90 #SUP: 1288
1 31 90 #SUP: 3688
1 38 90 #SUP: 3008
1 41 90 #SUP: 4176
1 55 90 #SUP: 1640
1 67 90 #SUP: 3780
1 71 90 #SUP: 3540
1 90 97 #SUP: 3960
1 90 104 #SUP: 3152
1 90 120 #SUP: 1216
2 6 90 #SUP: 1560
2 11 90 #SUP: 1752
2 24 90 #SUP: 3304
2 36 90 #SUP: 3904
2 55 90 #SUP: 1912
2 90 94 #SUP: 3920
2 90 114 #SUP: 1824
3 55 90 #SUP: 452
5 12 90 #SUP: 1138
5 13 90 #SUP: 932
5 24 90 #SUP: 2180
5 31 90 #SUP: 1692
5 38 90 #SUP: 3020
5 41 90 #SUP: 2764
5 55 90 #SUP: 1652
5 63 90 #SUP: 816
5 67 90 #SUP: 2444
5 71 90 #SUP: 2324
5 90 94 #SUP: 3748
5 90 97 #SUP: 3600
5 90 104 #SUP: 1924
5 90 120 #SUP: 1704
6 11 90 #SUP: 1323
6 12 90 #SUP: 884
6 13 90 #SUP: 932
6 24 90 #SUP: 1894
6 31 90 #SUP: 1636
6 36 90 #SUP: 3236
6 38 90 #SUP: 2704
6 41 90 #SUP: 2448
6 53 90 #SUP: 457
6 55 90 #SUP: 1148
6 67 90 #SUP: 1986
6 71 90 #SUP: 1866
6 90 94 #SUP: 3242
6 90 97 #SUP: 3156
6 90 104 #SUP: 1418
6 90 114 #SUP: 712
6 90 120 #SUP: 1644
7 24 90 #SUP: 774
7 38 90 #SUP: 716
7 63 90 #SUP: 792
7 67 90 #SUP: 462
7 71 90 #SUP: 462
7 90 97 #SUP: 660
7 90 114 #SUP: 792
11 24 90 #SUP: 1676
11 36 90 #SUP: 3244
11 53 90 #SUP: 556
11 55 90 #SUP: 1540
11 90 94 #SUP: 3260
11 90 114 #SUP: 1096
12 13 90 #SUP: 852
12 24 90 #SUP: 1816
12 38 90 #SUP: 1932
12 41 90 #SUP: 1548
12 55 90 #SUP: 972
12 63 90 #SUP: 1296
12 67 90 #SUP: 1772
12 71 90 #SUP: 1772
12 90 97 #SUP: 2384
12 90 104 #SUP: 1212
12 90 120 #SUP: 1308
13 24 90 #SUP: 1464
13 31 90 #SUP: 1208
13 38 90 #SUP: 2016
13 41 90 #SUP: 1216
13 55 90 #SUP: 624
13 67 90 #SUP: 1680
13 71 90 #SUP: 1584
13 90 94 #SUP: 2128
13 90 97 #SUP: 2224
13 90 120 #SUP: 1404
24 31 90 #SUP: 1776
24 36 90 #SUP: 4824
24 38 90 #SUP: 3552
24 41 90 #SUP: 2864
24 55 90 #SUP: 2288
24 63 90 #SUP: 2288
24 67 90 #SUP: 2084
24 71 90 #SUP: 2036
24 90 94 #SUP: 4840
24 90 97 #SUP: 4688
24 90 114 #SUP: 2192
31 36 90 #SUP: 3616
31 38 90 #SUP: 2408
31 41 90 #SUP: 3544
31 55 90 #SUP: 1056
31 67 90 #SUP: 3060
31 71 90 #SUP: 3012
31 90 97 #SUP: 3208
31 90 104 #SUP: 2432
31 90 120 #SUP: 1224
36 39 90 #SUP: 1592
36 53 90 #SUP: 1220
36 55 90 #SUP: 3336
36 90 94 #SUP: 8192
36 90 97 #SUP: 7576
36 90 100 #SUP: 3056
36 90 114 #SUP: 2400
38 41 90 #SUP: 4568
38 55 90 #SUP: 3080
38 63 90 #SUP: 2192
38 67 90 #SUP: 4424
38 71 90 #SUP: 4184
38 90 94 #SUP: 6632
38 90 97 #SUP: 6464
38 90 104 #SUP: 3480
38 90 120 #SUP: 3848
41 55 90 #SUP: 2840
41 67 90 #SUP: 3720
41 71 90 #SUP: 3528
41 90 94 #SUP: 5688
41 90 97 #SUP: 5232
41 90 104 #SUP: 3320
44 90 97 #SUP: 1112
53 55 90 #SUP: 672
53 90 94 #SUP: 1228
55 58 90 #SUP: 568
55 67 90 #SUP: 1972
55 71 90 #SUP: 1732
55 90 94 #SUP: 3352
55 90 97 #SUP: 2904
55 90 104 #SUP: 1856
55 90 114 #SUP: 696
55 90 120 #SUP: 1232
63 67 90 #SUP: 1440
63 71 90 #SUP: 1392
67 71 90 #SUP: 4226
67 90 97 #SUP: 4876
67 90 104 #SUP: 3664
67 90 120 #SUP: 2412
71 90 97 #SUP: 4636
71 90 104 #SUP: 3472
71 90 120 #SUP: 2388
90 94 114 #SUP: 2416
90 94 128 #SUP: 3160
90 97 104 #SUP: 3560
90 97 108 #SUP: 2096
90 97 120 #SUP: 3976
90 97 123 #SUP: 856
90 104 120 #SUP: 1560
1 5 12 90 #SUP: 546
1 5 13 90 #SUP: 568
1 5 31 90 #SUP: 1684
1 5 38 90 #SUP: 1404
1 5 41 90 #SUP: 1956
1 5 55 90 #SUP: 660
1 5 67 90 #SUP: 1764
1 5 71 90 #SUP: 1644
1 5 90 97 #SUP: 1904
1 5 90 104 #SUP: 1460
1 5 90 120 #SUP: 564
1 6 13 90 #SUP: 568
1 6 31 90 #SUP: 1588
1 6 38 90 #SUP: 1148
1 6 41 90 #SUP: 1604
1 6 67 90 #SUP: 1460
1 6 71 90 #SUP: 1340
1 6 90 97 #SUP: 1648
1 6 90 104 #SUP: 1108
1 6 90 120 #SUP: 564
1 12 41 90 #SUP: 1224
1 12 67 90 #SUP: 936
1 12 71 90 #SUP: 936
1 12 90 97 #SUP: 1008
1 12 90 104 #SUP: 664
1 13 31 90 #SUP: 1192
1 13 38 90 #SUP: 984
1 13 41 90 #SUP: 1192
1 13 55 90 #SUP: 456
1 13 67 90 #SUP: 1120
1 13 90 97 #SUP: 1216
1 24 31 90 #SUP: 1736
1 31 38 90 #SUP: 2304
1 31 41 90 #SUP: 3472
1 31 55 90 #SUP: 936
1 31 67 90 #SUP: 2980
1 31 71 90 #SUP: 2932
1 31 90 97 #SUP: 3160
1 31 90 104 #SUP: 2352
1 31 90 120 #SUP: 1120
1 36 90 94 #SUP: 4296
1 38 41 90 #SUP: 2864
1 38 55 90 #SUP: 1280
1 38 67 90 #SUP: 2992
1 38 90 104 #SUP: 2768
1 41 55 90 #SUP: 1424
1 41 67 90 #SUP: 3504
1 41 71 90 #SUP: 3312
1 41 90 97 #SUP: 3648
1 41 90 104 #SUP: 2960
1 44 90 97 #SUP: 1000
1 55 67 90 #SUP: 1444
1 55 71 90 #SUP: 1204
1 55 90 97 #SUP: 1112
1 55 90 104 #SUP: 1328
1 67 71 90 #SUP: 3194
1 67 90 97 #SUP: 3412
1 67 90 104 #SUP: 2992
1 67 90 120 #SUP: 1180
1 71 90 97 #SUP: 3172
1 71 90 104 #SUP: 2800
1 71 90 120 #SUP: 1156
1 90 97 108 #SUP: 1872
1 90 97 120 #SUP: 1200
2 5 90 94 #SUP: 1712
2 6 11 90 #SUP: 717
2 6 24 90 #SUP: 1250
2 6 36 90 #SUP: 1552
2 6 55 90 #SUP: 840
2 6 90 94 #SUP: 1558
2 6 90 114 #SUP: 604
2 7 90 114 #SUP: 604
2 11 24 90 #SUP: 1584
2 11 36 90 #SUP: 1728
2 11 55 90 #SUP: 888
2 11 90 94 #SUP: 1744
2 11 90 114 #SUP: 940
2 24 36 90 #SUP: 3280
2 24 55 90 #SUP: 1576
2 24 90 94 #SUP: 3296
2 24 90 114 #SUP: 1816
2 36 55 90 #SUP: 1888
2 36 90 94 #SUP: 3896
2 36 90 97 #SUP: 3808
2 36 90 114 #SUP: 1800
2 38 90 94 #SUP: 3816
2 55 90 94 #SUP: 1904
2 90 94 114 #SUP: 1816
3 55 90 104 #SUP: 442
5 11 90 94 #SUP: 1430
5 12 24 90 #SUP: 738
5 12 38 90 #SUP: 762
5 12 41 90 #SUP: 666
5 12 55 90 #SUP: 426
5 12 67 90 #SUP: 768
5 12 71 90 #SUP: 768
5 12 90 97 #SUP: 1048
5 12 90 104 #SUP: 562
5 12 90 120 #SUP: 492
5 13 24 90 #SUP: 512
5 13 31 90 #SUP: 524
5 13 38 90 #SUP: 788
5 13 41 90 #SUP: 544
5 13 67 90 #SUP: 700
5 13 71 90 #SUP: 652
5 13 90 94 #SUP: 884
5 13 90 97 #SUP: 900
5 13 90 120 #SUP: 518
5 24 31 90 #SUP: 748
5 24 38 90 #SUP: 1452
5 24 41 90 #SUP: 1324
5 24 55 90 #SUP: 1092
5 24 63 90 #SUP: 752
5 24 67 90 #SUP: 900
5 24 71 90 #SUP: 876
5 24 90 94 #SUP: 2132
5 24 90 97 #SUP: 2064
5 31 38 90 #SUP: 1060
5 31 90 97 #SUP: 1512
5 31 90 120 #SUP: 524
5 36 90 94 #SUP: 3740
5 38 41 90 #SUP: 2156
5 38 55 90 #SUP: 1436
5 38 63 90 #SUP: 720
5 38 67 90 #SUP: 1984
5 38 71 90 #SUP: 1864
5 38 90 94 #SUP: 2972
5 38 90 97 #SUP: 2920
5 38 90 104 #SUP: 1684
5 38 90 120 #SUP: 1584
5 41 55 90 #SUP: 1244
5 41 67 90 #SUP: 1720
5 41 71 90 #SUP: 1624
5 41 90 94 #SUP: 2716
5 41 90 97 #SUP: 2568
5 41 90 104 #SUP: 1524
5 44 90 97 #SUP: 560
5 53 90 94 #SUP: 538
5 55 67 90 #SUP: 916
5 55 71 90 #SUP: 796
5 55 90 94 #SUP: 1604
5 55 90 97 #SUP: 1456
5 55 90 104 #SUP: 868
5 55 90 120 #SUP: 576
5 63 67 90 #SUP: 472
5 63 71 90 #SUP: 448
5 67 71 90 #SUP: 1986
5 67 90 97 #SUP: 2316
5 67 90 104 #SUP: 1800
5 67 90 120 #SUP: 1036
5 71 90 97 #SUP: 2196
5 71 90 104 #SUP: 1704
5 71 90 120 #SUP: 1024
5 90 94 114 #SUP: 804
5 90 94 128 #SUP: 1562
5 90 97 104 #SUP: 1808
5 90 97 108 #SUP: 1076
5 90 97 120 #SUP: 1696
5 90 104 120 #SUP: 760
6 11 24 90 #SUP: 672
6 11 36 90 #SUP: 1315
6 11 55 90 #SUP: 603
6 11 90 94 #SUP: 1321
6 12 24 90 #SUP: 594
6 12 38 90 #SUP: 604
6 12 41 90 #SUP: 508
6 12 67 90 #SUP: 538
6 12 71 90 #SUP: 538
6 12 90 97 #SUP: 824
6 12 90 120 #SUP: 462
6 13 24 90 #SUP: 512
6 13 31 90 #SUP: 524
6 13 38 90 #SUP: 788
6 13 41 90 #SUP: 544
6 13 67 90 #SUP: 700
6 13 71 90 #SUP: 652
6 13 90 94 #SUP: 884
6 13 90 97 #SUP: 900
6 13 90 120 #SUP: 518
6 24 31 90 #SUP: 654
6 24 36 90 #SUP: 1838
6 24 38 90 #SUP: 1356
6 24 41 90 #SUP: 1228
6 24 55 90 #SUP: 806
6 24 90 94 #SUP: 1844
6 24 90 97 #SUP: 1874
6 24 90 114 #SUP: 630
6 31 36 90 #SUP: 1588
6 31 38 90 #SUP: 1096
6 31 41 90 #SUP: 1544
6 31 67 90 #SUP: 1354
6 31 71 90 #SUP: 1330
6 31 90 97 #SUP: 1516
6 31 90 104 #SUP: 1002
6 31 90 120 #SUP: 560
6 36 53 90 #SUP: 453
6 36 55 90 #SUP: 1092
6 36 90 94 #SUP: 3234
6 36 90 97 #SUP: 3108
6 36 90 100 #SUP: 1186
6 36 90 114 #SUP: 704
6 38 41 90 #SUP: 1936
6 38 55 90 #SUP: 1120
6 38 63 90 #SUP: 720
6 38 67 90 #SUP: 1668
6 38 71 90 #SUP: 1548
6 38 90 94 #SUP: 2656
6 38 90 97 #SUP: 2568
6 38 90 104 #SUP: 1368
6 38 90 120 #SUP: 1572
6 41 67 90 #SUP: 1452
6 41 71 90 #SUP: 1356
6 41 90 94 #SUP: 2400
6 41 90 97 #SUP: 2312
6 44 90 97 #SUP: 448
6 53 90 94 #SUP: 456
6 55 67 90 #SUP: 458
6 55 90 94 #SUP: 1098
6 55 90 97 #SUP: 1012
6 55 90 120 #SUP: 516
6 67 71 90 #SUP: 1552
6 67 90 97 #SUP: 1870
6 67 90 104 #SUP: 1342
6 67 90 120 #SUP: 976
6 71 90 97 #SUP: 1750
6 71 90 104 #SUP: 1246
6 71 90 120 #SUP: 964
6 90 94 114 #SUP: 710
6 90 94 128 #SUP: 1370
6 90 97 104 #SUP: 1362
6 90 97 108 #SUP: 852
6 90 97 120 #SUP: 1600
6 90 104 120 #SUP: 700
7 24 38 90 #SUP: 652
7 24 63 90 #SUP: 728
7 24 90 97 #SUP: 658
7 24 90 114 #SUP: 726
7 36 90 114 #SUP: 784
7 38 63 90 #SUP: 696
7 63 67 90 #SUP: 448
7 63 71 90 #SUP: 448
7 90 94 114 #SUP: 790
9 36 90 94 #SUP: 2460
11 13 90 94 #SUP: 972
11 24 36 90 #SUP: 1652
11 24 55 90 #SUP: 812
11 24 90 94 #SUP: 1668
11 24 90 114 #SUP: 980
11 31 36 90 #SUP: 1132
11 36 53 90 #SUP: 544
11 36 55 90 #SUP: 1516
11 36 90 94 #SUP: 3236
11 36 90 97 #SUP: 3064
11 36 90 114 #SUP: 1072
11 38 90 94 #SUP: 3220
11 53 90 94 #SUP: 552
11 55 90 94 #SUP: 1532
11 90 94 114 #SUP: 1088
12 13 24 90 #SUP: 760
12 13 38 90 #SUP: 724
12 13 67 90 #SUP: 564
12 13 71 90 #SUP: 564
12 13 90 97 #SUP: 816
12 24 38 90 #SUP: 1112
12 24 63 90 #SUP: 1200
12 24 67 90 #SUP: 1048
12 24 71 90 #SUP: 1048
12 24 90 97 #SUP: 1664
12 31 41 90 #SUP: 1004
12 36 90 94 #SUP: 2492
12 38 41 90 #SUP: 892
12 38 55 90 #SUP: 780
12 38 63 90 #SUP: 1152
12 38 67 90 #SUP: 1348
12 38 71 90 #SUP: 1348
12 38 90 97 #SUP: 1776
12 38 90 104 #SUP: 972
12 38 90 120 #SUP: 1236
12 41 55 90 #SUP: 748
12 41 67 90 #SUP: 1068
12 41 71 90 #SUP: 1068
12 41 90 97 #SUP: 1248
12 41 90 104 #SUP: 940
12 55 67 90 #SUP: 892
12 55 71 90 #SUP: 892
12 55 90 104 #SUP: 876
12 63 67 90 #SUP: 792
12 63 71 90 #SUP: 792
12 67 71 90 #SUP: 1320
12 67 90 97 #SUP: 1552
12 67 90 104 #SUP: 988
12 67 90 120 #SUP: 804
12 71 90 97 #SUP: 1552
12 71 90 104 #SUP: 988
12 71 90 120 #SUP: 804
12 90 97 104 #SUP: 1008
12 90 97 108 #SUP: 568
12 90 97 120 #SUP: 1264
12 90 104 120 #SUP: 444
13 24 31 90 #SUP: 576
13 24 38 90 #SUP: 1160
13 24 41 90 #SUP: 488
13 24 90 94 #SUP: 1272
13 24 90 97 #SUP: 1424
13 31 38 90 #SUP: 904
13 31 90 97 #SUP: 1136
13 31 90 120 #SUP: 476
13 36 90 94 #SUP: 2116
13 38 41 90 #SUP: 960
13 38 55 90 #SUP: 576
13 38 63 90 #SUP: 1120
13 38 67 90 #SUP: 1528
13 38 71 90 #SUP: 1432
13 38 90 94 #SUP: 1824
13 38 90 97 #SUP: 1920
13 38 90 104 #SUP: 1064
13 38 90 120 #SUP: 1356
13 41 90 94 #SUP: 1024
13 55 67 90 #SUP: 544
13 55 71 90 #SUP: 448
13 55 90 94 #SUP: 432
13 55 90 97 #SUP: 528
13 67 71 90 #SUP: 1292
13 67 90 97 #SUP: 1624
13 67 90 120 #SUP: 932
13 71 90 97 #SUP: 1528
13 71 90 120 #SUP: 932
13 90 94 114 #SUP: 1024
13 90 97 108 #SUP: 600
13 90 97 120 #SUP: 1400
16 36 90 94 #SUP: 2096
20 38 90 94 #SUP: 1500
22 36 90 97 #SUP: 1072
23 36 90 94 #SUP: 3376
24 31 36 90 #SUP: 1584
24 31 55 90 #SUP: 752
24 31 90 97 #SUP: 1472
24 36 39 90 #SUP: 1488
24 36 55 90 #SUP: 2072
24 36 90 94 #SUP: 4816
24 36 90 97 #SUP: 4496
24 36 90 114 #SUP: 2168
24 38 55 90 #SUP: 1824
24 38 90 94 #SUP: 3360
24 38 90 97 #SUP: 3488
24 41 55 90 #SUP: 1840
24 41 90 94 #SUP: 2672
24 41 90 97 #SUP: 2512
24 55 67 90 #SUP: 708
24 55 71 90 #SUP: 660
24 55 90 94 #SUP: 2088
24 55 90 97 #SUP: 1936
24 55 90 104 #SUP: 784
24 55 90 114 #SUP: 464
24 63 67 90 #SUP: 1248
24 63 71 90 #SUP: 1200
24 66 90 94 #SUP: 2384
24 67 71 90 #SUP: 1258
24 67 90 97 #SUP: 1940
24 71 90 97 #SUP: 1892
24 90 94 114 #SUP: 2184
24 90 94 128 #SUP: 1336
24 90 97 108 #SUP: 704
24 90 97 120 #SUP: 2744
24 90 97 123 #SUP: 848
31 36 39 90 #SUP: 1400
31 36 53 90 #SUP: 824
31 36 55 90 #SUP: 864
31 36 90 94 #SUP: 3608
31 36 90 97 #SUP: 3016
31 36 90 100 #SUP: 1328
31 38 41 90 #SUP: 2232
31 38 55 90 #SUP: 680
31 38 67 90 #SUP: 2360
31 38 90 97 #SUP: 2096
31 38 90 104 #SUP: 2136
31 38 90 120 #SUP: 1152
31 41 55 90 #SUP: 792
31 41 67 90 #SUP: 2872
31 41 71 90 #SUP: 2872
31 41 90 104 #SUP: 2328
31 55 63 90 #SUP: 752
31 55 67 90 #SUP: 820
31 55 71 90 #SUP: 772
31 55 90 97 #SUP: 456
31 55 90 104 #SUP: 704
31 67 71 90 #SUP: 2666
31 67 90 97 #SUP: 2620
31 67 90 104 #SUP: 2272
31 67 90 120 #SUP: 1156
31 71 90 97 #SUP: 2572
31 71 90 104 #SUP: 2272
31 71 90 120 #SUP: 1132
31 90 97 120 #SUP: 1136
36 38 90 94 #SUP: 6608
36 39 55 90 #SUP: 472
36 39 90 97 #SUP: 1304
36 41 90 94 #SUP: 5664
36 42 90 97 #SUP: 2536
36 50 90 94 #SUP: 1556
36 53 55 90 #SUP: 660
36 53 90 94 #SUP: 1216
36 53 90 97 #SUP: 944
36 55 58 90 #SUP: 544
36 55 90 94 #SUP: 3328
36 55 90 97 #SUP: 2712
36 55 90 114 #SUP: 672
36 57 90 94 #SUP: 3800
36 63 90 94 #SUP: 2288
36 67 90 94 #SUP: 5124
36 71 90 94 #SUP: 4884
36 79 90 94 #SUP: 4744
36 88 90 94 #SUP: 4640
36 90 94 97 #SUP: 7568
36 90 94 100 #SUP: 3048
36 90 94 104 #SUP: 3776
36 90 94 114 #SUP: 2392
36 90 94 120 #SUP: 3968
36 90 94 122 #SUP: 2404
36 90 94 128 #SUP: 3136
36 90 100 114 #SUP: 2032
38 41 55 90 #SUP: 2552
38 41 67 90 #SUP: 3064
38 41 71 90 #SUP: 2872
38 41 90 94 #SUP: 4376
38 41 90 97 #SUP: 4208
38 41 90 104 #SUP: 3032
38 41 90 120 #SUP: 1840
38 53 90 94 #SUP: 1020
38 55 67 90 #SUP: 1688
38 55 90 94 #SUP: 2888
38 55 90 97 #SUP: 2720
38 55 90 104 #SUP: 1464
38 55 90 120 #SUP: 1112
38 63 67 90 #SUP: 1296
38 63 71 90 #SUP: 1248
38 67 71 90 #SUP: 3680
38 67 90 97 #SUP: 4128
38 67 90 104 #SUP: 3320
38 67 90 120 #SUP: 2232
38 71 90 97 #SUP: 3888
38 71 90 104 #SUP: 3128
38 71 90 120 #SUP: 2208
38 90 94 114 #SUP: 2048
38 90 94 128 #SUP: 2968
38 90 97 104 #SUP: 3360
38 90 97 120 #SUP: 3760
38 90 104 120 #SUP: 1416
41 53 90 94 #SUP: 1008
41 55 67 90 #SUP: 1336
41 55 71 90 #SUP: 1144
41 55 90 94 #SUP: 2648
41 55 90 104 #SUP: 1304
41 67 71 90 #SUP: 3128
41 67 90 97 #SUP: 3280
41 67 90 104 #SUP: 3016
41 71 90 97 #SUP: 3088
41 71 90 104 #SUP: 2824
44 67 90 97 #SUP: 984
44 71 90 97 #SUP: 920
44 90 97 108 #SUP: 540
53 55 90 94 #SUP: 668
53 90 94 128 #SUP: 540
55 67 71 90 #SUP: 1642
55 67 90 97 #SUP: 1532
55 67 90 104 #SUP: 1696
55 67 90 120 #SUP: 516
55 71 90 97 #SUP: 1292
55 71 90 104 #SUP: 1504
55 71 90 120 #SUP: 492
55 90 94 114 #SUP: 688
55 90 97 120 #SUP: 1144
63 67 71 90 #SUP: 888
67 71 90 97 #SUP: 3858
67 71 90 104 #SUP: 3328
67 71 90 120 #SUP: 1902
67 90 97 104 #SUP: 3416
67 90 97 108 #SUP: 1840
67 90 97 120 #SUP: 2324
67 90 97 123 #SUP: 524
67 90 104 120 #SUP: 1488
71 90 97 104 #SUP: 3224
71 90 97 108 #SUP: 1744
71 90 97 120 #SUP: 2300
71 90 97 123 #SUP: 524
71 90 104 120 #SUP: 1488
90 97 104 120 #SUP: 1472
1 5 12 41 90 #SUP: 522
1 5 12 90 97 #SUP: 456
1 5 13 31 90 #SUP: 520
1 5 13 38 90 #SUP: 424
1 5 13 41 90 #SUP: 536
1 5 13 67 90 #SUP: 492
1 5 13 90 97 #SUP: 544
1 5 24 31 90 #SUP: 740
1 5 31 38 90 #SUP: 1052
1 5 31 41 90 #SUP: 1604
1 5 31 67 90 #SUP: 1364
1 5 31 71 90 #SUP: 1340
1 5 31 90 97 #SUP: 1504
1 5 31 90 104 #SUP: 1060
1 5 31 90 120 #SUP: 516
1 5 36 90 94 #SUP: 2036
1 5 38 41 90 #SUP: 1348
1 5 38 55 90 #SUP: 540
1 5 38 67 90 #SUP: 1400
1 5 38 90 104 #SUP: 1316
1 5 41 55 90 #SUP: 580
1 5 41 67 90 #SUP: 1648
1 5 41 71 90 #SUP: 1552
1 5 41 90 97 #SUP: 1776
1 5 41 90 104 #SUP: 1380
1 5 44 90 97 #SUP: 480
1 5 55 67 90 #SUP: 596
1 5 55 71 90 #SUP: 476
1 5 55 90 97 #SUP: 480
1 5 55 90 104 #SUP: 548
1 5 67 71 90 #SUP: 1486
1 5 67 90 97 #SUP: 1636
1 5 67 90 104 #SUP: 1408
1 5 67 90 120 #SUP: 552
1 5 71 90 97 #SUP: 1516
1 5 71 90 104 #SUP: 1312
1 5 71 90 120 #SUP: 540
1 5 90 97 108 #SUP: 916
1 5 90 97 120 #SUP: 556
1 6 13 31 90 #SUP: 520
1 6 13 38 90 #SUP: 424
1 6 13 41 90 #SUP: 536
1 6 13 67 90 #SUP: 492
1 6 13 90 97 #SUP: 544
1 6 24 31 90 #SUP: 644
1 6 31 38 90 #SUP: 1052
1 6 31 41 90 #SUP: 1508
1 6 31 67 90 #SUP: 1316
1 6 31 71 90 #SUP: 1292
1 6 31 90 97 #SUP: 1504
1 6 31 90 120 #SUP: 516
1 6 36 90 94 #SUP: 1684
1 6 38 41 90 #SUP: 1092
1 6 38 67 90 #SUP: 1144
1 6 38 90 104 #SUP: 1060
1 6 41 67 90 #SUP: 1344
1 6 41 90 97 #SUP: 1520
1 6 67 71 90 #SUP: 1206
1 6 67 90 97 #SUP: 1380
1 6 67 90 104 #SUP: 1104
1 6 67 90 120 #SUP: 552
1 6 71 90 97 #SUP: 1260
1 6 71 90 120 #SUP: 540
1 6 90 97 108 #SUP: 788
1 6 90 97 120 #SUP: 556
1 9 36 90 94 #SUP: 1700
1 11 36 90 94 #SUP: 1516
1 12 31 41 90 #SUP: 968
1 12 36 90 94 #SUP: 1080
1 12 41 55 90 #SUP: 712
1 12 41 67 90 #SUP: 888
1 12 41 71 90 #SUP: 888
1 12 41 90 97 #SUP: 960
1 12 67 71 90 #SUP: 772
1 12 67 90 97 #SUP: 752
1 12 67 90 104 #SUP: 584
1 12 71 90 97 #SUP: 752
1 12 71 90 104 #SUP: 584
1 12 90 97 108 #SUP: 456
1 13 24 31 90 #SUP: 560
1 13 31 38 90 #SUP: 888
1 13 31 41 90 #SUP: 1096
1 13 31 67 90 #SUP: 1024
1 13 31 71 90 #SUP: 1024
1 13 31 90 97 #SUP: 1120
1 13 31 90 120 #SUP: 460
1 13 36 90 94 #SUP: 1096
1 13 38 41 90 #SUP: 936
1 13 38 67 90 #SUP: 968
1 13 38 90 104 #SUP: 936
1 13 41 67 90 #SUP: 1048
1 13 41 90 97 #SUP: 1120
1 13 67 90 97 #SUP: 1064
1 13 90 97 108 #SUP: 536
1 24 31 41 90 #SUP: 1520
1 24 31 55 90 #SUP: 712
1 24 31 67 90 #SUP: 1028
1 24 31 71 90 #SUP: 980
1 24 31 90 97 #SUP: 1432
1 31 36 90 94 #SUP: 3496
1 31 38 41 90 #SUP: 2160
1 31 38 55 90 #SUP: 576
1 31 38 67 90 #SUP: 2288
1 31 38 90 104 #SUP: 2064
1 31 41 55 90 #SUP: 720
1 31 41 67 90 #SUP: 2800
1 31 41 71 90 #SUP: 2800
1 31 41 90 97 #SUP: 2944
1 31 41 90 104 #SUP: 2256
1 31 44 90 97 #SUP: 776
1 31 55 63 90 #SUP: 720
1 31 55 67 90 #SUP: 740
1 31 55 71 90 #SUP: 692
1 31 55 90 104 #SUP: 624
1 31 67 71 90 #SUP: 2586
1 31 67 90 97 #SUP: 2612
1 31 67 90 104 #SUP: 2192
1 31 67 90 120 #SUP: 1084
1 31 71 90 97 #SUP: 2564
1 31 71 90 104 #SUP: 2192
1 31 71 90 120 #SUP: 1060
1 31 90 97 108 #SUP: 1472
1 31 90 97 120 #SUP: 1104
1 36 38 90 94 #SUP: 2816
1 36 41 90 94 #SUP: 3984
1 36 50 90 94 #SUP: 916
1 36 53 90 94 #SUP: 980
1 36 55 90 94 #SUP: 1448
1 36 57 90 94 #SUP: 1944
1 36 67 90 94 #SUP: 3588
1 36 71 90 94 #SUP: 3348
1 36 79 90 94 #SUP: 3032
1 36 88 90 94 #SUP: 2960
1 36 90 94 97 #SUP: 3768
1 36 90 94 104 #SUP: 2960
1 36 90 94 120 #SUP: 1120
1 36 90 94 128 #SUP: 1880
1 38 41 55 90 #SUP: 1136
1 38 41 67 90 #SUP: 2848
1 38 41 90 104 #SUP: 2672
1 38 55 67 90 #SUP: 1264
1 38 55 90 104 #SUP: 1040
1 38 67 71 90 #SUP: 2752
1 38 67 90 97 #SUP: 2768
1 38 67 90 104 #SUP: 2752
1 41 44 90 97 #SUP: 944
1 41 55 67 90 #SUP: 1264
1 41 55 71 90 #SUP: 1072
1 41 55 90 104 #SUP: 1232
1 41 67 71 90 #SUP: 2984
1 41 67 90 97 #SUP: 3136
1 41 67 90 104 #SUP: 2800
1 41 71 90 97 #SUP: 2944
1 41 71 90 104 #SUP: 2608
1 41 90 97 108 #SUP: 1776
1 44 67 90 97 #SUP: 872
1 44 71 90 97 #SUP: 808
1 44 90 97 108 #SUP: 484
1 55 67 71 90 #SUP: 1114
1 55 67 90 97 #SUP: 1076
1 55 67 90 104 #SUP: 1168
1 55 71 90 97 #SUP: 836
1 55 71 90 104 #SUP: 976
1 67 71 90 97 #SUP: 2898
1 67 71 90 104 #SUP: 2728
1 67 71 90 120 #SUP: 1138
1 67 90 97 104 #SUP: 2816
1 67 90 97 108 #SUP: 1616
1 67 90 97 120 #SUP: 1164
1 71 90 97 108 #SUP: 1520
1 71 90 97 120 #SUP: 1140
2 5 24 90 94 #SUP: 1440
2 5 36 90 94 #SUP: 1704
2 5 38 90 94 #SUP: 1616
2 5 55 90 94 #SUP: 992
2 6 11 24 90 #SUP: 634
2 6 11 36 90 #SUP: 709
2 6 11 55 90 #SUP: 429
2 6 11 90 94 #SUP: 715
2 6 24 36 90 #SUP: 1242
2 6 24 55 90 #SUP: 674
2 6 24 90 114 #SUP: 602
2 6 36 55 90 #SUP: 832
2 6 36 90 94 #SUP: 1550
2 6 36 90 97 #SUP: 1508
2 6 36 90 114 #SUP: 596
2 6 38 90 94 #SUP: 1556
2 6 55 90 94 #SUP: 838
2 6 90 94 114 #SUP: 602
2 7 24 90 114 #SUP: 602
2 7 36 90 114 #SUP: 596
2 7 90 94 114 #SUP: 602
2 11 24 36 90 #SUP: 1560
2 11 24 55 90 #SUP: 720
2 11 24 90 114 #SUP: 936
2 11 36 55 90 #SUP: 864
2 11 36 90 94 #SUP: 1720
2 11 36 90 97 #SUP: 1668
2 11 36 90 114 #SUP: 916
2 11 38 90 94 #SUP: 1740
2 11 55 90 94 #SUP: 880
2 11 90 94 114 #SUP: 932
2 12 36 90 94 #SUP: 1412
2 13 38 90 94 #SUP: 1032
2 24 36 55 90 #SUP: 1552
2 24 36 90 94 #SUP: 3272
2 24 36 90 97 #SUP: 3256
2 24 36 90 114 #SUP: 1792
2 24 38 90 94 #SUP: 3200
2 24 55 90 94 #SUP: 1568
2 24 90 94 128 #SUP: 1280
2 36 38 90 94 #SUP: 3792
2 36 42 90 97 #SUP: 2224
2 36 55 90 94 #SUP: 1880
2 36 55 90 97 #SUP: 1792
2 36 57 90 94 #SUP: 1856
2 36 67 90 94 #SUP: 1536
2 36 71 90 94 #SUP: 1536
2 36 79 90 94 #SUP: 1712
2 36 88 90 94 #SUP: 1680
2 36 90 94 97 #SUP: 3800
2 36 90 94 114 #SUP: 1792
2 36 90 94 120 #SUP: 2848
2 38 41 90 94 #SUP: 1704
2 38 55 90 94 #SUP: 1800
3 41 55 90 104 #SUP: 440
5 9 36 90 94 #SUP: 1228
5 11 24 90 94 #SUP: 670
5 11 36 90 94 #SUP: 1422
5 11 38 90 94 #SUP: 1418
5 11 55 90 94 #SUP: 710
5 12 24 67 90 #SUP: 440
5 12 24 71 90 #SUP: 440
5 12 24 90 97 #SUP: 688
5 12 36 90 94 #SUP: 1090
5 12 38 67 90 #SUP: 544
5 12 38 71 90 #SUP: 544
5 12 38 90 97 #SUP: 720
5 12 38 90 104 #SUP: 442
5 12 38 90 120 #SUP: 444
5 12 41 67 90 #SUP: 440
5 12 41 71 90 #SUP: 440
5 12 41 90 97 #SUP: 576
5 12 67 71 90 #SUP: 584
5 12 67 90 97 #SUP: 704
5 12 67 90 104 #SUP: 464
5 12 71 90 97 #SUP: 704
5 12 71 90 104 #SUP: 464
5 12 90 97 104 #SUP: 504
5 12 90 97 120 #SUP: 488
5 13 24 90 94 #SUP: 464
5 13 24 90 97 #SUP: 500
5 13 31 90 97 #SUP: 500
5 13 36 90 94 #SUP: 880
5 13 38 67 90 #SUP: 628
5 13 38 71 90 #SUP: 580
5 13 38 90 94 #SUP: 740
5 13 38 90 97 #SUP: 756
5 13 38 90 104 #SUP: 472
5 13 38 90 120 #SUP: 502
5 13 41 90 94 #SUP: 496
5 13 67 71 90 #SUP: 544
5 13 67 90 97 #SUP: 680
5 13 71 90 97 #SUP: 632
5 13 90 97 120 #SUP: 516
5 16 36 90 94 #SUP: 1048
5 20 38 90 94 #SUP: 596
5 23 36 90 94 #SUP: 1616
5 24 31 90 97 #SUP: 648
5 24 36 90 94 #SUP: 2124
5 24 38 55 90 #SUP: 876
5 24 38 90 94 #SUP: 1404
5 24 38 90 97 #SUP: 1432
5 24 41 55 90 #SUP: 812
5 24 41 90 94 #SUP: 1276
5 24 41 90 97 #SUP: 1208
5 24 55 90 94 #SUP: 1044
5 24 55 90 97 #SUP: 976
5 24 66 90 94 #SUP: 1008
5 24 67 71 90 #SUP: 574
5 24 67 90 97 #SUP: 852
5 24 71 90 97 #SUP: 828
5 24 90 94 114 #SUP: 724
5 24 90 94 128 #SUP: 650
5 24 90 97 120 #SUP: 1080
5 31 36 90 94 #SUP: 1644
5 31 38 90 97 #SUP: 976
5 31 38 90 120 #SUP: 500
5 31 90 97 120 #SUP: 516
5 36 38 90 94 #SUP: 2964
5 36 41 90 94 #SUP: 2708
5 36 50 90 94 #SUP: 782
5 36 53 90 94 #SUP: 534
5 36 55 90 94 #SUP: 1596
5 36 57 90 94 #SUP: 1940
5 36 63 90 94 #SUP: 768
5 36 67 90 94 #SUP: 2396
5 36 71 90 94 #SUP: 2276
5 36 79 90 94 #SUP: 2184
5 36 88 90 94 #SUP: 2152
5 36 90 94 97 #SUP: 3552
5 36 90 94 100 #SUP: 1184
5 36 90 94 104 #SUP: 1876
5 36 90 94 114 #SUP: 796
5 36 90 94 120 #SUP: 1680
5 36 90 94 122 #SUP: 1136
5 36 90 94 128 #SUP: 1554
5 38 41 55 90 #SUP: 1148
5 38 41 67 90 #SUP: 1416
5 38 41 71 90 #SUP: 1320
5 38 41 90 94 #SUP: 2108
5 38 41 90 97 #SUP: 2056
5 38 41 90 104 #SUP: 1428
5 38 41 90 120 #SUP: 860
5 38 53 90 94 #SUP: 466
5 38 55 67 90 #SUP: 760
5 38 55 90 94 #SUP: 1388
5 38 55 90 97 #SUP: 1336
5 38 55 90 104 #SUP: 676
5 38 55 90 120 #SUP: 504
5 38 63 67 90 #SUP: 424
5 38 67 71 90 #SUP: 1684
5 38 67 90 97 #SUP: 1904
5 38 67 90 104 #SUP: 1608
5 38 67 90 120 #SUP: 928
5 38 71 90 97 #SUP: 1784
5 38 71 90 104 #SUP: 1512
5 38 71 90 120 #SUP: 916
5 38 90 94 114 #SUP: 684
5 38 90 94 128 #SUP: 1418
5 38 90 97 104 #SUP: 1664
5 38 90 97 120 #SUP: 1576
5 38 90 104 120 #SUP: 664
5 41 53 90 94 #SUP: 452
5 41 55 90 94 #SUP: 1196
5 41 67 71 90 #SUP: 1436
5 41 67 90 97 #SUP: 1592
5 41 67 90 104 #SUP: 1400
5 41 71 90 97 #SUP: 1496
5 41 71 90 104 #SUP: 1304
5 44 67 90 97 #SUP: 496
5 44 71 90 97 #SUP: 464
5 55 67 71 90 #SUP: 766
5 55 67 90 97 #SUP: 788
5 55 67 90 104 #SUP: 816
5 55 71 90 97 #SUP: 668
5 55 71 90 104 #SUP: 720
5 55 90 97 120 #SUP: 568
5 67 71 90 97 #SUP: 1882
5 67 71 90 104 #SUP: 1644
5 67 71 90 120 #SUP: 856
5 67 90 97 104 #SUP: 1736
5 67 90 97 108 #SUP: 948
5 67 90 97 120 #SUP: 1028
5 67 90 104 120 #SUP: 724
5 71 90 97 104 #SUP: 1640
5 71 90 97 108 #SUP: 900
5 71 90 97 120 #SUP: 1016
5 71 90 104 120 #SUP: 724
5 90 97 104 120 #SUP: 752
6 11 24 36 90 #SUP: 664
6 11 24 90 94 #SUP: 670
6 11 31 36 90 #SUP: 535
6 11 36 55 90 #SUP: 595
6 11 36 90 94 #SUP: 1313
6 11 36 90 97 #SUP: 1247
6 11 38 90 94 #SUP: 1308
6 11 55 90 94 #SUP: 601
6 12 24 90 97 #SUP: 592
6 12 36 90 94 #SUP: 836
6 12 38 90 97 #SUP: 544
6 12 38 90 120 #SUP: 438
6 12 41 90 97 #SUP: 448
6 12 67 90 97 #SUP: 480
6 12 71 90 97 #SUP: 480
6 12 90 97 120 #SUP: 440
6 13 24 90 94 #SUP: 464
6 13 24 90 97 #SUP: 500
6 13 31 90 97 #SUP: 500
6 13 36 90 94 #SUP: 880
6 13 38 67 90 #SUP: 628
6 13 38 71 90 #SUP: 580
6 13 38 90 94 #SUP: 740
6 13 38 90 97 #SUP: 756
6 13 38 90 104 #SUP: 472
6 13 38 90 120 #SUP: 502
6 13 41 90 94 #SUP: 496
6 13 67 71 90 #SUP: 544
6 13 67 90 97 #SUP: 680
6 13 71 90 97 #SUP: 632
6 13 90 97 120 #SUP: 516
6 16 36 90 94 #SUP: 936
6 20 38 90 94 #SUP: 596
6 23 36 90 94 #SUP: 1398
6 24 31 36 90 #SUP: 606
6 24 31 90 97 #SUP: 650
6 24 36 55 90 #SUP: 750
6 24 36 90 94 #SUP: 1836
6 24 36 90 97 #SUP: 1826
6 24 36 90 114 #SUP: 622
6 24 38 55 90 #SUP: 780
6 24 38 90 94 #SUP: 1308
6 24 38 90 97 #SUP: 1336
6 24 41 90 94 #SUP: 1180
6 24 41 90 97 #SUP: 1208
6 24 55 90 94 #SUP: 756
6 24 55 90 97 #SUP: 786
6 24 67 90 97 #SUP: 660
6 24 71 90 97 #SUP: 636
6 24 90 94 114 #SUP: 628
6 24 90 97 120 #SUP: 984
6 31 36 90 94 #SUP: 1586
6 31 36 90 97 #SUP: 1468
6 31 36 90 100 #SUP: 610
6 31 38 41 90 #SUP: 1032
6 31 38 67 90 #SUP: 1084
6 31 38 90 97 #SUP: 976
6 31 38 90 104 #SUP: 1000
6 31 38 90 120 #SUP: 536
6 31 41 67 90 #SUP: 1284
6 31 41 71 90 #SUP: 1284
6 31 67 71 90 #SUP: 1196
6 31 67 90 97 #SUP: 1238
6 31 67 90 120 #SUP: 540
6 31 71 90 97 #SUP: 1214
6 31 71 90 120 #SUP: 528
6 31 90 97 120 #SUP: 516
6 36 38 90 94 #SUP: 2648
6 36 39 90 97 #SUP: 588
6 36 41 90 94 #SUP: 2392
6 36 42 90 97 #SUP: 844
6 36 53 90 94 #SUP: 452
6 36 55 90 94 #SUP: 1090
6 36 55 90 97 #SUP: 964
6 36 57 90 94 #SUP: 1786
6 36 67 90 94 #SUP: 1938
6 36 71 90 94 #SUP: 1818
6 36 79 90 94 #SUP: 1678
6 36 88 90 94 #SUP: 1646
6 36 90 94 97 #SUP: 3106
6 36 90 94 100 #SUP: 1184
6 36 90 94 104 #SUP: 1370
6 36 90 94 114 #SUP: 702
6 36 90 94 120 #SUP: 1620
6 36 90 94 122 #SUP: 930
6 36 90 94 128 #SUP: 1362
6 36 90 100 114 #SUP: 674
6 38 41 55 90 #SUP: 928
6 38 41 67 90 #SUP: 1196
6 38 41 71 90 #SUP: 1100
6 38 41 90 94 #SUP: 1888
6 38 41 90 97 #SUP: 1800
6 38 41 90 104 #SUP: 1208
6 38 41 90 120 #SUP: 896
6 38 55 67 90 #SUP: 444
6 38 55 90 94 #SUP: 1072
6 38 55 90 97 #SUP: 984
6 38 55 90 120 #SUP: 492
6 38 63 67 90 #SUP: 424
6 38 67 71 90 #SUP: 1368
6 38 67 90 97 #SUP: 1552
6 38 67 90 104 #SUP: 1292
6 38 67 90 120 #SUP: 916
6 38 71 90 97 #SUP: 1432
6 38 71 90 104 #SUP: 1196
6 38 71 90 120 #SUP: 904
6 38 90 94 114 #SUP: 684
6 38 90 94 128 #SUP: 1322
6 38 90 97 104 #SUP: 1312
6 38 90 97 120 #SUP: 1528
6 38 90 104 120 #SUP: 652
6 41 67 71 90 #SUP: 1192
6 41 67 90 97 #SUP: 1336
6 41 71 90 97 #SUP: 1240
6 55 90 97 120 #SUP: 472
6 67 71 90 97 #SUP: 1436
6 67 71 90 104 #SUP: 1210
6 67 71 90 120 #SUP: 796
6 67 90 97 104 #SUP: 1290
6 67 90 97 108 #SUP: 724
6 67 90 97 120 #SUP: 932
6 67 90 104 120 #SUP: 664
6 71 90 97 104 #SUP: 1194
6 71 90 97 108 #SUP: 676
6 71 90 97 120 #SUP: 920
6 71 90 104 120 #SUP: 664
6 90 97 104 120 #SUP: 656
7 24 36 90 114 #SUP: 718
7 24 90 94 114 #SUP: 724
7 24 90 97 120 #SUP: 632
7 36 90 94 114 #SUP: 782
7 36 90 100 114 #SUP: 674
7 38 90 94 114 #SUP: 668
9 16 36 90 94 #SUP: 1020
9 24 36 90 94 #SUP: 1548
9 31 36 90 94 #SUP: 1668
9 36 41 90 94 #SUP: 2168
9 36 50 90 94 #SUP: 672
9 36 67 90 94 #SUP: 1450
9 36 71 90 94 #SUP: 1450
9 36 79 90 94 #SUP: 1236
9 36 88 90 94 #SUP: 1184
9 36 90 94 97 #SUP: 2316
9 36 90 94 104 #SUP: 1248
11 13 36 90 94 #SUP: 960
11 13 38 90 94 #SUP: 948
11 13 90 94 114 #SUP: 524
11 20 38 90 94 #SUP: 756
11 24 36 55 90 #SUP: 788
11 24 36 90 94 #SUP: 1644
11 24 36 90 97 #SUP: 1620
11 24 36 90 114 #SUP: 956
11 24 38 90 94 #SUP: 1632
11 24 55 90 94 #SUP: 804
11 24 90 94 114 #SUP: 972
11 31 36 90 94 #SUP: 1124
11 31 36 90 97 #SUP: 976
11 36 38 90 94 #SUP: 3196
11 36 42 90 97 #SUP: 1104
11 36 53 90 94 #SUP: 540
11 36 53 90 97 #SUP: 448
11 36 55 90 94 #SUP: 1508
11 36 55 90 97 #SUP: 1336
11 36 57 90 94 #SUP: 1612
11 36 67 90 94 #SUP: 2090
11 36 71 90 94 #SUP: 1850
11 36 79 90 94 #SUP: 1500
11 36 88 90 94 #SUP: 1448
11 36 90 94 97 #SUP: 3056
11 36 90 94 104 #SUP: 1504
11 36 90 94 114 #SUP: 1064
11 36 90 94 120 #SUP: 1804
11 36 90 100 114 #SUP: 1020
11 38 41 90 94 #SUP: 2164
11 38 53 90 94 #SUP: 512
11 38 55 90 94 #SUP: 1492
11 38 90 94 114 #SUP: 1048
11 38 90 94 128 #SUP: 1484
12 13 24 38 90 #SUP: 632
12 13 24 90 97 #SUP: 752
12 13 36 90 94 #SUP: 660
12 13 38 63 90 #SUP: 648
12 13 38 67 90 #SUP: 500
12 13 38 71 90 #SUP: 500
12 13 38 90 97 #SUP: 688
12 13 38 90 120 #SUP: 562
12 13 67 71 90 #SUP: 424
12 13 67 90 97 #SUP: 536
12 13 71 90 97 #SUP: 536
12 23 36 90 94 #SUP: 868
12 24 36 90 94 #SUP: 1624
12 24 38 90 97 #SUP: 1104
12 24 55 90 104 #SUP: 440
12 24 63 67 90 #SUP: 696
12 24 63 71 90 #SUP: 696
12 24 67 71 90 #SUP: 668
12 24 67 90 97 #SUP: 976
12 24 71 90 97 #SUP: 976
12 24 90 97 120 #SUP: 1008
12 31 41 55 90 #SUP: 492
12 31 41 67 90 #SUP: 668
12 31 41 71 90 #SUP: 668
12 36 38 90 94 #SUP: 1740
12 36 41 90 94 #SUP: 1356
12 36 55 90 94 #SUP: 780
12 36 67 90 94 #SUP: 1580
12 36 71 90 94 #SUP: 1580
12 36 79 90 94 #SUP: 2004
12 36 88 90 94 #SUP: 2004
12 36 90 94 97 #SUP: 2192
12 36 90 94 100 #SUP: 1472
12 36 90 94 104 #SUP: 1020
12 36 90 94 114 #SUP: 1128
12 36 90 94 120 #SUP: 1212
12 36 90 94 128 #SUP: 436
12 38 41 55 90 #SUP: 604
12 38 41 67 90 #SUP: 740
12 38 41 71 90 #SUP: 740
12 38 41 90 104 #SUP: 796
12 38 55 90 104 #SUP: 684
12 38 63 67 90 #SUP: 720
12 38 63 71 90 #SUP: 720
12 38 67 71 90 #SUP: 1060
12 38 67 90 97 #SUP: 1200
12 38 67 90 104 #SUP: 820
12 38 67 90 120 #SUP: 732
12 38 71 90 97 #SUP: 1200
12 38 71 90 104 #SUP: 820
12 38 71 90 120 #SUP: 732
12 38 90 97 104 #SUP: 912
12 38 90 97 120 #SUP: 1192
12 41 55 67 90 #SUP: 668
12 41 55 71 90 #SUP: 668
12 41 55 90 104 #SUP: 652
12 41 67 71 90 #SUP: 832
12 41 67 90 97 #SUP: 848
12 41 67 90 104 #SUP: 716
12 41 71 90 97 #SUP: 848
12 41 71 90 104 #SUP: 716
12 55 67 71 90 #SUP: 856
12 55 67 90 104 #SUP: 796
12 55 71 90 104 #SUP: 796
12 63 67 71 90 #SUP: 540
12 67 71 90 97 #SUP: 1136
12 67 71 90 104 #SUP: 880
12 67 71 90 120 #SUP: 552
12 67 90 97 104 #SUP: 864
12 67 90 97 108 #SUP: 440
12 67 90 97 120 #SUP: 760
12 71 90 97 104 #SUP: 864
12 71 90 97 108 #SUP: 440
12 71 90 97 120 #SUP: 760
13 24 31 90 97 #SUP: 560
13 24 36 90 94 #SUP: 1260
13 24 38 90 94 #SUP: 968
13 24 38 90 97 #SUP: 1120
13 24 67 90 97 #SUP: 824
13 24 71 90 97 #SUP: 824
13 24 90 94 114 #SUP: 968
13 24 90 97 120 #SUP: 1048
13 24 90 97 123 #SUP: 528
13 31 36 90 94 #SUP: 1016
13 31 38 90 97 #SUP: 832
13 31 38 90 120 #SUP: 428
13 31 90 97 120 #SUP: 472
13 36 38 90 94 #SUP: 1812
13 36 41 90 94 #SUP: 1012
13 36 67 90 94 #SUP: 1488
13 36 71 90 94 #SUP: 1392
13 36 79 90 94 #SUP: 1248
13 36 88 90 94 #SUP: 1184
13 36 90 94 97 #SUP: 2032
13 36 90 94 100 #SUP: 1232
13 36 90 94 114 #SUP: 1012
13 36 90 94 120 #SUP: 1308
13 38 41 90 94 #SUP: 768
13 38 55 67 90 #SUP: 520
13 38 55 90 97 #SUP: 480
13 38 55 90 104 #SUP: 488
13 38 63 67 90 #SUP: 672
13 38 63 71 90 #SUP: 672
13 38 67 71 90 #SUP: 1216
13 38 67 90 97 #SUP: 1472
13 38 67 90 104 #SUP: 1048
13 38 67 90 120 #SUP: 908
13 38 71 90 97 #SUP: 1376
13 38 71 90 120 #SUP: 908
13 38 90 94 114 #SUP: 976
13 38 90 94 128 #SUP: 912
13 38 90 97 120 #SUP: 1352
13 55 67 71 90 #SUP: 436
13 55 67 90 97 #SUP: 488
13 67 71 90 97 #SUP: 1236
13 67 71 90 120 #SUP: 704
13 67 90 97 108 #SUP: 536
13 67 90 97 120 #SUP: 928
13 71 90 97 108 #SUP: 488
13 71 90 97 120 #SUP: 928
16 24 36 90 94 #SUP: 1416
16 36 38 90 94 #SUP: 1408
16 36 41 90 94 #SUP: 1984
16 36 50 90 94 #SUP: 596
16 36 55 90 94 #SUP: 912
16 36 57 90 94 #SUP: 1392
16 36 67 90 94 #SUP: 1072
16 36 71 90 94 #SUP: 1072
16 36 79 90 94 #SUP: 1064
16 36 88 90 94 #SUP: 1064
16 36 90 94 97 #SUP: 1944
16 36 90 94 104 #SUP: 936
16 36 90 94 120 #SUP: 720
20 36 38 90 94 #SUP: 1494
20 38 41 90 94 #SUP: 636
20 38 90 94 114 #SUP: 924
20 38 90 94 128 #SUP: 876
22 36 55 90 97 #SUP: 1024
22 36 90 94 97 #SUP: 1064
23 36 38 90 94 #SUP: 3272
23 36 53 90 94 #SUP: 976
23 36 67 90 94 #SUP: 3232
23 36 71 90 94 #SUP: 3040
23 36 79 90 94 #SUP: 2128
23 36 88 90 94 #SUP: 2128
23 36 90 94 104 #SUP: 3184
24 31 36 39 90 #SUP: 1392
24 31 36 55 90 #SUP: 560
24 31 36 90 94 #SUP: 1576
24 31 36 90 97 #SUP: 1280
24 31 55 63 90 #SUP: 560
24 31 55 90 97 #SUP: 448
24 36 38 90 94 #SUP: 3336
24 36 39 55 90 #SUP: 464
24 36 39 90 97 #SUP: 1200
24 36 41 90 94 #SUP: 2648
24 36 42 90 97 #SUP: 2176
24 36 50 90 94 #SUP: 868
24 36 55 90 94 #SUP: 2064
24 36 55 90 97 #SUP: 1744
24 36 55 90 114 #SUP: 440
24 36 63 90 94 #SUP: 2096
24 36 66 90 94 #SUP: 2360
24 36 67 90 94 #SUP: 1892
24 36 70 90 94 #SUP: 2304
24 36 71 90 94 #SUP: 1844
24 36 79 90 94 #SUP: 2616
24 36 88 90 94 #SUP: 2512
24 36 90 94 97 #SUP: 4488
24 36 90 94 114 #SUP: 2160
24 36 90 94 128 #SUP: 1312
24 36 90 97 100 #SUP: 2864
24 38 41 55 90 #SUP: 1552
24 38 55 90 94 #SUP: 1632
24 38 55 90 97 #SUP: 1760
24 38 63 90 97 #SUP: 2000
24 38 67 90 97 #SUP: 1296
24 38 71 90 97 #SUP: 1248
24 38 90 94 114 #SUP: 1824
24 38 90 94 128 #SUP: 1240
24 38 90 97 120 #SUP: 2624
24 41 55 90 94 #SUP: 1648
24 55 66 90 94 #SUP: 1520
24 55 67 71 90 #SUP: 570
24 55 67 90 97 #SUP: 564
24 55 67 90 104 #SUP: 624
24 55 71 90 97 #SUP: 516
24 55 71 90 104 #SUP: 624
24 55 90 94 114 #SUP: 456
24 55 90 94 128 #SUP: 760
24 55 90 97 120 #SUP: 1016
24 63 67 71 90 #SUP: 696
24 66 90 94 114 #SUP: 1088
24 67 71 90 97 #SUP: 1186
24 67 90 97 108 #SUP: 448
24 67 90 97 120 #SUP: 1164
24 67 90 97 123 #SUP: 516
24 71 90 97 108 #SUP: 448
24 71 90 97 120 #SUP: 1140
24 71 90 97 123 #SUP: 516
24 90 97 120 123 #SUP: 744
31 36 38 90 94 #SUP: 2216
31 36 39 90 97 #SUP: 1112
31 36 41 90 94 #SUP: 3352
31 36 53 90 94 #SUP: 820
31 36 53 90 97 #SUP: 560
31 36 55 90 94 #SUP: 856
31 36 55 90 114 #SUP: 648
31 36 57 90 94 #SUP: 1928
31 36 67 90 94 #SUP: 2868
31 36 71 90 94 #SUP: 2820
31 36 79 90 94 #SUP: 2344
31 36 88 90 94 #SUP: 2240
31 36 90 94 97 #SUP: 3008
31 36 90 94 100 #SUP: 1320
31 36 90 94 104 #SUP: 2240
31 36 90 94 120 #SUP: 1128
31 38 41 55 90 #SUP: 504
31 38 41 90 104 #SUP: 2040
31 38 55 63 90 #SUP: 464
31 38 55 67 90 #SUP: 632
31 38 67 71 90 #SUP: 2312
31 38 67 90 120 #SUP: 1120
31 38 90 97 120 #SUP: 1064
31 41 55 67 90 #SUP: 632
31 41 55 71 90 #SUP: 632
31 41 55 90 104 #SUP: 600
31 41 67 71 90 #SUP: 2544
31 41 67 90 104 #SUP: 2168
31 41 71 90 104 #SUP: 2168
31 55 67 71 90 #SUP: 682
31 55 67 90 104 #SUP: 544
31 55 71 90 104 #SUP: 544
31 67 71 90 97 #SUP: 2298
31 67 71 90 104 #SUP: 2200
31 67 71 90 120 #SUP: 1114
36 38 41 90 94 #SUP: 4352
36 38 53 90 94 #SUP: 1008
36 38 55 90 94 #SUP: 2864
36 38 57 90 94 #SUP: 3528
36 38 63 90 94 #SUP: 2000
36 38 67 90 94 #SUP: 4232
36 38 71 90 94 #SUP: 3992
36 38 79 90 94 #SUP: 3160
36 38 88 90 94 #SUP: 3128
36 38 90 94 97 #SUP: 6272
36 38 90 94 104 #SUP: 3288
36 38 90 94 114 #SUP: 2024
36 38 90 94 120 #SUP: 3752
36 38 90 94 121 #SUP: 1712
36 38 90 94 122 #SUP: 1092
36 38 90 94 125 #SUP: 1144
36 38 90 94 128 #SUP: 2944
36 39 79 90 94 #SUP: 1584
36 41 50 90 94 #SUP: 1376
36 41 53 90 94 #SUP: 996
36 41 55 90 94 #SUP: 2624
36 41 67 90 94 #SUP: 3528
36 41 71 90 94 #SUP: 3336
36 41 79 90 94 #SUP: 3080
36 41 88 90 94 #SUP: 3080
36 41 90 94 97 #SUP: 5040
36 41 90 94 104 #SUP: 3128
36 41 90 94 122 #SUP: 2276
36 42 55 90 97 #SUP: 712
36 42 90 94 97 #SUP: 2528
36 42 90 97 114 #SUP: 1848
36 44 90 94 97 #SUP: 1048
36 46 90 94 97 #SUP: 796
36 47 55 90 94 #SUP: 752
36 50 55 90 94 #SUP: 740
36 50 67 90 94 #SUP: 900
36 50 71 90 94 #SUP: 824
36 50 79 90 94 #SUP: 836
36 50 88 90 94 #SUP: 836
36 50 90 94 97 #SUP: 1460
36 50 90 94 104 #SUP: 856
36 50 90 94 122 #SUP: 608
36 53 55 90 94 #SUP: 656
36 53 57 90 94 #SUP: 712
36 53 67 90 94 #SUP: 1024
36 53 71 90 94 #SUP: 948
36 53 79 90 94 #SUP: 852
36 53 88 90 94 #SUP: 748
36 53 90 94 97 #SUP: 940
36 53 90 94 104 #SUP: 992
36 53 90 94 120 #SUP: 478
36 53 90 94 128 #SUP: 528
36 55 57 90 94 #SUP: 1688
36 55 58 90 97 #SUP: 520
36 55 67 90 94 #SUP: 1780
36 55 71 90 94 #SUP: 1540
36 55 79 90 94 #SUP: 1896
36 55 88 90 94 #SUP: 1792
36 55 90 94 97 #SUP: 2704
36 55 90 94 104 #SUP: 1664
36 55 90 94 114 #SUP: 664
36 55 90 94 120 #SUP: 1136
36 55 90 94 122 #SUP: 1236
36 56 90 94 97 #SUP: 4864
36 57 67 90 94 #SUP: 2308
36 57 71 90 94 #SUP: 2308
36 57 79 90 94 #SUP: 1336
36 57 90 94 97 #SUP: 3680
36 57 90 94 104 #SUP: 2432
36 57 90 94 120 #SUP: 2008
36 57 90 94 128 #SUP: 2456
36 63 67 90 94 #SUP: 1248
36 63 79 90 94 #SUP: 1328
36 63 88 90 94 #SUP: 1296
36 63 90 94 114 #SUP: 2240
36 67 71 90 94 #SUP: 4034
36 67 79 90 94 #SUP: 3444
36 67 88 90 94 #SUP: 3408
36 67 90 94 97 #SUP: 4684
36 67 90 94 100 #SUP: 1604
36 67 90 94 104 #SUP: 3472
36 67 90 94 114 #SUP: 1276
36 67 90 94 120 #SUP: 2316
36 71 79 90 94 #SUP: 3204
36 71 88 90 94 #SUP: 3168
36 71 90 94 97 #SUP: 4444
36 71 90 94 100 #SUP: 1604
36 71 90 94 104 #SUP: 3280
36 71 90 94 114 #SUP: 1276
36 71 90 94 120 #SUP: 2292
36 79 88 90 94 #SUP: 3776
36 79 90 94 97 #SUP: 4256
36 79 90 94 100 #SUP: 2088
36 79 90 94 104 #SUP: 2608
36 79 90 94 114 #SUP: 1392
36 79 90 94 120 #SUP: 1880
36 88 90 94 97 #SUP: 4152
36 88 90 94 100 #SUP: 1984
36 88 90 94 104 #SUP: 2608
36 88 90 94 114 #SUP: 1288
36 88 90 94 120 #SUP: 1776
36 90 94 97 104 #SUP: 3368
36 90 94 97 107 #SUP: 2000
36 90 94 97 108 #SUP: 2048
36 90 94 97 120 #SUP: 3880
36 90 94 97 122 #SUP: 2080
36 90 94 97 128 #SUP: 3104
36 90 94 100 114 #SUP: 2024
36 90 94 104 120 #SUP: 1464
36 90 94 114 120 #SUP: 1848
38 41 53 90 94 #SUP: 912
38 41 55 67 90 #SUP: 1192
38 41 55 90 94 #SUP: 2360
38 41 55 90 97 #SUP: 2192
38 41 55 90 104 #SUP: 1016
38 41 55 90 120 #SUP: 832
38 41 67 71 90 #SUP: 2800
38 41 67 90 104 #SUP: 2872
38 41 71 90 104 #SUP: 2680
38 41 90 94 128 #SUP: 2216
38 41 90 97 104 #SUP: 2912
38 41 90 97 120 #SUP: 1752
38 41 90 104 120 #SUP: 1192
38 53 55 90 94 #SUP: 492
38 53 90 94 128 #SUP: 508
38 55 67 71 90 #SUP: 1448
38 55 67 90 97 #SUP: 1392
38 55 67 90 104 #SUP: 1448
38 55 67 90 120 #SUP: 432
38 55 90 97 120 #SUP: 1024
38 63 67 71 90 #SUP: 816
38 67 71 90 97 #SUP: 3384
38 67 71 90 104 #SUP: 3056
38 67 71 90 120 #SUP: 1740
38 67 90 97 104 #SUP: 3216
38 67 90 97 120 #SUP: 2144
38 67 90 104 120 #SUP: 1344
38 71 90 97 104 #SUP: 3024
38 71 90 97 120 #SUP: 2120
38 71 90 104 120 #SUP: 1344
38 90 97 104 120 #SUP: 1328
41 53 55 90 94 #SUP: 480
41 55 67 71 90 #SUP: 1072
41 55 67 90 104 #SUP: 1144
41 55 71 90 104 #SUP: 952
41 55 90 94 114 #SUP: 576
41 67 71 90 97 #SUP: 2760
41 67 71 90 104 #SUP: 2680
44 67 71 90 97 #SUP: 856
44 67 90 97 104 #SUP: 856
44 67 90 97 108 #SUP: 476
44 71 90 97 108 #SUP: 444
55 67 71 90 97 #SUP: 1274
55 67 71 90 104 #SUP: 1432
55 67 71 90 120 #SUP: 474
55 67 90 97 104 #SUP: 1448
55 67 90 97 120 #SUP: 428
67 71 90 97 104 #SUP: 3152
67 71 90 97 108 #SUP: 1616
67 71 90 97 120 #SUP: 1814
67 71 90 104 120 #SUP: 1452
67 90 97 104 108 #SUP: 1584
67 90 97 104 120 #SUP: 1400
71 90 97 104 120 #SUP: 1400
1 5 9 36 90 94 #SUP: 804
1 5 11 36 90 94 #SUP: 734
1 5 12 36 90 94 #SUP: 498
1 5 12 41 90 97 #SUP: 432
1 5 13 31 41 90 #SUP: 488
1 5 13 31 67 90 #SUP: 444
1 5 13 31 71 90 #SUP: 444
1 5 13 31 90 97 #SUP: 496
1 5 13 36 90 94 #SUP: 520
1 5 13 41 67 90 #SUP: 468
1 5 13 41 90 97 #SUP: 512
1 5 13 67 90 97 #SUP: 472
1 5 24 31 41 90 #SUP: 660
1 5 24 31 90 97 #SUP: 640
1 5 31 36 90 94 #SUP: 1636
1 5 31 38 41 90 #SUP: 996
1 5 31 38 67 90 #SUP: 1048
1 5 31 38 90 104 #SUP: 964
1 5 31 41 67 90 #SUP: 1296
1 5 31 41 71 90 #SUP: 1296
1 5 31 41 90 97 #SUP: 1424
1 5 31 41 90 104 #SUP: 1028
1 5 31 67 71 90 #SUP: 1182
1 5 31 67 90 97 #SUP: 1236
1 5 31 67 90 104 #SUP: 1008
1 5 31 67 90 120 #SUP: 504
1 5 31 71 90 97 #SUP: 1212
1 5 31 71 90 104 #SUP: 1008
1 5 31 71 90 120 #SUP: 492
1 5 31 90 97 108 #SUP: 716
1 5 31 90 97 120 #SUP: 508
1 5 36 38 90 94 #SUP: 1356
1 5 36 41 90 94 #SUP: 1908
1 5 36 50 90 94 #SUP: 438
1 5 36 53 90 94 #SUP: 442
1 5 36 55 90 94 #SUP: 612
1 5 36 57 90 94 #SUP: 956
1 5 36 67 90 94 #SUP: 1716
1 5 36 71 90 94 #SUP: 1596
1 5 36 79 90 94 #SUP: 1424
1 5 36 88 90 94 #SUP: 1400
1 5 36 90 94 97 #SUP: 1856
1 5 36 90 94 104 #SUP: 1412
1 5 36 90 94 120 #SUP: 540
1 5 36 90 94 128 #SUP: 938
1 5 38 41 55 90 #SUP: 484
1 5 38 41 67 90 #SUP: 1344
1 5 38 41 90 104 #SUP: 1284
1 5 38 55 67 90 #SUP: 536
1 5 38 55 90 104 #SUP: 452
1 5 38 67 71 90 #SUP: 1280
1 5 38 67 90 97 #SUP: 1320
1 5 38 67 90 104 #SUP: 1312
1 5 41 44 90 97 #SUP: 456
1 5 41 55 67 90 #SUP: 528
1 5 41 55 71 90 #SUP: 432
1 5 41 55 90 104 #SUP: 516
1 5 41 67 71 90 #SUP: 1400
1 5 41 67 90 97 #SUP: 1520
1 5 41 67 90 104 #SUP: 1328
1 5 41 71 90 97 #SUP: 1424
1 5 41 71 90 104 #SUP: 1232
1 5 41 90 97 108 #SUP: 876
1 5 55 67 71 90 #SUP: 446
1 5 55 67 90 97 #SUP: 468
1 5 55 67 90 104 #SUP: 496
1 5 67 71 90 97 #SUP: 1382
1 5 67 71 90 104 #SUP: 1288
1 5 67 71 90 120 #SUP: 534
1 5 67 90 97 104 #SUP: 1344
1 5 67 90 97 108 #SUP: 788
1 5 67 90 97 120 #SUP: 544
1 5 71 90 97 108 #SUP: 740
1 5 71 90 97 120 #SUP: 532
1 6 11 36 90 94 #SUP: 606
1 6 13 31 41 90 #SUP: 488
1 6 13 31 67 90 #SUP: 444
1 6 13 31 71 90 #SUP: 444
1 6 13 31 90 97 #SUP: 496
1 6 13 36 90 94 #SUP: 520
1 6 13 41 67 90 #SUP: 468
1 6 13 41 90 97 #SUP: 512
1 6 13 67 90 97 #SUP: 472
1 6 24 31 41 90 #SUP: 564
1 6 24 31 90 97 #SUP: 640
1 6 31 36 90 94 #SUP: 1540
1 6 31 38 41 90 #SUP: 996
1 6 31 38 67 90 #SUP: 1048
1 6 31 38 90 104 #SUP: 964
1 6 31 41 67 90 #SUP: 1248
1 6 31 41 71 90 #SUP: 1248
1 6 31 41 90 97 #SUP: 1424
1 6 31 67 71 90 #SUP: 1158
1 6 31 67 90 97 #SUP: 1236
1 6 31 67 90 120 #SUP: 504
1 6 31 71 90 97 #SUP: 1212
1 6 31 71 90 120 #SUP: 492
1 6 31 90 97 108 #SUP: 716
1 6 31 90 97 120 #SUP: 508
1 6 36 38 90 94 #SUP: 1100
1 6 36 41 90 94 #SUP: 1556
1 6 36 57 90 94 #SUP: 956
1 6 36 67 90 94 #SUP: 1412
1 6 36 71 90 94 #SUP: 1292
1 6 36 79 90 94 #SUP: 1072
1 6 36 88 90 94 #SUP: 1048
1 6 36 90 94 97 #SUP: 1600
1 6 36 90 94 104 #SUP: 1060
1 6 36 90 94 120 #SUP: 540
1 6 36 90 94 128 #SUP: 938
1 6 38 41 67 90 #SUP: 1088
1 6 38 41 90 104 #SUP: 1028
1 6 38 67 90 97 #SUP: 1064
1 6 38 67 90 104 #SUP: 1056
1 6 41 67 90 97 #SUP: 1264
1 6 41 90 97 108 #SUP: 748
1 6 67 71 90 97 #SUP: 1126
1 6 67 71 90 104 #SUP: 1008
1 6 67 71 90 120 #SUP: 534
1 6 67 90 97 104 #SUP: 1088
1 6 67 90 97 108 #SUP: 660
1 6 67 90 97 120 #SUP: 544
1 6 71 90 97 108 #SUP: 612
1 6 71 90 97 120 #SUP: 532
1 9 31 36 90 94 #SUP: 1652
1 9 36 50 90 94 #SUP: 432
1 9 36 67 90 94 #SUP: 1354
1 9 36 71 90 94 #SUP: 1354
1 9 36 79 90 94 #SUP: 1124
1 9 36 88 90 94 #SUP: 1088
1 9 36 90 94 97 #SUP: 1556
1 9 36 90 94 104 #SUP: 1152
1 11 13 36 90 94 #SUP: 444
1 11 31 36 90 94 #SUP: 1068
1 11 36 38 90 94 #SUP: 1480
1 11 36 53 90 94 #SUP: 464
1 11 36 55 90 94 #SUP: 652
1 11 36 67 90 94 #SUP: 1490
1 11 36 71 90 94 #SUP: 1250
1 11 36 79 90 94 #SUP: 884
1 11 36 90 94 97 #SUP: 1396
1 12 24 31 41 90 #SUP: 856
1 12 31 41 55 90 #SUP: 456
1 12 31 41 67 90 #SUP: 632
1 12 31 41 71 90 #SUP: 632
1 12 36 41 90 94 #SUP: 1032
1 12 36 67 90 94 #SUP: 744
1 12 36 71 90 94 #SUP: 744
1 12 36 79 90 94 #SUP: 1024
1 12 36 88 90 94 #SUP: 1024
1 12 36 90 94 104 #SUP: 472
1 12 38 41 55 90 #SUP: 568
1 12 41 55 67 90 #SUP: 632
1 12 41 55 71 90 #SUP: 632
1 12 41 55 90 104 #SUP: 616
1 12 41 67 71 90 #SUP: 724
1 12 41 67 90 97 #SUP: 704
1 12 41 71 90 97 #SUP: 704
1 12 41 90 97 108 #SUP: 432
1 12 67 71 90 97 #SUP: 624
1 12 67 71 90 104 #SUP: 548
1 13 24 31 41 90 #SUP: 464
1 13 24 31 90 97 #SUP: 544
1 13 31 36 90 94 #SUP: 1000
1 13 31 38 41 90 #SUP: 840
1 13 31 38 90 104 #SUP: 840
1 13 31 41 67 90 #SUP: 952
1 13 31 41 71 90 #SUP: 952
1 13 31 41 90 97 #SUP: 1024
1 13 31 67 71 90 #SUP: 948
1 13 31 67 90 97 #SUP: 968
1 13 31 67 90 120 #SUP: 436
1 13 31 71 90 97 #SUP: 968
1 13 31 71 90 120 #SUP: 436
1 13 31 90 97 108 #SUP: 488
1 13 31 90 97 120 #SUP: 456
1 13 36 38 90 94 #SUP: 792
1 13 36 41 90 94 #SUP: 1000
1 13 36 67 90 94 #SUP: 928
1 13 36 79 90 94 #SUP: 672
1 13 36 88 90 94 #SUP: 624
1 13 36 90 94 97 #SUP: 1024
1 13 38 41 67 90 #SUP: 920
1 13 38 41 90 104 #SUP: 888
1 13 38 67 90 104 #SUP: 920
1 13 41 67 90 97 #SUP: 992
1 13 41 90 97 108 #SUP: 512
1 13 67 90 97 108 #SUP: 472
1 16 31 36 90 94 #SUP: 1288
1 23 36 67 90 94 #SUP: 2752
1 24 31 36 90 94 #SUP: 1544
1 24 31 41 67 90 #SUP: 848
1 24 31 41 71 90 #SUP: 848
1 24 31 41 90 97 #SUP: 1216
1 24 31 55 63 90 #SUP: 528
1 24 31 55 67 90 #SUP: 516
1 24 31 55 71 90 #SUP: 468
1 24 31 55 90 104 #SUP: 592
1 24 31 67 71 90 #SUP: 634
1 24 31 67 90 97 #SUP: 884
1 24 31 71 90 97 #SUP: 836
1 24 31 90 97 108 #SUP: 608
1 31 36 38 90 94 #SUP: 2112
1 31 36 41 90 94 #SUP: 3280
1 31 36 50 90 94 #SUP: 820
1 31 36 53 90 94 #SUP: 756
1 31 36 55 90 94 #SUP: 744
1 31 36 57 90 94 #SUP: 1848
1 31 36 67 90 94 #SUP: 2788
1 31 36 71 90 94 #SUP: 2740
1 31 36 79 90 94 #SUP: 2232
1 31 36 88 90 94 #SUP: 2160
1 31 36 90 94 97 #SUP: 2968
1 31 36 90 94 100 #SUP: 1288
1 31 36 90 94 104 #SUP: 2160
1 31 36 90 94 120 #SUP: 1024
1 31 38 41 55 90 #SUP: 432
1 31 38 41 90 104 #SUP: 1968
1 31 38 55 67 90 #SUP: 560
1 31 38 67 71 90 #SUP: 2240
1 31 38 67 90 97 #SUP: 2064
1 31 38 67 90 120 #SUP: 1048
1 31 41 44 90 97 #SUP: 752
1 31 41 55 63 90 #SUP: 672
1 31 41 55 67 90 #SUP: 560
1 31 41 55 71 90 #SUP: 560
1 31 41 55 90 104 #SUP: 528
1 31 41 67 71 90 #SUP: 2472
1 31 41 67 90 97 #SUP: 2432
1 31 41 67 90 104 #SUP: 2096
1 31 41 71 90 97 #SUP: 2432
1 31 41 71 90 104 #SUP: 2096
1 31 41 90 97 108 #SUP: 1424
1 31 44 67 90 97 #SUP: 648
1 31 44 71 90 97 #SUP: 648
1 31 55 63 67 90 #SUP: 576
1 31 55 67 71 90 #SUP: 602
1 31 55 67 90 104 #SUP: 464
1 31 55 71 90 104 #SUP: 464
1 31 67 71 90 97 #SUP: 2290
1 31 67 71 90 104 #SUP: 2120
1 31 67 71 90 120 #SUP: 1042
1 31 67 90 97 108 #SUP: 1216
1 31 67 90 97 120 #SUP: 1068
1 31 71 90 97 108 #SUP: 1216
1 31 71 90 97 120 #SUP: 1044
1 36 38 41 90 94 #SUP: 2672
1 36 38 53 90 94 #SUP: 780
1 36 38 55 90 94 #SUP: 1088
1 36 38 67 90 94 #SUP: 2800
1 36 38 90 94 104 #SUP: 2576
1 36 38 90 94 121 #SUP: 1064
1 36 39 79 90 94 #SUP: 1480
1 36 41 50 90 94 #SUP: 848
1 36 41 53 90 94 #SUP: 864
1 36 41 55 90 94 #SUP: 1232
1 36 41 67 90 94 #SUP: 3312
1 36 41 71 90 94 #SUP: 3120
1 36 41 79 90 94 #SUP: 2720
1 36 41 88 90 94 #SUP: 2720
1 36 41 90 94 97 #SUP: 3456
1 36 41 90 94 104 #SUP: 2768
1 36 44 90 94 97 #SUP: 936
1 36 50 67 90 94 #SUP: 740
1 36 50 71 90 94 #SUP: 664
1 36 50 79 90 94 #SUP: 628
1 36 50 88 90 94 #SUP: 628
1 36 50 90 94 97 #SUP: 820
1 36 50 90 94 104 #SUP: 648
1 36 53 55 90 94 #SUP: 516
1 36 53 57 90 94 #SUP: 584
1 36 53 67 90 94 #SUP: 880
1 36 53 71 90 94 #SUP: 804
1 36 53 79 90 94 #SUP: 628
1 36 53 88 90 94 #SUP: 556
1 36 53 90 94 97 #SUP: 740
1 36 53 90 94 104 #SUP: 800
1 36 53 90 94 128 #SUP: 484
1 36 55 67 90 94 #SUP: 1252
1 36 55 71 90 94 #SUP: 1012
1 36 55 79 90 94 #SUP: 1336
1 36 55 88 90 94 #SUP: 1264
1 36 55 90 94 104 #SUP: 1136
1 36 56 90 94 97 #SUP: 2848
1 36 57 67 90 94 #SUP: 1892
1 36 57 71 90 94 #SUP: 1892
1 36 57 79 90 94 #SUP: 776
1 36 57 90 94 97 #SUP: 1896
1 36 57 90 94 104 #SUP: 1872
1 36 57 90 94 120 #SUP: 1048
1 36 67 71 90 94 #SUP: 3002
1 36 67 79 90 94 #SUP: 2340
1 36 67 88 90 94 #SUP: 2304
1 36 67 90 94 97 #SUP: 3220
1 36 67 90 94 104 #SUP: 2800
1 36 67 90 94 120 #SUP: 1084
1 36 71 79 90 94 #SUP: 2100
1 36 71 88 90 94 #SUP: 2064
1 36 71 90 94 97 #SUP: 2980
1 36 71 90 94 104 #SUP: 2608
1 36 71 90 94 120 #SUP: 1060
1 36 79 88 90 94 #SUP: 2528
1 36 79 90 94 97 #SUP: 2616
1 36 79 90 94 104 #SUP: 1792
1 36 79 90 94 120 #SUP: 544
1 36 88 90 94 97 #SUP: 2544
1 36 88 90 94 104 #SUP: 1792
1 36 90 94 97 107 #SUP: 1776
1 36 90 94 97 108 #SUP: 1824
1 36 90 94 97 120 #SUP: 1104
1 38 41 55 67 90 #SUP: 1120
1 38 41 55 90 104 #SUP: 944
1 38 41 67 71 90 #SUP: 2656
1 38 41 67 90 104 #SUP: 2656
1 38 55 67 71 90 #SUP: 1024
1 38 55 67 90 97 #SUP: 1040
1 38 55 67 90 104 #SUP: 1024
1 38 67 71 90 104 #SUP: 2560
1 38 67 90 97 104 #SUP: 2720
1 41 44 67 90 97 #SUP: 816
1 41 44 71 90 97 #SUP: 752
1 41 44 90 97 108 #SUP: 456
1 41 55 67 71 90 #SUP: 1000
1 41 55 67 90 104 #SUP: 1072
1 41 55 71 90 104 #SUP: 880
1 41 67 71 90 97 #SUP: 2688
1 41 67 71 90 104 #SUP: 2536
1 41 67 90 97 108 #SUP: 1520
1 41 71 90 97 108 #SUP: 1424
1 44 67 71 90 97 #SUP: 744
1 44 67 90 97 104 #SUP: 744
1 55 67 71 90 97 #SUP: 818
1 55 67 71 90 104 #SUP: 904
1 67 71 90 97 104 #SUP: 2624
1 67 71 90 97 108 #SUP: 1392
1 67 71 90 97 120 #SUP: 1122
1 67 71 90 104 120 #SUP: 1120
1 67 90 97 104 108 #SUP: 1360
2 5 11 38 90 94 #SUP: 696
2 5 24 36 90 94 #SUP: 1432
2 5 24 38 90 94 #SUP: 1344
2 5 24 55 90 94 #SUP: 864
2 5 24 90 94 128 #SUP: 624
2 5 36 38 90 94 #SUP: 1608
2 5 36 55 90 94 #SUP: 984
2 5 36 90 94 97 #SUP: 1696
2 5 38 41 90 94 #SUP: 808
2 5 38 55 90 94 #SUP: 896
2 6 11 24 36 90 #SUP: 626
2 6 11 36 55 90 #SUP: 421
2 6 11 36 90 94 #SUP: 707
2 6 11 36 90 97 #SUP: 683
2 6 11 38 90 94 #SUP: 714
2 6 11 55 90 94 #SUP: 427
2 6 24 36 55 90 #SUP: 666
2 6 24 36 90 97 #SUP: 1234
2 6 24 36 90 114 #SUP: 594
2 6 24 38 90 94 #SUP: 1248
2 6 36 38 90 94 #SUP: 1548
2 6 36 42 90 97 #SUP: 716
2 6 36 55 90 94 #SUP: 830
2 6 36 55 90 97 #SUP: 788
2 6 36 57 90 94 #SUP: 830
2 6 36 67 90 94 #SUP: 526
2 6 36 71 90 94 #SUP: 526
2 6 36 79 90 94 #SUP: 606
2 6 36 88 90 94 #SUP: 598
2 6 36 90 94 97 #SUP: 1506
2 6 36 90 94 114 #SUP: 594
2 6 38 41 90 94 #SUP: 844
2 6 38 55 90 94 #SUP: 836
2 7 24 36 90 114 #SUP: 594
2 7 36 90 94 114 #SUP: 594
2 11 13 38 90 94 #SUP: 528
2 11 24 36 55 90 #SUP: 696
2 11 24 36 90 97 #SUP: 1536
2 11 24 36 90 114 #SUP: 912
2 11 24 38 90 94 #SUP: 1576
2 11 36 38 90 94 #SUP: 1716
2 11 36 42 90 97 #SUP: 1020
2 11 36 55 90 94 #SUP: 856
2 11 36 55 90 97 #SUP: 804
2 11 36 67 90 94 #SUP: 600
2 11 36 71 90 94 #SUP: 600
2 11 36 79 90 94 #SUP: 616
2 11 36 88 90 94 #SUP: 600
2 11 36 90 94 97 #SUP: 1660
2 11 36 90 94 114 #SUP: 908
2 11 38 55 90 94 #SUP: 876
2 12 36 38 90 94 #SUP: 1364
2 12 36 67 90 94 #SUP: 836
2 12 36 71 90 94 #SUP: 836
2 12 36 79 90 94 #SUP: 980
2 12 36 88 90 94 #SUP: 980
2 12 36 90 94 97 #SUP: 1376
2 12 36 90 94 120 #SUP: 1156
2 13 36 38 90 94 #SUP: 1020
2 24 36 38 90 94 #SUP: 3176
2 24 36 42 90 97 #SUP: 1960
2 24 36 55 90 94 #SUP: 1544
2 24 36 55 90 97 #SUP: 1528
2 24 36 90 94 97 #SUP: 3248
2 24 36 90 94 128 #SUP: 1256
2 24 38 55 90 94 #SUP: 1472
2 24 38 66 90 94 #SUP: 2240
2 24 38 90 94 114 #SUP: 1808
2 24 38 90 94 128 #SUP: 1184
2 24 55 90 94 128 #SUP: 704
2 36 38 41 90 94 #SUP: 1680
2 36 38 55 90 94 #SUP: 1776
2 36 38 57 90 94 #SUP: 1752
2 36 38 67 90 94 #SUP: 1432
2 36 38 71 90 94 #SUP: 1432
2 36 38 79 90 94 #SUP: 1608
2 36 38 88 90 94 #SUP: 1576
2 36 38 90 94 97 #SUP: 3696
2 36 38 90 94 120 #SUP: 2800
2 36 38 90 94 122 #SUP: 740
2 36 42 55 90 97 #SUP: 496
2 36 42 90 94 97 #SUP: 2216
2 36 42 90 97 114 #SUP: 1776
2 36 50 90 94 97 #SUP: 640
2 36 55 57 90 94 #SUP: 1568
2 36 55 79 90 94 #SUP: 560
2 36 55 90 94 97 #SUP: 1784
2 36 55 90 94 120 #SUP: 976
2 36 57 90 94 97 #SUP: 1784
2 36 57 90 94 120 #SUP: 960
2 36 67 71 90 94 #SUP: 1032
2 36 67 79 90 94 #SUP: 1104
2 36 67 88 90 94 #SUP: 1104
2 36 67 90 94 97 #SUP: 1464
2 36 67 90 94 120 #SUP: 1232
2 36 71 79 90 94 #SUP: 1104
2 36 71 88 90 94 #SUP: 1104
2 36 71 90 94 97 #SUP: 1464
2 36 71 90 94 120 #SUP: 1232
2 36 79 88 90 94 #SUP: 1248
2 36 79 90 94 97 #SUP: 1640
2 36 79 90 94 120 #SUP: 1336
2 36 88 90 94 97 #SUP: 1608
2 36 88 90 94 120 #SUP: 1304
2 36 90 94 97 120 #SUP: 2776
2 38 41 55 90 94 #SUP: 1416
5 9 16 36 90 94 #SUP: 506
5 9 24 36 90 94 #SUP: 772
5 9 31 36 90 94 #SUP: 784
5 9 36 41 90 94 #SUP: 1060
5 9 36 67 90 94 #SUP: 742
5 9 36 71 90 94 #SUP: 742
5 9 36 79 90 94 #SUP: 616
5 9 36 88 90 94 #SUP: 600
5 9 36 90 94 97 #SUP: 1180
5 9 36 90 94 104 #SUP: 632
5 11 24 36 90 94 #SUP: 662
5 11 24 38 90 94 #SUP: 658
5 11 31 36 90 94 #SUP: 514
5 11 36 38 90 94 #SUP: 1410
5 11 36 55 90 94 #SUP: 702
5 11 36 57 90 94 #SUP: 778
5 11 36 67 90 94 #SUP: 934
5 11 36 71 90 94 #SUP: 814
5 11 36 79 90 94 #SUP: 640
5 11 36 90 94 97 #SUP: 1372
5 11 36 90 94 120 #SUP: 730
5 11 38 41 90 94 #SUP: 1038
5 11 38 55 90 94 #SUP: 698
5 11 38 90 94 128 #SUP: 681
5 12 24 36 90 94 #SUP: 690
5 12 36 38 90 94 #SUP: 714
5 12 36 41 90 94 #SUP: 618
5 12 36 67 90 94 #SUP: 720
5 12 36 71 90 94 #SUP: 720
5 12 36 79 90 94 #SUP: 928
5 12 36 88 90 94 #SUP: 928
5 12 36 90 94 97 #SUP: 1000
5 12 36 90 94 100 #SUP: 576
5 12 36 90 94 104 #SUP: 514
5 12 36 90 94 120 #SUP: 468
5 12 38 67 71 90 #SUP: 436
5 12 38 67 90 97 #SUP: 504
5 12 38 71 90 97 #SUP: 504
5 12 38 90 97 104 #SUP: 432
5 12 38 90 97 120 #SUP: 440
5 12 67 71 90 97 #SUP: 532
5 12 67 90 97 104 #SUP: 432
5 12 71 90 97 104 #SUP: 432
5 13 24 36 90 94 #SUP: 460
5 13 31 36 90 94 #SUP: 476
5 13 36 38 90 94 #SUP: 736
5 13 36 41 90 94 #SUP: 492
5 13 36 67 90 94 #SUP: 652
5 13 36 71 90 94 #SUP: 604
5 13 36 79 90 94 #SUP: 528
5 13 36 88 90 94 #SUP: 508
5 13 36 90 94 97 #SUP: 852
5 13 36 90 94 100 #SUP: 452
5 13 36 90 94 120 #SUP: 494
5 13 38 67 71 90 #SUP: 508
5 13 38 67 90 97 #SUP: 608
5 13 38 67 90 104 #SUP: 468
5 13 38 71 90 97 #SUP: 560
5 13 38 90 97 120 #SUP: 500
5 13 67 71 90 97 #SUP: 524
5 16 24 36 90 94 #SUP: 708
5 16 36 38 90 94 #SUP: 712
5 16 36 41 90 94 #SUP: 968
5 16 36 55 90 94 #SUP: 456
5 16 36 57 90 94 #SUP: 728
5 16 36 67 90 94 #SUP: 548
5 16 36 71 90 94 #SUP: 548
5 16 36 79 90 94 #SUP: 532
5 16 36 88 90 94 #SUP: 532
5 16 36 90 94 97 #SUP: 996
5 16 36 90 94 104 #SUP: 468
5 20 36 38 90 94 #SUP: 594
5 22 36 90 94 97 #SUP: 528
5 23 36 38 90 94 #SUP: 1568
5 23 36 53 90 94 #SUP: 456
5 23 36 67 90 94 #SUP: 1544
5 23 36 71 90 94 #SUP: 1448
5 23 36 79 90 94 #SUP: 1008
5 23 36 88 90 94 #SUP: 1008
5 23 36 90 94 104 #SUP: 1552
5 24 31 36 90 94 #SUP: 700
5 24 36 38 90 94 #SUP: 1396
5 24 36 41 90 94 #SUP: 1268
5 24 36 50 90 94 #SUP: 438
5 24 36 55 90 94 #SUP: 1036
5 24 36 63 90 94 #SUP: 704
5 24 36 66 90 94 #SUP: 1000
5 24 36 67 90 94 #SUP: 852
5 24 36 70 90 94 #SUP: 984
5 24 36 71 90 94 #SUP: 828
5 24 36 79 90 94 #SUP: 1176
5 24 36 88 90 94 #SUP: 1144
5 24 36 90 94 97 #SUP: 2016
5 24 36 90 94 114 #SUP: 716
5 24 36 90 94 128 #SUP: 642
5 24 38 41 55 90 #SUP: 716
5 24 38 55 90 94 #SUP: 828
5 24 38 55 90 97 #SUP: 856
5 24 38 63 90 97 #SUP: 656
5 24 38 67 90 97 #SUP: 488
5 24 38 71 90 97 #SUP: 464
5 24 38 90 94 114 #SUP: 604
5 24 38 90 94 128 #SUP: 554
5 24 38 90 97 120 #SUP: 1008
5 24 41 55 90 94 #SUP: 764
5 24 55 66 90 94 #SUP: 720
5 24 55 90 94 128 #SUP: 458
5 24 55 90 97 120 #SUP: 504
5 24 67 71 90 97 #SUP: 550
5 24 67 90 97 120 #SUP: 448
5 24 71 90 97 120 #SUP: 436
5 31 36 38 90 94 #SUP: 1012
5 31 36 79 90 94 #SUP: 1032
5 31 36 90 94 97 #SUP: 1464
5 31 36 90 94 100 #SUP: 608
5 31 36 90 94 120 #SUP: 500
5 31 38 90 97 120 #SUP: 492
5 36 38 41 90 94 #SUP: 2100
5 36 38 53 90 94 #SUP: 462
5 36 38 55 90 94 #SUP: 1380
5 36 38 57 90 94 #SUP: 1772
5 36 38 63 90 94 #SUP: 672
5 36 38 67 90 94 #SUP: 1936
5 36 38 71 90 94 #SUP: 1816
5 36 38 79 90 94 #SUP: 1408
5 36 38 88 90 94 #SUP: 1400
5 36 38 90 94 97 #SUP: 2872
5 36 38 90 94 104 #SUP: 1636
5 36 38 90 94 114 #SUP: 676
5 36 38 90 94 120 #SUP: 1560
5 36 38 90 94 121 #SUP: 844
5 36 38 90 94 125 #SUP: 474
5 36 38 90 94 128 #SUP: 1410
5 36 39 79 90 94 #SUP: 776
5 36 41 50 90 94 #SUP: 672
5 36 41 53 90 94 #SUP: 448
5 36 41 55 90 94 #SUP: 1188
5 36 41 67 90 94 #SUP: 1672
5 36 41 71 90 94 #SUP: 1576
5 36 41 79 90 94 #SUP: 1440
5 36 41 88 90 94 #SUP: 1440
5 36 41 90 94 97 #SUP: 2520
5 36 41 90 94 104 #SUP: 1476
5 36 41 90 94 122 #SUP: 1072
5 36 42 90 94 97 #SUP: 1032
5 36 44 90 94 97 #SUP: 544
5 36 50 67 90 94 #SUP: 462
5 36 50 71 90 94 #SUP: 424
5 36 50 79 90 94 #SUP: 422
5 36 50 88 90 94 #SUP: 422
5 36 50 90 94 97 #SUP: 750
5 36 50 90 94 104 #SUP: 432
5 36 53 67 90 94 #SUP: 466
5 36 53 71 90 94 #SUP: 428
5 36 53 90 94 97 #SUP: 446
5 36 53 90 94 104 #SUP: 460
5 36 55 57 90 94 #SUP: 884
5 36 55 67 90 94 #SUP: 868
5 36 55 71 90 94 #SUP: 748
5 36 55 79 90 94 #SUP: 904
5 36 55 88 90 94 #SUP: 872
5 36 55 90 94 97 #SUP: 1408
5 36 55 90 94 104 #SUP: 820
5 36 55 90 94 120 #SUP: 552
5 36 55 90 94 122 #SUP: 552
5 36 56 90 94 97 #SUP: 2144
5 36 57 67 90 94 #SUP: 1204
5 36 57 71 90 94 #SUP: 1204
5 36 57 79 90 94 #SUP: 712
5 36 57 90 94 97 #SUP: 1920
5 36 57 90 94 104 #SUP: 1268
5 36 57 90 94 120 #SUP: 1004
5 36 57 90 94 128 #SUP: 1322
5 36 63 67 90 94 #SUP: 424
5 36 63 79 90 94 #SUP: 448
5 36 63 88 90 94 #SUP: 440
5 36 63 90 94 114 #SUP: 744
5 36 67 71 90 94 #SUP: 1938
5 36 67 79 90 94 #SUP: 1644
5 36 67 88 90 94 #SUP: 1632
5 36 67 90 94 97 #SUP: 2268
5 36 67 90 94 100 #SUP: 620
5 36 67 90 94 104 #SUP: 1752
5 36 67 90 94 114 #SUP: 428
5 36 67 90 94 120 #SUP: 1012
5 36 71 79 90 94 #SUP: 1524
5 36 71 88 90 94 #SUP: 1512
5 36 71 90 94 97 #SUP: 2148
5 36 71 90 94 100 #SUP: 620
5 36 71 90 94 104 #SUP: 1656
5 36 71 90 94 114 #SUP: 428
5 36 71 90 94 120 #SUP: 1000
5 36 79 88 90 94 #SUP: 1800
5 36 79 90 94 97 #SUP: 2040
5 36 79 90 94 100 #SUP: 864
5 36 79 90 94 104 #SUP: 1296
5 36 79 90 94 114 #SUP: 464
5 36 79 90 94 120 #SUP: 780
5 36 88 90 94 97 #SUP: 2008
5 36 88 90 94 100 #SUP: 832
5 36 88 90 94 104 #SUP: 1296
5 36 88 90 94 114 #SUP: 432
5 36 88 90 94 120 #SUP: 748
5 36 90 94 97 104 #SUP: 1760
5 36 90 94 97 107 #SUP: 1040
5 36 90 94 97 108 #SUP: 1064
5 36 90 94 97 120 #SUP: 1672
5 36 90 94 97 122 #SUP: 1040
5 36 90 94 97 128 #SUP: 1544
5 36 90 94 100 114 #SUP: 672
5 36 90 94 104 120 #SUP: 736
5 36 90 94 114 120 #SUP: 616
5 38 41 55 90 94 #SUP: 1100
5 38 41 55 90 97 #SUP: 1048
5 38 41 67 71 90 #SUP: 1284
5 38 41 67 90 104 #SUP: 1352
5 38 41 71 90 104 #SUP: 1256
5 38 41 90 94 128 #SUP: 1098
5 38 41 90 97 104 #SUP: 1408
5 38 41 90 97 120 #SUP: 852
5 38 41 90 104 120 #SUP: 536
5 38 55 67 71 90 #SUP: 640
5 38 55 67 90 97 #SUP: 680
5 38 55 67 90 104 #SUP: 672
5 38 55 90 97 120 #SUP: 496
5 38 67 71 90 97 #SUP: 1604
5 38 67 71 90 104 #SUP: 1476
5 38 67 71 90 120 #SUP: 754
5 38 67 90 97 104 #SUP: 1592
5 38 67 90 97 120 #SUP: 920
5 38 67 90 104 120 #SUP: 628
5 38 71 90 97 104 #SUP: 1496
5 38 71 90 97 120 #SUP: 908
5 38 71 90 104 120 #SUP: 628
5 38 90 97 104 120 #SUP: 656
5 41 67 71 90 97 #SUP: 1332
5 41 67 71 90 104 #SUP: 1244
5 44 67 71 90 97 #SUP: 432
5 44 67 90 97 104 #SUP: 432
5 55 67 71 90 97 #SUP: 662
5 55 67 71 90 104 #SUP: 696
5 55 67 90 97 104 #SUP: 752
5 67 71 90 97 104 #SUP: 1604
5 67 71 90 97 108 #SUP: 836
5 67 71 90 97 120 #SUP: 848
5 67 71 90 104 120 #SUP: 706
5 67 90 97 104 108 #SUP: 820
5 67 90 97 104 120 #SUP: 716
5 71 90 97 104 120 #SUP: 716
6 9 36 90 94 97 #SUP: 1084
6 11 24 36 90 94 #SUP: 662
6 11 24 36 90 97 #SUP: 654
6 11 24 38 90 94 #SUP: 658
6 11 31 36 90 94 #SUP: 533
6 11 31 36 90 97 #SUP: 475
6 11 36 38 90 94 #SUP: 1300
6 11 36 55 90 94 #SUP: 593
6 11 36 55 90 97 #SUP: 527
6 11 36 57 90 94 #SUP: 797
6 11 36 67 90 94 #SUP: 825
6 11 36 71 90 94 #SUP: 705
6 11 36 79 90 94 #SUP: 531
6 11 36 88 90 94 #SUP: 515
6 11 36 90 94 97 #SUP: 1245
6 11 36 90 94 104 #SUP: 621
6 11 36 90 94 120 #SUP: 748
6 11 38 41 90 94 #SUP: 928
6 11 38 55 90 94 #SUP: 588
6 11 38 90 94 128 #SUP: 681
6 12 24 36 90 94 #SUP: 546
6 12 36 38 90 94 #SUP: 556
6 12 36 41 90 94 #SUP: 460
6 12 36 67 90 94 #SUP: 490
6 12 36 71 90 94 #SUP: 490
6 12 36 79 90 94 #SUP: 674
6 12 36 88 90 94 #SUP: 674
6 12 36 90 94 97 #SUP: 776
6 12 36 90 94 100 #SUP: 576
6 12 36 90 94 120 #SUP: 438
6 13 24 36 90 94 #SUP: 460
6 13 31 36 90 94 #SUP: 476
6 13 36 38 90 94 #SUP: 736
6 13 36 41 90 94 #SUP: 492
6 13 36 67 90 94 #SUP: 652
6 13 36 71 90 94 #SUP: 604
6 13 36 79 90 94 #SUP: 528
6 13 36 88 90 94 #SUP: 508
6 13 36 90 94 97 #SUP: 852
6 13 36 90 94 100 #SUP: 452
6 13 36 90 94 120 #SUP: 494
6 13 38 67 71 90 #SUP: 508
6 13 38 67 90 97 #SUP: 608
6 13 38 67 90 104 #SUP: 468
6 13 38 71 90 97 #SUP: 560
6 13 38 90 97 120 #SUP: 500
6 13 67 71 90 97 #SUP: 524
6 16 36 38 90 94 #SUP: 680
6 16 36 41 90 94 #SUP: 920
6 16 36 67 90 94 #SUP: 460
6 16 36 71 90 94 #SUP: 460
6 16 36 90 94 97 #SUP: 932
6 20 36 38 90 94 #SUP: 594
6 23 36 38 90 94 #SUP: 1348
6 23 36 67 90 94 #SUP: 1326
6 23 36 71 90 94 #SUP: 1230
6 23 36 79 90 94 #SUP: 790
6 23 36 88 90 94 #SUP: 790
6 23 36 90 94 104 #SUP: 1334
6 24 31 36 90 94 #SUP: 604
6 24 31 36 90 97 #SUP: 602
6 24 36 38 90 94 #SUP: 1300
6 24 36 41 90 94 #SUP: 1172
6 24 36 42 90 97 #SUP: 666
6 24 36 55 90 94 #SUP: 748
6 24 36 55 90 97 #SUP: 738
6 24 36 90 94 97 #SUP: 1824
6 24 36 90 94 114 #SUP: 620
6 24 36 90 97 100 #SUP: 1122
6 24 38 41 55 90 #SUP: 716
6 24 38 55 90 94 #SUP: 732
6 24 38 55 90 97 #SUP: 760
6 24 38 63 90 97 #SUP: 656
6 24 38 90 94 114 #SUP: 604
6 24 38 90 94 128 #SUP: 458
6 24 38 90 97 120 #SUP: 960
6 31 36 38 90 94 #SUP: 1048
6 31 36 39 90 97 #SUP: 540
6 31 36 41 90 94 #SUP: 1496
6 31 36 57 90 94 #SUP: 946
6 31 36 67 90 94 #SUP: 1306
6 31 36 71 90 94 #SUP: 1282
6 31 36 79 90 94 #SUP: 974
6 31 36 88 90 94 #SUP: 942
6 31 36 90 94 97 #SUP: 1466
6 31 36 90 94 100 #SUP: 608
6 31 36 90 94 104 #SUP: 954
6 31 36 90 94 120 #SUP: 536
6 31 38 41 90 104 #SUP: 968
6 31 38 67 71 90 #SUP: 1060
6 31 38 67 90 120 #SUP: 528
6 31 38 90 97 120 #SUP: 492
6 31 41 67 71 90 #SUP: 1156
6 31 67 71 90 97 #SUP: 1080
6 31 67 71 90 104 #SUP: 998
6 31 67 71 90 120 #SUP: 522
6 36 38 41 90 94 #SUP: 1880
6 36 38 55 90 94 #SUP: 1064
6 36 38 63 90 94 #SUP: 672
6 36 38 67 90 94 #SUP: 1620
6 36 38 71 90 94 #SUP: 1500
6 36 38 79 90 94 #SUP: 1092
6 36 38 88 90 94 #SUP: 1084
6 36 38 90 94 97 #SUP: 2520
6 36 38 90 94 104 #SUP: 1320
6 36 38 90 94 114 #SUP: 676
6 36 38 90 94 120 #SUP: 1548
6 36 38 90 94 121 #SUP: 844
6 36 38 90 94 125 #SUP: 474
6 36 38 90 94 128 #SUP: 1314
6 36 41 67 90 94 #SUP: 1404
6 36 41 71 90 94 #SUP: 1308
6 36 41 79 90 94 #SUP: 1124
6 36 41 88 90 94 #SUP: 1124
6 36 41 90 94 97 #SUP: 2264
6 36 41 90 94 122 #SUP: 866
6 36 42 90 94 97 #SUP: 842
6 36 42 90 97 114 #SUP: 612
6 36 44 90 94 97 #SUP: 432
6 36 50 90 94 97 #SUP: 702
6 36 55 57 90 94 #SUP: 730
6 36 55 90 94 97 #SUP: 962
6 36 55 90 94 120 #SUP: 492
6 36 56 90 94 97 #SUP: 2144
6 36 57 67 90 94 #SUP: 1050
6 36 57 71 90 94 #SUP: 1050
6 36 57 79 90 94 #SUP: 558
6 36 57 90 94 97 #SUP: 1730
6 36 57 90 94 104 #SUP: 1114
6 36 57 90 94 120 #SUP: 944
6 36 57 90 94 128 #SUP: 1130
6 36 67 71 90 94 #SUP: 1504
6 36 67 79 90 94 #SUP: 1186
6 36 67 88 90 94 #SUP: 1174
6 36 67 90 94 97 #SUP: 1822
6 36 67 90 94 100 #SUP: 620
6 36 67 90 94 104 #SUP: 1294
6 36 67 90 94 120 #SUP: 952
6 36 71 79 90 94 #SUP: 1066
6 36 71 88 90 94 #SUP: 1054
6 36 71 90 94 97 #SUP: 1702
6 36 71 90 94 100 #SUP: 620
6 36 71 90 94 104 #SUP: 1198
6 36 71 90 94 120 #SUP: 940
6 36 79 88 90 94 #SUP: 1294
6 36 79 90 94 97 #SUP: 1594
6 36 79 90 94 100 #SUP: 864
6 36 79 90 94 104 #SUP: 790
6 36 79 90 94 120 #SUP: 720
6 36 88 90 94 97 #SUP: 1562
6 36 88 90 94 100 #SUP: 832
6 36 88 90 94 104 #SUP: 790
6 36 88 90 94 120 #SUP: 688
6 36 90 94 97 104 #SUP: 1314
6 36 90 94 97 107 #SUP: 816
6 36 90 94 97 108 #SUP: 840
6 36 90 94 97 120 #SUP: 1576
6 36 90 94 97 122 #SUP: 912
6 36 90 94 97 128 #SUP: 1352
6 36 90 94 100 114 #SUP: 672
6 36 90 94 104 120 #SUP: 676
6 36 90 94 114 120 #SUP: 616
6 38 41 55 90 94 #SUP: 880
6 38 41 55 90 97 #SUP: 792
6 38 41 67 71 90 #SUP: 1064
6 38 41 67 90 104 #SUP: 1132
6 38 41 71 90 104 #SUP: 1036
6 38 41 90 94 128 #SUP: 1098
6 38 41 90 97 104 #SUP: 1152
6 38 41 90 97 120 #SUP: 852
6 38 41 90 104 120 #SUP: 572
6 38 55 90 97 120 #SUP: 448
6 38 67 71 90 97 #SUP: 1252
6 38 67 71 90 104 #SUP: 1160
6 38 67 71 90 120 #SUP: 742
6 38 67 90 97 104 #SUP: 1240
6 38 67 90 97 120 #SUP: 872
6 38 67 90 104 120 #SUP: 616
6 38 71 90 97 104 #SUP: 1144
6 38 71 90 97 120 #SUP: 860
6 38 71 90 104 120 #SUP: 616
6 38 90 97 104 120 #SUP: 608
6 41 67 71 90 97 #SUP: 1076
6 67 71 90 97 104 #SUP: 1158
6 67 71 90 97 108 #SUP: 612
6 67 71 90 97 120 #SUP: 752
6 67 71 90 104 120 #SUP: 646
6 67 90 97 104 108 #SUP: 596
6 67 90 97 104 120 #SUP: 620
6 71 90 97 104 120 #SUP: 620
7 24 36 90 94 114 #SUP: 716
7 24 38 63 90 97 #SUP: 632
7 24 38 90 94 114 #SUP: 604
7 36 38 90 94 114 #SUP: 660
7 36 42 90 97 114 #SUP: 612
7 36 63 90 94 114 #SUP: 744
7 36 79 90 94 114 #SUP: 450
7 36 90 94 100 114 #SUP: 672
9 16 24 36 90 94 #SUP: 732
9 16 36 41 90 94 #SUP: 940
9 16 36 67 90 94 #SUP: 532
9 16 36 71 90 94 #SUP: 532
9 16 36 79 90 94 #SUP: 504
9 16 36 88 90 94 #SUP: 504
9 16 36 90 94 97 #SUP: 948
9 16 36 90 94 104 #SUP: 440
9 24 36 41 90 94 #SUP: 1304
9 24 36 50 90 94 #SUP: 440
9 24 36 55 90 94 #SUP: 1036
9 24 36 79 90 94 #SUP: 900
9 24 36 90 94 97 #SUP: 1404
9 31 36 79 90 94 #SUP: 1092
9 31 36 90 94 97 #SUP: 1524
9 36 38 90 94 97 #SUP: 1672
9 36 39 79 90 94 #SUP: 788
9 36 41 50 90 94 #SUP: 608
9 36 41 90 94 97 #SUP: 2024
9 36 50 90 94 97 #SUP: 624
9 36 57 90 94 97 #SUP: 1692
9 36 67 71 90 94 #SUP: 1277
9 36 67 79 90 94 #SUP: 874
9 36 67 88 90 94 #SUP: 856
9 36 67 90 94 97 #SUP: 1378
9 36 67 90 94 104 #SUP: 1176
9 36 71 79 90 94 #SUP: 874
9 36 71 88 90 94 #SUP: 856
9 36 71 90 94 97 #SUP: 1378
9 36 71 90 94 104 #SUP: 1176
9 36 79 88 90 94 #SUP: 992
9 36 79 90 94 97 #SUP: 1092
9 36 79 90 94 104 #SUP: 672
9 36 88 90 94 97 #SUP: 1040
9 36 88 90 94 104 #SUP: 672
9 36 90 94 97 107 #SUP: 784
9 36 90 94 97 108 #SUP: 808
9 36 90 94 97 120 #SUP: 952
9 36 90 94 97 128 #SUP: 1240
11 13 24 90 94 114 #SUP: 496
11 13 36 38 90 94 #SUP: 936
11 13 36 67 90 94 #SUP: 704
11 13 36 71 90 94 #SUP: 608
11 13 36 79 90 94 #SUP: 520
11 13 36 90 94 97 #SUP: 912
11 13 36 90 94 114 #SUP: 512
11 13 36 90 94 120 #SUP: 642
11 13 38 41 90 94 #SUP: 444
11 13 38 90 94 114 #SUP: 500
11 13 38 90 94 128 #SUP: 468
11 20 36 38 90 94 #SUP: 750
11 20 38 90 94 114 #SUP: 468
11 20 38 90 94 128 #SUP: 444
11 22 36 55 90 97 #SUP: 564
11 23 36 67 90 94 #SUP: 1592
11 24 36 38 90 94 #SUP: 1608
11 24 36 42 90 97 #SUP: 972
11 24 36 55 90 94 #SUP: 780
11 24 36 55 90 97 #SUP: 756
11 24 36 90 94 97 #SUP: 1612
11 24 36 90 94 114 #SUP: 948
11 24 38 55 90 94 #SUP: 768
11 24 38 90 94 114 #SUP: 936
11 24 38 90 94 128 #SUP: 620
11 31 36 38 90 94 #SUP: 1084
11 31 36 57 90 94 #SUP: 964
11 31 36 67 90 94 #SUP: 1082
11 31 36 71 90 94 #SUP: 1034
11 31 36 79 90 94 #SUP: 492
11 31 36 90 94 97 #SUP: 968
11 31 36 90 94 120 #SUP: 552
11 36 38 41 90 94 #SUP: 2140
11 36 38 53 90 94 #SUP: 500
11 36 38 55 90 94 #SUP: 1468
11 36 38 63 90 94 #SUP: 1024
11 36 38 67 90 94 #SUP: 2068
11 36 38 71 90 94 #SUP: 1828
11 36 38 79 90 94 #SUP: 1460
11 36 38 88 90 94 #SUP: 1444
11 36 38 90 94 97 #SUP: 3016
11 36 38 90 94 104 #SUP: 1500
11 36 38 90 94 114 #SUP: 1024
11 36 38 90 94 120 #SUP: 1768
11 36 38 90 94 121 #SUP: 892
11 36 38 90 94 125 #SUP: 620
11 36 38 90 94 128 #SUP: 1460
11 36 42 90 94 97 #SUP: 1096
11 36 42 90 97 114 #SUP: 928
11 36 53 67 90 94 #SUP: 486
11 36 53 90 94 97 #SUP: 444
11 36 55 57 90 94 #SUP: 748
11 36 55 67 90 94 #SUP: 794
11 36 55 71 90 94 #SUP: 554
11 36 55 79 90 94 #SUP: 780
11 36 55 90 94 97 #SUP: 1328
11 36 55 90 94 104 #SUP: 640
11 36 55 90 94 120 #SUP: 508
11 36 57 90 94 97 #SUP: 1552
11 36 57 90 94 120 #SUP: 836
11 36 67 71 90 94 #SUP: 1625
11 36 67 79 90 94 #SUP: 1250
11 36 67 88 90 94 #SUP: 1232
11 36 67 90 94 97 #SUP: 1942
11 36 67 90 94 114 #SUP: 566
11 36 67 90 94 120 #SUP: 1014
11 36 71 79 90 94 #SUP: 1010
11 36 71 88 90 94 #SUP: 992
11 36 71 90 94 97 #SUP: 1702
11 36 71 90 94 114 #SUP: 566
11 36 71 90 94 120 #SUP: 990
11 36 79 88 90 94 #SUP: 1016
11 36 79 90 94 97 #SUP: 1400
11 36 79 90 94 114 #SUP: 552
11 36 79 90 94 120 #SUP: 760
11 36 88 90 94 97 #SUP: 1348
11 36 88 90 94 114 #SUP: 500
11 36 90 94 97 120 #SUP: 1760
11 36 90 94 100 114 #SUP: 1012
11 36 90 94 114 120 #SUP: 924
11 38 41 53 90 94 #SUP: 452
11 38 41 55 90 94 #SUP: 1300
11 38 41 90 94 128 #SUP: 1132
12 13 24 36 90 94 #SUP: 568
12 13 24 67 90 97 #SUP: 472
12 13 24 71 90 97 #SUP: 472
12 13 36 38 90 94 #SUP: 532
12 13 36 79 90 94 #SUP: 424
12 13 36 88 90 94 #SUP: 424
12 13 36 90 94 97 #SUP: 624
12 13 36 90 94 100 #SUP: 584
12 13 38 63 67 90 #SUP: 432
12 13 38 63 71 90 #SUP: 432
12 13 38 67 90 97 #SUP: 472
12 13 38 71 90 97 #SUP: 472
12 13 38 90 97 120 #SUP: 560
12 23 36 38 90 94 #SUP: 820
12 23 36 67 90 94 #SUP: 724
12 23 36 71 90 94 #SUP: 724
12 23 36 79 90 94 #SUP: 820
12 23 36 88 90 94 #SUP: 820
12 24 36 38 90 94 #SUP: 920
12 24 36 67 90 94 #SUP: 856
12 24 36 71 90 94 #SUP: 856
12 24 36 79 90 94 #SUP: 1184
12 24 36 88 90 94 #SUP: 1184
12 24 36 90 94 97 #SUP: 1472
12 24 36 90 94 114 #SUP: 1016
12 24 38 63 90 97 #SUP: 1056
12 24 38 67 90 97 #SUP: 672
12 24 38 71 90 97 #SUP: 672
12 24 38 90 97 120 #SUP: 984
12 24 63 67 71 90 #SUP: 444
12 24 67 71 90 97 #SUP: 632
12 24 67 90 97 120 #SUP: 576
12 24 71 90 97 120 #SUP: 576
12 31 36 41 90 94 #SUP: 812
12 31 41 67 71 90 #SUP: 504
12 36 38 41 90 94 #SUP: 700
12 36 38 55 90 94 #SUP: 588
12 36 38 67 90 94 #SUP: 1156
12 36 38 71 90 94 #SUP: 1156
12 36 38 79 90 94 #SUP: 1252
12 36 38 88 90 94 #SUP: 1252
12 36 38 90 94 97 #SUP: 1584
12 36 38 90 94 104 #SUP: 780
12 36 38 90 94 114 #SUP: 984
12 36 38 90 94 120 #SUP: 1140
12 36 41 55 90 94 #SUP: 556
12 36 41 67 90 94 #SUP: 876
12 36 41 71 90 94 #SUP: 876
12 36 41 79 90 94 #SUP: 1300
12 36 41 88 90 94 #SUP: 1300
12 36 41 90 94 104 #SUP: 748
12 36 42 90 94 97 #SUP: 1136
12 36 55 67 90 94 #SUP: 700
12 36 55 71 90 94 #SUP: 700
12 36 55 79 90 94 #SUP: 724
12 36 55 88 90 94 #SUP: 724
12 36 55 90 94 104 #SUP: 684
12 36 56 90 94 97 #SUP: 1712
12 36 57 90 94 104 #SUP: 492
12 36 63 90 94 114 #SUP: 1104
12 36 67 71 90 94 #SUP: 1128
12 36 67 79 90 94 #SUP: 1316
12 36 67 88 90 94 #SUP: 1316
12 36 67 90 94 97 #SUP: 1360
12 36 67 90 94 100 #SUP: 784
12 36 67 90 94 114 #SUP: 616
12 36 67 90 94 120 #SUP: 708
12 36 71 79 90 94 #SUP: 1316
12 36 71 88 90 94 #SUP: 1316
12 36 71 90 94 97 #SUP: 1360
12 36 71 90 94 100 #SUP: 784
12 36 71 90 94 114 #SUP: 616
12 36 71 90 94 120 #SUP: 708
12 36 79 88 90 94 #SUP: 1764
12 36 79 90 94 97 #SUP: 1760
12 36 79 90 94 100 #SUP: 992
12 36 79 90 94 114 #SUP: 640
12 36 79 90 94 120 #SUP: 780
12 36 88 90 94 97 #SUP: 1760
12 36 88 90 94 100 #SUP: 992
12 36 88 90 94 114 #SUP: 640
12 36 88 90 94 120 #SUP: 780
12 36 90 94 97 120 #SUP: 1168
12 38 41 55 90 104 #SUP: 508
12 38 41 67 71 90 #SUP: 668
12 38 41 67 90 104 #SUP: 644
12 38 41 71 90 104 #SUP: 644
12 38 41 90 97 104 #SUP: 736
12 38 55 67 71 90 #SUP: 772
12 38 63 67 71 90 #SUP: 504
12 38 67 71 90 97 #SUP: 912
12 38 67 71 90 104 #SUP: 748
12 38 67 71 90 120 #SUP: 480
12 38 67 90 97 104 #SUP: 768
12 38 67 90 97 120 #SUP: 688
12 38 71 90 97 104 #SUP: 768
12 38 71 90 97 120 #SUP: 688
12 41 55 67 71 90 #SUP: 632
12 41 55 67 90 104 #SUP: 572
12 41 55 71 90 104 #SUP: 572
12 41 67 71 90 97 #SUP: 648
12 41 67 71 90 104 #SUP: 608
12 55 67 71 90 104 #SUP: 760
12 67 71 90 97 104 #SUP: 792
12 67 71 90 97 120 #SUP: 508
13 24 36 38 90 94 #SUP: 956
13 24 36 90 94 97 #SUP: 1232
13 24 36 90 94 114 #SUP: 956
13 24 38 63 90 97 #SUP: 1072
13 24 38 67 90 97 #SUP: 672
13 24 38 71 90 97 #SUP: 672
13 24 38 90 94 114 #SUP: 920
13 24 38 90 97 120 #SUP: 1000
13 24 67 71 90 97 #SUP: 532
13 24 67 90 97 120 #SUP: 576
13 24 71 90 97 120 #SUP: 576
13 24 90 97 120 123 #SUP: 432
13 31 36 38 90 94 #SUP: 712
13 31 36 79 90 94 #SUP: 592
13 31 36 90 94 97 #SUP: 944
13 31 38 90 97 120 #SUP: 424
13 36 38 41 90 94 #SUP: 756
13 36 38 67 90 94 #SUP: 1336
13 36 38 71 90 94 #SUP: 1240
13 36 38 79 90 94 #SUP: 944
13 36 38 88 90 94 #SUP: 928
13 36 38 90 94 97 #SUP: 1728
13 36 38 90 94 104 #SUP: 872
13 36 38 90 94 114 #SUP: 964
13 36 38 90 94 120 #SUP: 1260
13 36 38 90 94 128 #SUP: 900
13 36 42 90 94 97 #SUP: 1104
13 36 56 90 94 97 #SUP: 1696
13 36 67 71 90 94 #SUP: 1100
13 36 67 79 90 94 #SUP: 864
13 36 67 88 90 94 #SUP: 840
13 36 67 90 94 97 #SUP: 1432
13 36 67 90 94 100 #SUP: 632
13 36 67 90 94 114 #SUP: 512
13 36 67 90 94 120 #SUP: 836
13 36 71 79 90 94 #SUP: 768
13 36 71 88 90 94 #SUP: 744
13 36 71 90 94 97 #SUP: 1336
13 36 71 90 94 100 #SUP: 632
13 36 71 90 94 114 #SUP: 512
13 36 71 90 94 120 #SUP: 836
13 36 79 88 90 94 #SUP: 828
13 36 79 90 94 97 #SUP: 1216
13 36 79 90 94 100 #SUP: 776
13 36 79 90 94 114 #SUP: 528
13 36 79 90 94 120 #SUP: 684
13 36 88 90 94 97 #SUP: 1152
13 36 88 90 94 100 #SUP: 712
13 36 90 94 97 107 #SUP: 552
13 36 90 94 97 108 #SUP: 552
13 36 90 94 97 120 #SUP: 1304
13 36 90 94 100 114 #SUP: 976
13 36 90 94 114 120 #SUP: 932
13 38 41 90 94 128 #SUP: 608
13 38 55 67 71 90 #SUP: 424
13 38 55 67 90 104 #SUP: 472
13 38 63 67 71 90 #SUP: 456
13 38 67 71 90 97 #SUP: 1160
13 38 67 71 90 104 #SUP: 952
13 38 67 71 90 120 #SUP: 692
13 38 67 90 97 104 #SUP: 1040
13 38 67 90 97 120 #SUP: 904
13 38 71 90 97 120 #SUP: 904
13 67 71 90 97 108 #SUP: 456
13 67 71 90 97 120 #SUP: 700
16 24 36 41 90 94 #SUP: 1304
16 24 36 55 90 94 #SUP: 904
16 24 36 90 94 97 #SUP: 1272
16 36 38 55 90 94 #SUP: 736
16 36 38 57 90 94 #SUP: 1360
16 36 38 90 94 97 #SUP: 1400
16 36 38 90 94 104 #SUP: 760
16 36 38 90 94 120 #SUP: 704
16 36 38 90 94 121 #SUP: 640
16 36 41 50 90 94 #SUP: 568
16 36 41 55 90 94 #SUP: 800
16 36 41 67 90 94 #SUP: 960
16 36 41 71 90 94 #SUP: 960
16 36 41 79 90 94 #SUP: 952
16 36 41 88 90 94 #SUP: 952
16 36 41 90 94 97 #SUP: 1832
16 36 41 90 94 104 #SUP: 824
16 36 41 90 94 122 #SUP: 920
16 36 50 90 94 97 #SUP: 548
16 36 55 57 90 94 #SUP: 720
16 36 57 90 94 97 #SUP: 1384
16 36 57 90 94 104 #SUP: 744
16 36 57 90 94 120 #SUP: 696
16 36 67 71 90 94 #SUP: 884
16 36 67 79 90 94 #SUP: 688
16 36 67 88 90 94 #SUP: 688
16 36 67 90 94 97 #SUP: 992
16 36 67 90 94 104 #SUP: 816
16 36 71 79 90 94 #SUP: 688
16 36 71 88 90 94 #SUP: 688
16 36 71 90 94 97 #SUP: 992
16 36 71 90 94 104 #SUP: 816
16 36 79 88 90 94 #SUP: 936
16 36 79 90 94 97 #SUP: 912
16 36 79 90 94 104 #SUP: 552
16 36 88 90 94 97 #SUP: 912
16 36 88 90 94 104 #SUP: 552
16 36 90 94 97 104 #SUP: 784
16 36 90 94 97 107 #SUP: 600
16 36 90 94 97 108 #SUP: 600
16 36 90 94 97 120 #SUP: 716
20 36 38 41 90 94 #SUP: 630
20 36 38 67 90 94 #SUP: 1056
20 36 38 71 90 94 #SUP: 1056
20 36 38 79 90 94 #SUP: 648
20 36 38 88 90 94 #SUP: 648
20 36 38 90 94 114 #SUP: 918
20 36 38 90 94 128 #SUP: 870
20 38 41 90 94 128 #SUP: 588
21 36 79 88 90 94 #SUP: 1040
22 36 57 90 94 97 #SUP: 696
23 36 38 41 90 94 #SUP: 3016
23 36 38 53 90 94 #SUP: 936
23 36 38 67 90 94 #SUP: 3128
23 36 38 71 90 94 #SUP: 2936
23 36 38 79 90 94 #SUP: 2024
23 36 38 88 90 94 #SUP: 2024
23 36 38 90 94 104 #SUP: 3080
23 36 53 67 90 94 #SUP: 928
23 36 53 71 90 94 #SUP: 864
23 36 53 79 90 94 #SUP: 640
23 36 53 88 90 94 #SUP: 640
23 36 53 90 94 104 #SUP: 880
23 36 55 67 90 94 #SUP: 1264
23 36 57 90 94 104 #SUP: 2224
23 36 67 71 90 94 #SUP: 2968
23 36 67 79 90 94 #SUP: 1984
23 36 67 88 90 94 #SUP: 1984
23 36 67 90 94 104 #SUP: 3040
23 36 71 79 90 94 #SUP: 1792
23 36 71 88 90 94 #SUP: 1792
23 36 71 90 94 104 #SUP: 2848
23 36 79 88 90 94 #SUP: 1696
23 36 79 90 94 104 #SUP: 2032
23 36 88 90 94 104 #SUP: 2032
23 36 90 94 97 104 #SUP: 3080
23 36 90 94 104 120 #SUP: 1320
24 31 36 55 90 94 #SUP: 552
24 31 36 79 90 94 #SUP: 1560
24 31 36 90 97 100 #SUP: 1136
24 36 38 55 90 94 #SUP: 1608
24 36 38 90 94 97 #SUP: 3296
24 36 38 90 94 114 #SUP: 1800
24 36 38 90 94 125 #SUP: 1016
24 36 38 90 94 128 #SUP: 1216
24 36 39 79 90 94 #SUP: 1480
24 36 41 50 90 94 #SUP: 784
24 36 41 55 90 94 #SUP: 1624
24 36 41 90 94 97 #SUP: 2320
24 36 41 90 94 122 #SUP: 1744
24 36 42 55 90 97 #SUP: 448
24 36 42 90 94 97 #SUP: 2168
24 36 46 90 94 97 #SUP: 700
24 36 47 55 90 94 #SUP: 600
24 36 50 55 90 94 #SUP: 612
24 36 50 90 94 97 #SUP: 772
24 36 55 57 90 94 #SUP: 1576
24 36 55 66 90 94 #SUP: 1496
24 36 55 79 90 94 #SUP: 728
24 36 55 81 90 94 #SUP: 536
24 36 55 90 94 97 #SUP: 1736
24 36 55 90 94 104 #SUP: 592
24 36 55 90 94 114 #SUP: 432
24 36 55 90 94 128 #SUP: 736
24 36 63 67 90 94 #SUP: 1056
24 36 63 79 90 94 #SUP: 1232
24 36 63 88 90 94 #SUP: 1200
24 36 63 90 94 114 #SUP: 2048
24 36 66 70 90 94 #SUP: 1800
24 36 66 90 94 114 #SUP: 1064
24 36 67 71 90 94 #SUP: 1066
24 36 67 79 90 94 #SUP: 1460
24 36 67 88 90 94 #SUP: 1424
24 36 67 90 94 97 #SUP: 1748
24 36 67 90 94 114 #SUP: 1044
24 36 71 79 90 94 #SUP: 1412
24 36 71 88 90 94 #SUP: 1376
24 36 71 90 94 97 #SUP: 1700
24 36 71 90 94 114 #SUP: 1044
24 36 79 88 90 94 #SUP: 2080
24 36 79 90 94 97 #SUP: 2328
24 36 79 90 94 114 #SUP: 1256
24 36 88 90 94 97 #SUP: 2224
24 36 90 94 97 100 #SUP: 2856
24 36 90 94 97 120 #SUP: 2648
24 36 90 94 97 128 #SUP: 1280
24 38 41 55 90 94 #SUP: 1360
24 38 41 55 90 97 #SUP: 1488
24 38 55 67 90 97 #SUP: 432
24 38 55 90 94 128 #SUP: 664
24 38 55 90 97 120 #SUP: 896
24 38 63 67 90 97 #SUP: 1104
24 38 63 71 90 97 #SUP: 1056
24 38 63 90 97 120 #SUP: 1880
24 38 63 90 97 123 #SUP: 768
24 38 67 71 90 97 #SUP: 816
24 38 67 90 97 120 #SUP: 1080
24 38 71 90 97 120 #SUP: 1056
24 38 90 94 114 128 #SUP: 664
24 41 55 66 90 94 #SUP: 1488
24 55 67 71 90 97 #SUP: 498
24 55 67 71 90 104 #SUP: 552
24 67 71 90 97 120 #SUP: 690
31 36 38 41 90 94 #SUP: 2040
31 36 38 53 90 94 #SUP: 644
31 36 38 55 90 94 #SUP: 488
31 36 38 67 90 94 #SUP: 2168
31 36 38 79 90 94 #SUP: 952
31 36 38 90 94 97 #SUP: 1904
31 36 38 90 94 104 #SUP: 1944
31 36 38 90 94 120 #SUP: 1056
31 36 38 90 94 128 #SUP: 1816
31 36 39 79 90 94 #SUP: 1392
31 36 41 53 90 94 #SUP: 696
31 36 41 67 90 94 #SUP: 2680
31 36 41 71 90 94 #SUP: 2680
31 36 41 79 90 94 #SUP: 2088
31 36 41 88 90 94 #SUP: 2088
31 36 41 90 94 104 #SUP: 2136
31 36 53 57 90 94 #SUP: 584
31 36 53 67 90 94 #SUP: 688
31 36 53 71 90 94 #SUP: 676
31 36 53 79 90 94 #SUP: 468
31 36 53 90 94 97 #SUP: 556
31 36 53 90 94 104 #SUP: 608
31 36 55 63 90 94 #SUP: 560
31 36 55 67 90 94 #SUP: 628
31 36 55 71 90 94 #SUP: 580
31 36 55 79 90 94 #SUP: 744
31 36 55 88 90 94 #SUP: 640
31 36 55 90 94 104 #SUP: 512
31 36 55 90 94 114 #SUP: 640
31 36 57 67 90 94 #SUP: 1876
31 36 57 71 90 94 #SUP: 1876
31 36 57 79 90 94 #SUP: 760
31 36 57 90 94 97 #SUP: 1808
31 36 57 90 94 104 #SUP: 1856
31 36 57 90 94 120 #SUP: 1024
31 36 67 71 90 94 #SUP: 2474
31 36 67 79 90 94 #SUP: 1620
31 36 67 88 90 94 #SUP: 1584
31 36 67 90 94 97 #SUP: 2428
31 36 67 90 94 104 #SUP: 2080
31 36 67 90 94 120 #SUP: 1060
31 36 71 79 90 94 #SUP: 1572
31 36 71 88 90 94 #SUP: 1536
31 36 71 90 94 97 #SUP: 2380
31 36 71 90 94 104 #SUP: 2080
31 36 71 90 94 120 #SUP: 1036
31 36 79 88 90 94 #SUP: 1808
31 36 79 90 94 97 #SUP: 1856
31 36 79 90 94 100 #SUP: 1224
31 36 79 90 94 104 #SUP: 1072
31 36 79 90 94 120 #SUP: 552
31 36 88 90 94 97 #SUP: 1752
31 36 88 90 94 104 #SUP: 1072
31 36 90 94 97 120 #SUP: 1040
31 38 41 67 71 90 #SUP: 2216
31 38 55 67 71 90 #SUP: 584
31 38 67 71 90 104 #SUP: 2120
31 41 55 67 71 90 #SUP: 560
31 41 55 67 90 104 #SUP: 440
31 41 55 71 90 104 #SUP: 440
31 41 67 71 90 104 #SUP: 2096
31 55 67 71 90 104 #SUP: 472
31 67 71 90 97 104 #SUP: 2024
36 38 41 53 90 94 #SUP: 900
36 38 41 55 90 94 #SUP: 2336
36 38 41 57 90 94 #SUP: 3432
36 38 41 90 94 97 #SUP: 4016
36 38 41 90 94 104 #SUP: 2840
36 38 41 90 94 121 #SUP: 1640
36 38 41 90 94 122 #SUP: 964
36 38 41 90 94 128 #SUP: 2192
36 38 42 90 94 97 #SUP: 2256
36 38 47 55 90 94 #SUP: 632
36 38 50 90 94 97 #SUP: 1148
36 38 53 55 90 94 #SUP: 480
36 38 53 67 90 94 #SUP: 900
36 38 53 79 90 94 #SUP: 644
36 38 53 88 90 94 #SUP: 612
36 38 53 90 94 97 #SUP: 828
36 38 53 90 94 104 #SUP: 856
36 38 53 90 94 128 #SUP: 496
36 38 55 57 90 94 #SUP: 1512
36 38 55 67 90 94 #SUP: 1496
36 38 55 79 90 94 #SUP: 1432
36 38 55 90 94 97 #SUP: 2528
36 38 55 90 94 104 #SUP: 1272
36 38 55 90 94 120 #SUP: 1016
36 38 55 90 94 121 #SUP: 848
36 38 55 90 94 122 #SUP: 948
36 38 56 90 94 97 #SUP: 3744
36 38 57 90 94 97 #SUP: 3408
36 38 57 90 94 104 #SUP: 2232
36 38 57 90 94 120 #SUP: 1792
36 38 57 90 94 128 #SUP: 2264
36 38 63 67 90 94 #SUP: 1104
36 38 63 79 90 94 #SUP: 1040
36 38 63 88 90 94 #SUP: 1008
36 38 67 71 90 94 #SUP: 3488
36 38 67 79 90 94 #SUP: 2552
36 38 67 88 90 94 #SUP: 2552
36 38 67 90 94 97 #SUP: 3936
36 38 67 90 94 104 #SUP: 3128
36 38 67 90 94 114 #SUP: 1088
36 38 67 90 94 120 #SUP: 2136
36 38 71 79 90 94 #SUP: 2312
36 38 71 88 90 94 #SUP: 2312
36 38 71 90 94 97 #SUP: 3696
36 38 71 90 94 104 #SUP: 2936
36 38 71 90 94 114 #SUP: 1088
36 38 71 90 94 120 #SUP: 2112
36 38 77 90 94 97 #SUP: 1872
36 38 79 88 90 94 #SUP: 2264
36 38 79 90 94 97 #SUP: 2960
36 38 79 90 94 104 #SUP: 2120
36 38 79 90 94 114 #SUP: 1024
36 38 79 90 94 120 #SUP: 1664
36 38 86 90 94 97 #SUP: 1872
36 38 88 90 94 97 #SUP: 2928
36 38 88 90 94 104 #SUP: 2120
36 38 88 90 94 114 #SUP: 992
36 38 88 90 94 120 #SUP: 1632
36 38 90 94 97 104 #SUP: 3168
36 38 90 94 97 110 #SUP: 1632
36 38 90 94 97 120 #SUP: 3664
36 38 90 94 97 121 #SUP: 1680
36 38 90 94 97 122 #SUP: 1056
36 38 90 94 97 125 #SUP: 1104
36 38 90 94 97 128 #SUP: 2912
36 38 90 94 104 120 #SUP: 1320
36 38 90 94 114 120 #SUP: 1776
36 38 90 94 114 125 #SUP: 616
36 38 90 94 120 125 #SUP: 808
36 38 90 94 121 128 #SUP: 1112
36 39 55 79 90 94 #SUP: 464
36 39 67 79 90 94 #SUP: 892
36 39 71 79 90 94 #SUP: 892
36 39 79 88 90 94 #SUP: 1512
36 39 79 90 94 97 #SUP: 1296
36 41 46 90 94 97 #SUP: 784
36 41 47 55 90 94 #SUP: 680
36 41 50 55 90 94 #SUP: 592
36 41 50 67 90 94 #SUP: 720
36 41 50 71 90 94 #SUP: 656
36 41 50 79 90 94 #SUP: 656
36 41 50 88 90 94 #SUP: 656
36 41 50 90 94 97 #SUP: 1280
36 41 50 90 94 104 #SUP: 688
36 41 50 90 94 122 #SUP: 576
36 41 53 55 90 94 #SUP: 468
36 41 53 67 90 94 #SUP: 872
36 41 53 71 90 94 #SUP: 808
36 41 53 79 90 94 #SUP: 632
36 41 53 88 90 94 #SUP: 632
36 41 53 90 94 104 #SUP: 888
36 41 55 67 90 94 #SUP: 1144
36 41 55 71 90 94 #SUP: 952
36 41 55 79 90 94 #SUP: 1192
36 41 55 88 90 94 #SUP: 1192
36 41 55 90 94 104 #SUP: 1112
36 41 55 90 94 114 #SUP: 552
36 41 55 90 94 122 #SUP: 1108
36 41 56 90 94 97 #SUP: 3040
36 41 67 71 90 94 #SUP: 2936
36 41 67 79 90 94 #SUP: 2280
36 41 67 88 90 94 #SUP: 2280
36 41 67 90 94 97 #SUP: 3088
36 41 67 90 94 104 #SUP: 2824
36 41 71 79 90 94 #SUP: 2088
36 41 71 88 90 94 #SUP: 2088
36 41 71 90 94 97 #SUP: 2896
36 41 71 90 94 104 #SUP: 2632
36 41 79 88 90 94 #SUP: 2648
36 41 79 90 94 97 #SUP: 2592
36 41 79 90 94 104 #SUP: 1960
36 41 88 90 94 97 #SUP: 2592
36 41 88 90 94 104 #SUP: 1960
36 41 90 94 97 122 #SUP: 1952
36 42 67 90 94 97 #SUP: 1596
36 42 71 90 94 97 #SUP: 1548
36 42 79 90 94 97 #SUP: 1664
36 42 88 90 94 97 #SUP: 1560
36 42 90 94 97 114 #SUP: 1840
36 42 90 94 97 120 #SUP: 2224
36 42 90 94 97 128 #SUP: 944
36 42 90 97 114 123 #SUP: 664
36 44 67 90 94 97 #SUP: 920
36 44 71 90 94 97 #SUP: 856
36 44 79 90 94 97 #SUP: 760
36 44 88 90 94 97 #SUP: 760
36 44 90 94 97 107 #SUP: 508
36 44 90 94 97 108 #SUP: 524
36 47 55 90 94 97 #SUP: 632
36 50 55 90 94 97 #SUP: 644
36 50 56 90 94 97 #SUP: 816
36 50 57 90 94 97 #SUP: 1040
36 50 67 71 90 94 #SUP: 712
36 50 67 79 90 94 #SUP: 612
36 50 67 88 90 94 #SUP: 612
36 50 67 90 94 97 #SUP: 852
36 50 67 90 94 104 #SUP: 760
36 50 71 79 90 94 #SUP: 536
36 50 71 88 90 94 #SUP: 536
36 50 71 90 94 97 #SUP: 776
36 50 71 90 94 104 #SUP: 696
36 50 79 88 90 94 #SUP: 740
36 50 79 90 94 97 #SUP: 740
36 50 79 90 94 104 #SUP: 568
36 50 88 90 94 97 #SUP: 740
36 50 88 90 94 104 #SUP: 568
36 50 90 94 97 104 #SUP: 760
36 50 90 94 97 107 #SUP: 444
36 50 90 94 97 108 #SUP: 460
36 50 90 94 97 120 #SUP: 586
36 50 90 94 97 122 #SUP: 512
36 50 90 94 97 128 #SUP: 668
36 53 55 67 90 94 #SUP: 512
36 53 55 71 90 94 #SUP: 436
36 53 55 79 90 94 #SUP: 580
36 53 55 88 90 94 #SUP: 476
36 53 55 90 94 104 #SUP: 432
36 53 57 67 90 94 #SUP: 612
36 53 57 71 90 94 #SUP: 612
36 53 57 90 94 97 #SUP: 640
36 53 57 90 94 104 #SUP: 640
36 53 67 71 90 94 #SUP: 882
36 53 67 79 90 94 #SUP: 688
36 53 67 88 90 94 #SUP: 652
36 53 67 90 94 97 #SUP: 824
36 53 67 90 94 104 #SUP: 880
36 53 71 79 90 94 #SUP: 612
36 53 71 88 90 94 #SUP: 576
36 53 71 90 94 97 #SUP: 748
36 53 71 90 94 104 #SUP: 816
36 53 79 88 90 94 #SUP: 628
36 53 79 90 94 97 #SUP: 652
36 53 79 90 94 104 #SUP: 688
36 53 88 90 94 97 #SUP: 548
36 53 88 90 94 104 #SUP: 688
36 53 90 94 97 120 #SUP: 438
36 53 90 94 97 128 #SUP: 508
36 55 57 90 94 97 #SUP: 1568
36 55 57 90 94 120 #SUP: 904
36 55 67 71 90 94 #SUP: 1450
36 55 67 79 90 94 #SUP: 1684
36 55 67 88 90 94 #SUP: 1648
36 55 71 79 90 94 #SUP: 1444
36 55 71 88 90 94 #SUP: 1408
36 55 79 88 90 94 #SUP: 1744
36 55 79 90 94 97 #SUP: 1408
36 55 79 90 94 120 #SUP: 488
36 55 90 94 97 120 #SUP: 1048
36 56 67 90 94 97 #SUP: 3344
36 56 71 90 94 97 #SUP: 3344
36 56 79 90 94 97 #SUP: 2848
36 56 88 90 94 97 #SUP: 2848
36 56 90 94 97 120 #SUP: 2832
36 56 90 94 97 128 #SUP: 2400
36 57 67 71 90 94 #SUP: 2218
36 57 67 79 90 94 #SUP: 1156
36 57 67 90 94 97 #SUP: 2204
36 57 67 90 94 104 #SUP: 2272
36 57 67 90 94 120 #SUP: 1252
36 57 71 79 90 94 #SUP: 1156
36 57 71 90 94 97 #SUP: 2204
36 57 71 90 94 104 #SUP: 2272
36 57 71 90 94 120 #SUP: 1252
36 57 79 90 94 97 #SUP: 1232
36 57 79 90 94 104 #SUP: 1264
36 57 79 90 94 120 #SUP: 784
36 57 88 90 94 104 #SUP: 1264
36 57 90 94 97 104 #SUP: 2312
36 57 90 94 97 120 #SUP: 1920
36 57 90 94 97 128 #SUP: 2448
36 57 90 94 104 120 #SUP: 1288
36 57 90 94 104 128 #SUP: 2024
36 63 67 79 90 94 #SUP: 720
36 63 67 88 90 94 #SUP: 720
36 63 67 90 94 114 #SUP: 1200
36 63 71 90 94 114 #SUP: 1200
36 63 79 88 90 94 #SUP: 816
36 63 79 90 94 114 #SUP: 1280
36 63 88 90 94 114 #SUP: 1248
36 64 79 90 94 97 #SUP: 692
36 67 71 79 90 94 #SUP: 2570
36 67 71 88 90 94 #SUP: 2552
36 67 71 90 94 97 #SUP: 3666
36 67 71 90 94 100 #SUP: 898
36 67 71 90 94 104 #SUP: 3136
36 67 71 90 94 114 #SUP: 754
36 67 71 90 94 120 #SUP: 1806
36 67 79 88 90 94 #SUP: 2760
36 67 79 90 94 97 #SUP: 3100
36 67 79 90 94 100 #SUP: 1076
36 67 79 90 94 104 #SUP: 2320
36 67 79 90 94 114 #SUP: 748
36 67 79 90 94 120 #SUP: 1308
36 67 88 90 94 97 #SUP: 3064
36 67 88 90 94 100 #SUP: 1040
36 67 88 90 94 104 #SUP: 2320
36 67 88 90 94 114 #SUP: 712
36 67 88 90 94 120 #SUP: 1272
36 67 90 94 97 104 #SUP: 3224
36 67 90 94 97 107 #SUP: 1744
36 67 90 94 97 108 #SUP: 1792
36 67 90 94 97 120 #SUP: 2228
36 67 90 94 97 128 #SUP: 2352
36 67 90 94 100 114 #SUP: 1092
36 67 90 94 104 120 #SUP: 1392
36 67 90 94 114 120 #SUP: 916
36 68 79 90 94 97 #SUP: 740
36 71 79 88 90 94 #SUP: 2520
36 71 79 90 94 97 #SUP: 2860
36 71 79 90 94 100 #SUP: 1076
36 71 79 90 94 104 #SUP: 2128
36 71 79 90 94 114 #SUP: 748
36 71 79 90 94 120 #SUP: 1284
36 71 88 90 94 97 #SUP: 2824
36 71 88 90 94 100 #SUP: 1040
36 71 88 90 94 104 #SUP: 2128
36 71 88 90 94 114 #SUP: 712
36 71 88 90 94 120 #SUP: 1248
36 71 90 94 97 104 #SUP: 3032
36 71 90 94 97 107 #SUP: 1648
36 71 90 94 97 108 #SUP: 1696
36 71 90 94 97 120 #SUP: 2204
36 71 90 94 97 128 #SUP: 2304
36 71 90 94 100 114 #SUP: 1092
36 71 90 94 104 120 #SUP: 1392
36 71 90 94 114 120 #SUP: 916
36 79 88 90 94 97 #SUP: 3336
36 79 88 90 94 100 #SUP: 1504
36 79 88 90 94 104 #SUP: 2224
36 79 88 90 94 114 #SUP: 808
36 79 88 90 94 119 #SUP: 1376
36 79 88 90 94 120 #SUP: 1152
36 79 88 90 94 122 #SUP: 1972
36 79 90 94 97 104 #SUP: 2216
36 79 90 94 97 107 #SUP: 1424
36 79 90 94 97 108 #SUP: 1472
36 79 90 94 97 120 #SUP: 1792
36 79 90 94 97 128 #SUP: 1232
36 79 90 94 100 114 #SUP: 1064
36 79 90 94 104 120 #SUP: 888
36 79 90 94 114 120 #SUP: 984
36 88 90 94 97 104 #SUP: 2216
36 88 90 94 97 107 #SUP: 1424
36 88 90 94 97 108 #SUP: 1472
36 88 90 94 97 120 #SUP: 1688
36 88 90 94 97 128 #SUP: 1200
36 88 90 94 104 120 #SUP: 888
36 90 94 97 104 120 #SUP: 1376
36 90 94 97 120 128 #SUP: 1904
38 41 53 90 94 128 #SUP: 464
38 41 55 58 90 94 #SUP: 560
38 41 55 67 71 90 #SUP: 1000
38 41 55 67 90 104 #SUP: 1000
38 41 67 71 90 104 #SUP: 2608
38 41 67 90 97 104 #SUP: 2768
38 41 67 90 104 120 #SUP: 1120
38 41 71 90 97 104 #SUP: 2576
38 41 71 90 104 120 #SUP: 1120
38 41 90 97 104 120 #SUP: 1104
38 44 67 90 97 104 #SUP: 800
38 55 67 71 90 104 #SUP: 1256
38 55 67 90 97 104 #SUP: 1344
38 67 71 90 97 104 #SUP: 2952
38 67 71 90 97 120 #SUP: 1652
38 67 71 90 104 120 #SUP: 1308
38 67 90 97 104 108 #SUP: 1488
38 67 90 97 104 120 #SUP: 1256
38 71 90 97 104 120 #SUP: 1256
41 55 67 71 90 104 #SUP: 880
44 67 71 90 97 104 #SUP: 792
55 67 71 90 97 104 #SUP: 1256
55 67 71 90 104 120 #SUP: 456
55 67 90 97 104 108 #SUP: 672
67 71 90 97 104 108 #SUP: 1488
67 71 90 97 104 120 #SUP: 1364
1 5 9 31 36 90 94 #SUP: 780
1 5 9 36 67 90 94 #SUP: 646
1 5 9 36 71 90 94 #SUP: 646
1 5 9 36 79 90 94 #SUP: 516
1 5 9 36 88 90 94 #SUP: 504
1 5 9 36 90 94 97 #SUP: 756
1 5 9 36 90 94 104 #SUP: 536
1 5 11 31 36 90 94 #SUP: 510
1 5 11 36 38 90 94 #SUP: 722
1 5 11 36 67 90 94 #SUP: 726
1 5 11 36 71 90 94 #SUP: 606
1 5 11 36 79 90 94 #SUP: 428
1 5 11 36 90 94 97 #SUP: 692
1 5 12 36 41 90 94 #SUP: 474
1 5 12 36 79 90 94 #SUP: 480
1 5 12 36 88 90 94 #SUP: 480
1 5 13 31 36 90 94 #SUP: 472
1 5 13 31 41 90 97 #SUP: 464
1 5 13 31 67 90 97 #SUP: 424
1 5 13 31 71 90 97 #SUP: 424
1 5 13 36 41 90 94 #SUP: 488
1 5 13 36 67 90 94 #SUP: 444
1 5 13 36 90 94 97 #SUP: 496
1 5 13 41 67 90 97 #SUP: 448
1 5 16 31 36 90 94 #SUP: 612
1 5 23 36 67 90 94 #SUP: 1344
1 5 24 31 36 90 94 #SUP: 692
1 5 24 31 41 90 97 #SUP: 560
1 5 31 36 38 90 94 #SUP: 1004
1 5 31 36 41 90 94 #SUP: 1556
1 5 31 36 57 90 94 #SUP: 908
1 5 31 36 67 90 94 #SUP: 1316
1 5 31 36 71 90 94 #SUP: 1292
1 5 31 36 79 90 94 #SUP: 1024
1 5 31 36 88 90 94 #SUP: 1000
1 5 31 36 90 94 97 #SUP: 1456
1 5 31 36 90 94 100 #SUP: 600
1 5 31 36 90 94 104 #SUP: 1012
1 5 31 36 90 94 120 #SUP: 492
1 5 31 38 41 90 104 #SUP: 932
1 5 31 38 67 71 90 #SUP: 1024
1 5 31 38 67 90 97 #SUP: 968
1 5 31 38 67 90 120 #SUP: 492
1 5 31 41 67 71 90 #SUP: 1144
1 5 31 41 67 90 97 #SUP: 1168
1 5 31 41 67 90 104 #SUP: 976
1 5 31 41 71 90 97 #SUP: 1168
1 5 31 41 71 90 104 #SUP: 976
1 5 31 41 90 97 108 #SUP: 700
1 5 31 67 71 90 97 #SUP: 1078
1 5 31 67 71 90 104 #SUP: 984
1 5 31 67 71 90 120 #SUP: 486
1 5 31 67 90 97 108 #SUP: 588
1 5 31 67 90 97 120 #SUP: 496
1 5 31 71 90 97 108 #SUP: 588
1 5 31 71 90 97 120 #SUP: 484
1 5 36 38 41 90 94 #SUP: 1300
1 5 36 38 55 90 94 #SUP: 492
1 5 36 38 67 90 94 #SUP: 1352
1 5 36 38 90 94 104 #SUP: 1268
1 5 36 38 90 94 121 #SUP: 520
1 5 36 39 79 90 94 #SUP: 680
1 5 36 41 55 90 94 #SUP: 532
1 5 36 41 67 90 94 #SUP: 1600
1 5 36 41 71 90 94 #SUP: 1504
1 5 36 41 79 90 94 #SUP: 1296
1 5 36 41 88 90 94 #SUP: 1296
1 5 36 41 90 94 97 #SUP: 1728
1 5 36 41 90 94 104 #SUP: 1332
1 5 36 44 90 94 97 #SUP: 464
1 5 36 55 67 90 94 #SUP: 548
1 5 36 55 71 90 94 #SUP: 428
1 5 36 55 79 90 94 #SUP: 576
1 5 36 55 88 90 94 #SUP: 552
1 5 36 55 90 94 104 #SUP: 500
1 5 36 56 90 94 97 #SUP: 1424
1 5 36 57 67 90 94 #SUP: 940
1 5 36 57 71 90 94 #SUP: 940
1 5 36 57 90 94 97 #SUP: 936
1 5 36 57 90 94 104 #SUP: 932
1 5 36 57 90 94 120 #SUP: 512
1 5 36 67 71 90 94 #SUP: 1438
1 5 36 67 79 90 94 #SUP: 1108
1 5 36 67 88 90 94 #SUP: 1096
1 5 36 67 90 94 97 #SUP: 1588
1 5 36 67 90 94 104 #SUP: 1360
1 5 36 67 90 94 120 #SUP: 528
1 5 36 71 79 90 94 #SUP: 988
1 5 36 71 88 90 94 #SUP: 976
1 5 36 71 90 94 97 #SUP: 1468
1 5 36 71 90 94 104 #SUP: 1264
1 5 36 71 90 94 120 #SUP: 516
1 5 36 79 88 90 94 #SUP: 1192
1 5 36 79 90 94 97 #SUP: 1280
1 5 36 79 90 94 104 #SUP: 832
1 5 36 88 90 94 97 #SUP: 1256
1 5 36 88 90 94 104 #SUP: 832
1 5 36 90 94 97 107 #SUP: 880
1 5 36 90 94 97 108 #SUP: 904
1 5 36 90 94 97 120 #SUP: 532
1 5 38 41 55 67 90 #SUP: 480
1 5 38 41 67 71 90 #SUP: 1248
1 5 38 41 67 90 104 #SUP: 1280
1 5 38 55 67 90 97 #SUP: 456
1 5 38 55 67 90 104 #SUP: 448
1 5 38 67 71 90 104 #SUP: 1216
1 5 38 67 90 97 104 #SUP: 1296
1 5 41 55 67 90 104 #SUP: 464
1 5 41 67 71 90 97 #SUP: 1296
1 5 41 67 71 90 104 #SUP: 1208
1 5 41 67 90 97 108 #SUP: 748
1 5 41 71 90 97 108 #SUP: 700
1 5 67 71 90 97 104 #SUP: 1248
1 5 67 71 90 97 108 #SUP: 676
1 5 67 71 90 97 120 #SUP: 526
1 5 67 71 90 104 120 #SUP: 528
1 5 67 90 97 104 108 #SUP: 660
1 6 9 36 90 94 97 #SUP: 756
1 6 11 31 36 90 94 #SUP: 510
1 6 11 36 38 90 94 #SUP: 594
1 6 11 36 67 90 94 #SUP: 598
1 6 11 36 90 94 97 #SUP: 564
1 6 13 31 36 90 94 #SUP: 472
1 6 13 31 41 90 97 #SUP: 464
1 6 13 31 67 90 97 #SUP: 424
1 6 13 31 71 90 97 #SUP: 424
1 6 13 36 41 90 94 #SUP: 488
1 6 13 36 67 90 94 #SUP: 444
1 6 13 36 90 94 97 #SUP: 496
1 6 13 41 67 90 97 #SUP: 448
1 6 16 31 36 90 94 #SUP: 564
1 6 23 36 67 90 94 #SUP: 1088
1 6 24 31 36 90 94 #SUP: 596
1 6 24 31 41 90 97 #SUP: 560
1 6 31 36 38 90 94 #SUP: 1004
1 6 31 36 41 90 94 #SUP: 1460
1 6 31 36 57 90 94 #SUP: 908
1 6 31 36 67 90 94 #SUP: 1268
1 6 31 36 71 90 94 #SUP: 1244
1 6 31 36 79 90 94 #SUP: 928
1 6 31 36 88 90 94 #SUP: 904
1 6 31 36 90 94 97 #SUP: 1456
1 6 31 36 90 94 100 #SUP: 600
1 6 31 36 90 94 120 #SUP: 492
1 6 31 38 41 90 104 #SUP: 932
1 6 31 38 67 71 90 #SUP: 1024
1 6 31 38 67 90 97 #SUP: 968
1 6 31 38 67 90 120 #SUP: 492
1 6 31 41 67 71 90 #SUP: 1120
1 6 31 41 67 90 97 #SUP: 1168
1 6 31 41 71 90 97 #SUP: 1168
1 6 31 41 90 97 108 #SUP: 700
1 6 31 67 71 90 97 #SUP: 1078
1 6 31 67 71 90 120 #SUP: 486
1 6 31 67 90 97 108 #SUP: 588
1 6 31 67 90 97 120 #SUP: 496
1 6 31 71 90 97 108 #SUP: 588
1 6 31 71 90 97 120 #SUP: 484
1 6 36 38 41 90 94 #SUP: 1044
1 6 36 38 67 90 94 #SUP: 1096
1 6 36 38 90 94 104 #SUP: 1012
1 6 36 38 90 94 121 #SUP: 520
1 6 36 41 67 90 94 #SUP: 1296
1 6 36 41 79 90 94 #SUP: 944
1 6 36 41 88 90 94 #SUP: 944
1 6 36 41 90 94 97 #SUP: 1472
1 6 36 56 90 94 97 #SUP: 1424
1 6 36 57 67 90 94 #SUP: 940
1 6 36 57 71 90 94 #SUP: 940
1 6 36 57 90 94 97 #SUP: 936
1 6 36 57 90 94 104 #SUP: 932
1 6 36 57 90 94 120 #SUP: 512
1 6 36 67 71 90 94 #SUP: 1158
1 6 36 67 79 90 94 #SUP: 804
1 6 36 67 88 90 94 #SUP: 792
1 6 36 67 90 94 97 #SUP: 1332
1 6 36 67 90 94 104 #SUP: 1056
1 6 36 67 90 94 120 #SUP: 528
1 6 36 71 79 90 94 #SUP: 684
1 6 36 71 88 90 94 #SUP: 672
1 6 36 71 90 94 97 #SUP: 1212
1 6 36 71 90 94 120 #SUP: 516
1 6 36 79 88 90 94 #SUP: 840
1 6 36 79 90 94 97 #SUP: 1024
1 6 36 88 90 94 97 #SUP: 1000
1 6 36 90 94 97 107 #SUP: 752
1 6 36 90 94 97 108 #SUP: 776
1 6 36 90 94 97 120 #SUP: 532
1 6 38 41 67 90 104 #SUP: 1024
1 6 38 67 90 97 104 #SUP: 1040
1 6 41 67 90 97 108 #SUP: 620
1 6 67 71 90 97 104 #SUP: 992
1 6 67 71 90 97 108 #SUP: 548
1 6 67 71 90 97 120 #SUP: 526
1 6 67 71 90 104 120 #SUP: 528
1 6 67 90 97 104 108 #SUP: 532
1 9 16 31 36 90 94 #SUP: 664
1 9 31 36 41 90 94 #SUP: 1520
1 9 31 36 67 90 94 #SUP: 1306
1 9 31 36 71 90 94 #SUP: 1306
1 9 31 36 79 90 94 #SUP: 1076
1 9 31 36 88 90 94 #SUP: 1040
1 9 31 36 90 94 97 #SUP: 1508
1 9 31 36 90 94 104 #SUP: 1104
1 9 36 39 79 90 94 #SUP: 740
1 9 36 56 90 94 97 #SUP: 1424
1 9 36 57 90 94 97 #SUP: 948
1 9 36 67 71 90 94 #SUP: 1181
1 9 36 67 79 90 94 #SUP: 778
1 9 36 67 88 90 94 #SUP: 760
1 9 36 67 90 94 97 #SUP: 1282
1 9 36 67 90 94 104 #SUP: 1080
1 9 36 71 79 90 94 #SUP: 778
1 9 36 71 88 90 94 #SUP: 760
1 9 36 71 90 94 97 #SUP: 1282
1 9 36 71 90 94 104 #SUP: 1080
1 9 36 79 88 90 94 #SUP: 896
1 9 36 79 90 94 97 #SUP: 980
1 9 36 79 90 94 104 #SUP: 576
1 9 36 88 90 94 97 #SUP: 944
1 9 36 88 90 94 104 #SUP: 576
1 9 36 90 94 97 108 #SUP: 760
1 9 36 90 94 97 120 #SUP: 564
1 11 13 36 67 90 94 #SUP: 424
1 11 31 36 38 90 94 #SUP: 1032
1 11 31 36 57 90 94 #SUP: 924
1 11 31 36 67 90 94 #SUP: 1042
1 11 31 36 71 90 94 #SUP: 994
1 11 31 36 79 90 94 #SUP: 436
1 11 31 36 90 94 97 #SUP: 948
1 11 31 36 90 94 120 #SUP: 500
1 11 36 38 41 90 94 #SUP: 1432
1 11 36 38 53 90 94 #SUP: 428
1 11 36 38 55 90 94 #SUP: 616
1 11 36 38 67 90 94 #SUP: 1472
1 11 36 38 90 94 121 #SUP: 568
1 11 36 53 67 90 94 #SUP: 438
1 11 36 55 67 90 94 #SUP: 626
1 11 36 55 79 90 94 #SUP: 596
1 11 36 67 71 90 94 #SUP: 1241
1 11 36 67 79 90 94 #SUP: 866
1 11 36 67 90 94 97 #SUP: 1378
1 11 36 71 79 90 94 #SUP: 626
1 11 36 71 90 94 97 #SUP: 1138
1 11 36 79 90 94 97 #SUP: 820
1 12 24 31 41 67 90 #SUP: 520
1 12 24 31 41 71 90 #SUP: 520
1 12 24 31 41 90 97 #SUP: 704
1 12 31 36 41 90 94 #SUP: 776
1 12 31 41 55 63 90 #SUP: 432
1 12 31 41 67 71 90 #SUP: 468
1 12 36 41 55 90 94 #SUP: 520
1 12 36 41 67 90 94 #SUP: 696
1 12 36 41 71 90 94 #SUP: 696
1 12 36 41 79 90 94 #SUP: 976
1 12 36 41 88 90 94 #SUP: 976
1 12 36 67 71 90 94 #SUP: 580
1 12 36 67 79 90 94 #SUP: 696
1 12 36 67 88 90 94 #SUP: 696
1 12 36 71 79 90 94 #SUP: 696
1 12 36 71 88 90 94 #SUP: 696
1 12 36 79 88 90 94 #SUP: 1000
1 12 38 41 55 90 104 #SUP: 472
1 12 41 55 67 71 90 #SUP: 596
1 12 41 55 67 90 104 #SUP: 536
1 12 41 55 71 90 104 #SUP: 536
1 12 41 67 71 90 97 #SUP: 576
1 12 67 71 90 97 104 #SUP: 496
1 13 24 31 41 90 97 #SUP: 448
1 13 31 36 38 90 94 #SUP: 696
1 13 31 36 41 90 94 #SUP: 904
1 13 31 36 57 90 94 #SUP: 648
1 13 31 36 67 90 94 #SUP: 832
1 13 31 36 71 90 94 #SUP: 832
1 13 31 36 79 90 94 #SUP: 576
1 13 31 36 88 90 94 #SUP: 528
1 13 31 36 90 94 97 #SUP: 928
1 13 31 38 41 90 104 #SUP: 792
1 13 31 38 67 71 90 #SUP: 872
1 13 31 41 67 71 90 #SUP: 888
1 13 31 41 67 90 97 #SUP: 896
1 13 31 41 71 90 97 #SUP: 896
1 13 31 41 90 97 108 #SUP: 464
1 13 31 67 71 90 97 #SUP: 892
1 13 31 67 71 90 120 #SUP: 424
1 13 31 67 90 97 108 #SUP: 424
1 13 31 67 90 97 120 #SUP: 432
1 13 31 71 90 97 108 #SUP: 424
1 13 31 71 90 97 120 #SUP: 432
1 13 36 38 41 90 94 #SUP: 744
1 13 36 38 67 90 94 #SUP: 776
1 13 36 38 90 94 104 #SUP: 744
1 13 36 41 67 90 94 #SUP: 856
1 13 36 41 79 90 94 #SUP: 576
1 13 36 41 88 90 94 #SUP: 576
1 13 36 41 90 94 97 #SUP: 928
1 13 36 67 79 90 94 #SUP: 520
1 13 36 67 88 90 94 #SUP: 496
1 13 36 67 90 94 97 #SUP: 872
1 13 36 79 88 90 94 #SUP: 484
1 13 36 79 90 94 97 #SUP: 640
1 13 36 88 90 94 97 #SUP: 592
1 13 36 90 94 97 107 #SUP: 488
1 13 36 90 94 97 108 #SUP: 488
1 13 38 41 67 90 104 #SUP: 872
1 13 38 67 90 97 104 #SUP: 912
1 13 41 67 90 97 108 #SUP: 448
1 16 31 36 41 90 94 #SUP: 1240
1 16 31 36 67 90 94 #SUP: 960
1 16 31 36 71 90 94 #SUP: 960
1 16 31 36 79 90 94 #SUP: 904
1 16 31 36 88 90 94 #SUP: 904
1 16 31 36 90 94 97 #SUP: 1136
1 16 31 36 90 94 104 #SUP: 776
1 21 36 79 88 90 94 #SUP: 720
1 23 36 53 67 90 94 #SUP: 784
1 23 36 67 71 90 94 #SUP: 2560
1 23 36 67 79 90 94 #SUP: 1504
1 23 36 67 88 90 94 #SUP: 1504
1 23 36 67 90 94 104 #SUP: 2560
1 24 31 36 41 90 94 #SUP: 1328
1 24 31 36 55 90 94 #SUP: 520
1 24 31 36 79 90 94 #SUP: 1528
1 24 31 41 55 90 104 #SUP: 496
1 24 31 41 67 71 90 #SUP: 520
1 24 31 41 67 90 97 #SUP: 704
1 24 31 41 71 90 97 #SUP: 704
1 24 31 41 90 97 108 #SUP: 560
1 24 31 55 67 90 104 #SUP: 432
1 24 31 55 71 90 104 #SUP: 432
1 24 31 67 71 90 97 #SUP: 562
1 31 36 38 41 90 94 #SUP: 1968
1 31 36 38 53 90 94 #SUP: 588
1 31 36 38 67 90 94 #SUP: 2096
1 31 36 38 90 94 104 #SUP: 1872
1 31 36 38 90 94 121 #SUP: 968
1 31 36 38 90 94 128 #SUP: 1784
1 31 36 41 50 90 94 #SUP: 784
1 31 36 41 53 90 94 #SUP: 672
1 31 36 41 67 90 94 #SUP: 2608
1 31 36 41 71 90 94 #SUP: 2608
1 31 36 41 79 90 94 #SUP: 2016
1 31 36 41 88 90 94 #SUP: 2016
1 31 36 41 90 94 100 #SUP: 1216
1 31 36 41 90 94 104 #SUP: 2064
1 31 36 44 90 94 97 #SUP: 712
1 31 36 50 67 90 94 #SUP: 644
1 31 36 50 71 90 94 #SUP: 632
1 31 36 50 79 90 94 #SUP: 532
1 31 36 50 88 90 94 #SUP: 532
1 31 36 50 90 94 97 #SUP: 724
1 31 36 50 90 94 104 #SUP: 552
1 31 36 53 57 90 94 #SUP: 552
1 31 36 53 67 90 94 #SUP: 656
1 31 36 53 71 90 94 #SUP: 644
1 31 36 53 90 94 97 #SUP: 516
1 31 36 55 63 90 94 #SUP: 528
1 31 36 55 67 90 94 #SUP: 548
1 31 36 55 71 90 94 #SUP: 500
1 31 36 55 79 90 94 #SUP: 632
1 31 36 55 88 90 94 #SUP: 560
1 31 36 55 90 94 104 #SUP: 432
1 31 36 55 90 94 114 #SUP: 600
1 31 36 57 67 90 94 #SUP: 1796
1 31 36 57 71 90 94 #SUP: 1796
1 31 36 57 79 90 94 #SUP: 680
1 31 36 57 90 94 97 #SUP: 1800
1 31 36 57 90 94 120 #SUP: 952
1 31 36 67 71 90 94 #SUP: 2394
1 31 36 67 79 90 94 #SUP: 1540
1 31 36 67 88 90 94 #SUP: 1504
1 31 36 67 90 94 97 #SUP: 2420
1 31 36 67 90 94 100 #SUP: 740
1 31 36 67 90 94 104 #SUP: 2000
1 31 36 67 90 94 120 #SUP: 988
1 31 36 71 79 90 94 #SUP: 1492
1 31 36 71 88 90 94 #SUP: 1456
1 31 36 71 90 94 97 #SUP: 2372
1 31 36 71 90 94 100 #SUP: 740
1 31 36 71 90 94 104 #SUP: 2000
1 31 36 71 90 94 120 #SUP: 964
1 31 36 79 88 90 94 #SUP: 1728
1 31 36 79 90 94 97 #SUP: 1816
1 31 36 79 90 94 100 #SUP: 1192
1 31 36 79 90 94 104 #SUP: 992
1 31 36 79 90 94 120 #SUP: 448
1 31 36 88 90 94 97 #SUP: 1744
1 31 36 88 90 94 104 #SUP: 992
1 31 36 90 94 97 107 #SUP: 1424
1 31 36 90 94 97 108 #SUP: 1424
1 31 36 90 94 97 120 #SUP: 1008
1 31 38 41 67 71 90 #SUP: 2144
1 31 38 55 63 67 90 #SUP: 432
1 31 38 55 67 71 90 #SUP: 512
1 31 38 67 71 90 104 #SUP: 2048
1 31 38 67 90 97 120 #SUP: 1032
1 31 41 44 67 90 97 #SUP: 624
1 31 41 44 71 90 97 #SUP: 624
1 31 41 55 63 67 90 #SUP: 528
1 31 41 55 63 71 90 #SUP: 528
1 31 41 55 67 71 90 #SUP: 488
1 31 41 67 71 90 97 #SUP: 2176
1 31 41 67 71 90 104 #SUP: 2024
1 31 41 67 90 97 108 #SUP: 1168
1 31 41 71 90 97 108 #SUP: 1168
1 31 44 67 71 90 97 #SUP: 584
1 31 67 71 90 97 108 #SUP: 1088
1 31 67 71 90 97 120 #SUP: 1026
1 36 38 41 53 90 94 #SUP: 768
1 36 38 41 55 90 94 #SUP: 944
1 36 38 41 90 94 104 #SUP: 2480
1 36 38 53 67 90 94 #SUP: 764
1 36 38 55 67 90 94 #SUP: 1072
1 36 38 55 90 94 104 #SUP: 848
1 36 38 67 71 90 94 #SUP: 2560
1 36 38 67 79 90 94 #SUP: 1552
1 36 38 67 88 90 94 #SUP: 1552
1 36 38 67 90 94 97 #SUP: 2576
1 36 38 67 90 94 104 #SUP: 2560
1 36 38 67 90 94 121 #SUP: 1048
1 36 38 90 94 104 121 #SUP: 1040
1 36 39 67 79 90 94 #SUP: 788
1 36 39 71 79 90 94 #SUP: 788
1 36 39 79 88 90 94 #SUP: 1408
1 36 39 79 90 94 97 #SUP: 1192
1 36 41 44 90 94 97 #SUP: 880
1 36 41 50 67 90 94 #SUP: 672
1 36 41 50 79 90 94 #SUP: 560
1 36 41 50 88 90 94 #SUP: 560
1 36 41 50 90 94 97 #SUP: 752
1 36 41 50 90 94 104 #SUP: 592
1 36 41 53 55 90 94 #SUP: 432
1 36 41 53 67 90 94 #SUP: 800
1 36 41 53 71 90 94 #SUP: 736
1 36 41 53 79 90 94 #SUP: 512
1 36 41 53 88 90 94 #SUP: 512
1 36 41 53 90 94 104 #SUP: 768
1 36 41 55 67 90 94 #SUP: 1072
1 36 41 55 71 90 94 #SUP: 880
1 36 41 55 79 90 94 #SUP: 1120
1 36 41 55 88 90 94 #SUP: 1120
1 36 41 55 90 94 104 #SUP: 1040
1 36 41 67 71 90 94 #SUP: 2792
1 36 41 67 79 90 94 #SUP: 2064
1 36 41 67 88 90 94 #SUP: 2064
1 36 41 67 90 94 97 #SUP: 2944
1 36 41 67 90 94 104 #SUP: 2608
1 36 41 71 79 90 94 #SUP: 1872
1 36 41 71 88 90 94 #SUP: 1872
1 36 41 71 90 94 97 #SUP: 2752
1 36 41 71 90 94 104 #SUP: 2416
1 36 41 79 88 90 94 #SUP: 2288
1 36 41 79 90 94 97 #SUP: 2304
1 36 41 79 90 94 104 #SUP: 1600
1 36 41 88 90 94 97 #SUP: 2304
1 36 41 88 90 94 104 #SUP: 1600
1 36 41 90 94 97 107 #SUP: 1728
1 36 41 90 94 97 108 #SUP: 1728
1 36 44 56 90 94 97 #SUP: 720
1 36 44 67 90 94 97 #SUP: 808
1 36 44 71 90 94 97 #SUP: 744
1 36 44 79 90 94 97 #SUP: 648
1 36 44 88 90 94 97 #SUP: 648
1 36 44 90 94 97 107 #SUP: 452
1 36 44 90 94 97 108 #SUP: 468
1 36 50 56 90 94 97 #SUP: 720
1 36 50 67 71 90 94 #SUP: 576
1 36 50 67 79 90 94 #SUP: 452
1 36 50 67 88 90 94 #SUP: 452
1 36 50 67 90 94 97 #SUP: 692
1 36 50 67 90 94 104 #SUP: 600
1 36 50 71 90 94 97 #SUP: 616
1 36 50 71 90 94 104 #SUP: 536
1 36 50 79 88 90 94 #SUP: 532
1 36 50 79 90 94 97 #SUP: 532
1 36 50 88 90 94 97 #SUP: 532
1 36 53 55 79 90 94 #SUP: 452
1 36 53 57 67 90 94 #SUP: 532
1 36 53 57 71 90 94 #SUP: 532
1 36 53 57 90 94 97 #SUP: 536
1 36 53 57 90 94 104 #SUP: 512
1 36 53 67 71 90 94 #SUP: 762
1 36 53 67 79 90 94 #SUP: 544
1 36 53 67 88 90 94 #SUP: 508
1 36 53 67 90 94 97 #SUP: 704
1 36 53 67 90 94 104 #SUP: 736
1 36 53 71 79 90 94 #SUP: 468
1 36 53 71 88 90 94 #SUP: 432
1 36 53 71 90 94 97 #SUP: 628
1 36 53 71 90 94 104 #SUP: 672
1 36 53 79 88 90 94 #SUP: 436
1 36 53 79 90 94 97 #SUP: 452
1 36 53 79 90 94 104 #SUP: 496
1 36 53 88 90 94 104 #SUP: 496
1 36 55 67 71 90 94 #SUP: 922
1 36 55 67 79 90 94 #SUP: 1156
1 36 55 67 88 90 94 #SUP: 1120
1 36 55 71 79 90 94 #SUP: 916
1 36 55 71 88 90 94 #SUP: 880
1 36 55 79 88 90 94 #SUP: 1216
1 36 55 79 90 94 97 #SUP: 920
1 36 56 67 90 94 97 #SUP: 2336
1 36 56 71 90 94 97 #SUP: 2336
1 36 56 79 90 94 97 #SUP: 1696
1 36 56 88 90 94 97 #SUP: 1696
1 36 56 90 94 97 108 #SUP: 1424
1 36 57 67 71 90 94 #SUP: 1874
1 36 57 67 79 90 94 #SUP: 740
1 36 57 67 90 94 97 #SUP: 1860
1 36 57 67 90 94 120 #SUP: 1012
1 36 57 71 79 90 94 #SUP: 740
1 36 57 71 90 94 97 #SUP: 1860
1 36 57 71 90 94 120 #SUP: 1012
1 36 57 79 90 94 97 #SUP: 744
1 36 57 79 90 94 120 #SUP: 472
1 36 57 90 94 97 120 #SUP: 1032
1 36 57 90 94 104 128 #SUP: 1832
1 36 67 71 79 90 94 #SUP: 1754
1 36 67 71 88 90 94 #SUP: 1736
1 36 67 71 90 94 97 #SUP: 2706
1 36 67 71 90 94 104 #SUP: 2536
1 36 67 71 90 94 120 #SUP: 1042
1 36 67 79 88 90 94 #SUP: 1872
1 36 67 79 90 94 97 #SUP: 2068
1 36 67 79 90 94 104 #SUP: 1648
1 36 67 79 90 94 120 #SUP: 508
1 36 67 88 90 94 97 #SUP: 2032
1 36 67 88 90 94 104 #SUP: 1648
1 36 67 88 90 94 120 #SUP: 472
1 36 67 90 94 97 104 #SUP: 2624
1 36 67 90 94 97 107 #SUP: 1520
1 36 67 90 94 97 108 #SUP: 1568
1 36 67 90 94 97 120 #SUP: 1068
1 36 67 90 94 97 128 #SUP: 1872
1 36 71 79 88 90 94 #SUP: 1632
1 36 71 79 90 94 97 #SUP: 1828
1 36 71 79 90 94 104 #SUP: 1456
1 36 71 79 90 94 120 #SUP: 484
1 36 71 88 90 94 97 #SUP: 1792
1 36 71 88 90 94 104 #SUP: 1456
1 36 71 90 94 97 107 #SUP: 1424
1 36 71 90 94 97 108 #SUP: 1472
1 36 71 90 94 97 120 #SUP: 1044
1 36 79 88 90 94 97 #SUP: 2160
1 36 79 88 90 94 104 #SUP: 1408
1 36 79 90 94 97 107 #SUP: 1200
1 36 79 90 94 97 108 #SUP: 1248
1 36 79 90 94 97 120 #SUP: 528
1 36 88 90 94 97 107 #SUP: 1200
1 36 88 90 94 97 108 #SUP: 1248
1 38 41 55 67 71 90 #SUP: 928
1 38 41 55 67 90 104 #SUP: 928
1 38 41 67 71 90 104 #SUP: 2464
1 38 41 67 90 97 104 #SUP: 2624
1 38 44 67 90 97 104 #SUP: 712
1 38 55 67 71 90 104 #SUP: 832
1 38 55 67 90 97 104 #SUP: 992
1 38 67 71 90 97 104 #SUP: 2528
1 38 67 90 97 104 108 #SUP: 1312
1 41 44 67 71 90 97 #SUP: 688
1 41 55 67 71 90 104 #SUP: 808
1 41 67 71 90 97 108 #SUP: 1296
1 44 67 71 90 97 104 #SUP: 680
1 67 71 90 97 104 108 #SUP: 1264
1 67 71 90 97 104 120 #SUP: 1104
2 5 11 24 38 90 94 #SUP: 632
2 5 11 36 38 90 94 #SUP: 688
2 5 12 36 90 94 97 #SUP: 592
2 5 24 36 38 90 94 #SUP: 1336
2 5 24 36 55 90 94 #SUP: 856
2 5 24 36 90 94 97 #SUP: 1424
2 5 24 36 90 94 128 #SUP: 616
2 5 24 38 55 90 94 #SUP: 768
2 5 24 38 66 90 94 #SUP: 960
2 5 24 38 90 94 114 #SUP: 600
2 5 24 38 90 94 128 #SUP: 528
2 5 24 55 90 94 128 #SUP: 432
2 5 36 38 41 90 94 #SUP: 800
2 5 36 38 55 90 94 #SUP: 888
2 5 36 38 90 94 97 #SUP: 1600
2 5 36 42 90 94 97 #SUP: 904
2 5 36 55 90 94 97 #SUP: 976
2 5 36 57 90 94 97 #SUP: 984
2 5 36 67 90 94 97 #SUP: 680
2 5 36 71 90 94 97 #SUP: 680
2 5 36 79 90 94 97 #SUP: 760
2 5 36 88 90 94 97 #SUP: 752
2 5 36 90 94 97 120 #SUP: 1140
2 6 11 24 36 90 97 #SUP: 618
2 6 11 24 38 90 94 #SUP: 632
2 6 11 36 38 90 94 #SUP: 706
2 6 11 36 90 94 97 #SUP: 681
2 6 11 38 55 90 94 #SUP: 426
2 6 12 36 38 90 94 #SUP: 514
2 6 24 36 38 90 94 #SUP: 1240
2 6 24 36 55 90 97 #SUP: 658
2 6 24 38 66 90 94 #SUP: 960
2 6 24 38 90 94 114 #SUP: 600
2 6 24 38 90 94 128 #SUP: 432
2 6 36 38 41 90 94 #SUP: 836
2 6 36 38 55 90 94 #SUP: 828
2 6 36 38 67 90 94 #SUP: 524
2 6 36 38 71 90 94 #SUP: 524
2 6 36 38 79 90 94 #SUP: 604
2 6 36 38 88 90 94 #SUP: 596
2 6 36 38 90 94 97 #SUP: 1504
2 6 36 38 90 94 120 #SUP: 1080
2 6 36 42 90 94 97 #SUP: 714
2 6 36 42 90 97 114 #SUP: 588
2 6 36 55 57 90 94 #SUP: 686
2 6 36 55 90 94 97 #SUP: 786
2 6 36 57 90 94 97 #SUP: 794
2 6 36 67 90 94 97 #SUP: 490
2 6 36 71 90 94 97 #SUP: 490
2 6 36 79 88 90 94 #SUP: 454
2 6 36 79 90 94 97 #SUP: 570
2 6 36 88 90 94 97 #SUP: 562
2 6 38 41 55 90 94 #SUP: 700
2 7 24 38 90 94 114 #SUP: 600
2 7 36 42 90 97 114 #SUP: 588
2 11 13 36 38 90 94 #SUP: 516
2 11 24 36 38 90 94 #SUP: 1552
2 11 24 36 55 90 97 #SUP: 672
2 11 24 38 66 90 94 #SUP: 1144
2 11 24 38 90 94 114 #SUP: 928
2 11 24 38 90 94 128 #SUP: 568
2 11 36 38 55 90 94 #SUP: 852
2 11 36 38 67 90 94 #SUP: 596
2 11 36 38 71 90 94 #SUP: 596
2 11 36 38 79 90 94 #SUP: 612
2 11 36 38 88 90 94 #SUP: 596
2 11 36 38 90 94 97 #SUP: 1656
2 11 36 38 90 94 120 #SUP: 1304
2 11 36 42 90 94 97 #SUP: 1012
2 11 36 42 90 97 114 #SUP: 892
2 11 36 55 57 90 94 #SUP: 688
2 11 36 55 90 94 97 #SUP: 796
2 11 38 41 55 90 94 #SUP: 732
2 12 36 38 67 90 94 #SUP: 788
2 12 36 38 71 90 94 #SUP: 788
2 12 36 38 79 90 94 #SUP: 932
2 12 36 38 88 90 94 #SUP: 932
2 12 36 38 90 94 97 #SUP: 1328
2 12 36 38 90 94 120 #SUP: 1132
2 12 36 42 90 94 97 #SUP: 1088
2 12 36 67 71 90 94 #SUP: 548
2 12 36 67 79 90 94 #SUP: 620
2 12 36 67 88 90 94 #SUP: 620
2 12 36 67 90 94 97 #SUP: 800
2 12 36 67 90 94 120 #SUP: 652
2 12 36 71 79 90 94 #SUP: 620
2 12 36 71 88 90 94 #SUP: 620
2 12 36 71 90 94 97 #SUP: 800
2 12 36 71 90 94 120 #SUP: 652
2 12 36 79 88 90 94 #SUP: 764
2 12 36 79 90 94 97 #SUP: 944
2 12 36 79 90 94 120 #SUP: 724
2 12 36 88 90 94 97 #SUP: 944
2 12 36 88 90 94 120 #SUP: 724
2 12 36 90 94 97 120 #SUP: 1120
2 13 24 38 90 94 114 #SUP: 904
2 16 36 57 90 94 97 #SUP: 808
2 20 24 38 90 94 114 #SUP: 876
2 22 24 36 55 90 97 #SUP: 672
2 24 36 38 55 90 94 #SUP: 1448
2 24 36 38 66 90 94 #SUP: 2216
2 24 36 38 90 94 97 #SUP: 3152
2 24 36 38 90 94 114 #SUP: 1784
2 24 36 38 90 94 128 #SUP: 1160
2 24 36 42 90 94 97 #SUP: 1952
2 24 36 55 90 94 97 #SUP: 1520
2 24 36 55 90 94 128 #SUP: 680
2 24 36 90 94 97 120 #SUP: 2504
2 24 36 90 94 97 128 #SUP: 1232
2 24 38 55 66 90 94 #SUP: 1376
2 24 38 55 90 94 128 #SUP: 608
2 24 38 66 90 94 114 #SUP: 944
2 24 38 66 90 94 128 #SUP: 800
2 24 38 90 94 114 128 #SUP: 656
2 29 36 38 90 94 97 #SUP: 2160
2 36 38 41 55 90 94 #SUP: 1392
2 36 38 41 57 90 94 #SUP: 1656
2 36 38 42 90 94 97 #SUP: 2112
2 36 38 50 90 94 97 #SUP: 616
2 36 38 55 57 90 94 #SUP: 1464
2 36 38 55 79 90 94 #SUP: 456
2 36 38 55 90 94 97 #SUP: 1680
2 36 38 55 90 94 120 #SUP: 928
2 36 38 55 90 94 122 #SUP: 596
2 36 38 56 90 94 97 #SUP: 2016
2 36 38 57 90 94 97 #SUP: 1680
2 36 38 57 90 94 120 #SUP: 912
2 36 38 67 71 90 94 #SUP: 928
2 36 38 67 79 90 94 #SUP: 1000
2 36 38 67 88 90 94 #SUP: 1000
2 36 38 67 90 94 97 #SUP: 1360
2 36 38 67 90 94 120 #SUP: 1184
2 36 38 71 79 90 94 #SUP: 1000
2 36 38 71 88 90 94 #SUP: 1000
2 36 38 71 90 94 97 #SUP: 1360
2 36 38 71 90 94 120 #SUP: 1184
2 36 38 79 88 90 94 #SUP: 1144
2 36 38 79 90 94 97 #SUP: 1536
2 36 38 79 90 94 120 #SUP: 1288
2 36 38 88 90 94 97 #SUP: 1504
2 36 38 88 90 94 120 #SUP: 1256
2 36 38 90 94 97 120 #SUP: 2728
2 36 38 90 94 97 122 #SUP: 704
2 36 42 67 90 94 97 #SUP: 1320
2 36 42 71 90 94 97 #SUP: 1320
2 36 42 79 90 94 97 #SUP: 1352
2 36 42 88 90 94 97 #SUP: 1320
2 36 42 90 94 97 114 #SUP: 1768
2 36 42 90 94 97 120 #SUP: 1984
2 36 42 90 97 114 123 #SUP: 592
2 36 47 55 57 90 94 #SUP: 504
2 36 50 55 90 94 97 #SUP: 544
2 36 50 57 90 94 97 #SUP: 576
2 36 55 57 90 94 97 #SUP: 1496
2 36 55 57 90 94 120 #SUP: 816
2 36 55 90 94 97 120 #SUP: 904
2 36 57 90 94 97 120 #SUP: 888
2 36 67 71 79 90 94 #SUP: 816
2 36 67 71 88 90 94 #SUP: 816
2 36 67 71 90 94 97 #SUP: 960
2 36 67 71 90 94 120 #SUP: 764
2 36 67 79 88 90 94 #SUP: 888
2 36 67 79 90 94 97 #SUP: 1032
2 36 67 79 90 94 120 #SUP: 800
2 36 67 88 90 94 97 #SUP: 1032
2 36 67 88 90 94 120 #SUP: 800
2 36 67 90 94 97 120 #SUP: 1160
2 36 71 79 88 90 94 #SUP: 888
2 36 71 79 90 94 97 #SUP: 1032
2 36 71 79 90 94 120 #SUP: 800
2 36 71 88 90 94 97 #SUP: 1032
2 36 71 88 90 94 120 #SUP: 800
2 36 71 90 94 97 120 #SUP: 1160
2 36 79 88 90 94 97 #SUP: 1176
2 36 79 88 90 94 104 #SUP: 816
2 36 79 88 90 94 120 #SUP: 872
2 36 79 90 94 97 120 #SUP: 1264
2 36 88 90 94 97 120 #SUP: 1232
5 9 16 36 41 90 94 #SUP: 458
5 9 16 36 90 94 97 #SUP: 482
5 9 24 36 41 90 94 #SUP: 628
5 9 24 36 55 90 94 #SUP: 516
5 9 24 36 79 90 94 #SUP: 448
5 9 24 36 90 94 97 #SUP: 724
5 9 31 36 79 90 94 #SUP: 496
5 9 31 36 90 94 97 #SUP: 736
5 9 36 38 90 94 97 #SUP: 840
5 9 36 41 90 94 97 #SUP: 1012
5 9 36 57 90 94 97 #SUP: 888
5 9 36 67 71 90 94 #SUP: 663
5 9 36 67 79 90 94 #SUP: 454
5 9 36 67 88 90 94 #SUP: 448
5 9 36 67 90 94 97 #SUP: 718
5 9 36 67 90 94 104 #SUP: 608
5 9 36 71 79 90 94 #SUP: 454
5 9 36 71 88 90 94 #SUP: 448
5 9 36 71 90 94 97 #SUP: 718
5 9 36 71 90 94 104 #SUP: 608
5 9 36 79 88 90 94 #SUP: 504
5 9 36 79 90 94 97 #SUP: 568
5 9 36 88 90 94 97 #SUP: 552
5 9 36 90 94 97 120 #SUP: 482
5 9 36 90 94 97 128 #SUP: 664
5 11 24 36 38 90 94 #SUP: 650
5 11 24 36 90 94 97 #SUP: 652
5 11 31 36 38 90 94 #SUP: 502
5 11 31 36 90 94 97 #SUP: 472
5 11 36 38 41 90 94 #SUP: 1030
5 11 36 38 55 90 94 #SUP: 690
5 11 36 38 67 90 94 #SUP: 928
5 11 36 38 71 90 94 #SUP: 808
5 11 36 38 79 90 94 #SUP: 628
5 11 36 38 88 90 94 #SUP: 624
5 11 36 38 90 94 97 #SUP: 1360
5 11 36 38 90 94 104 #SUP: 730
5 11 36 38 90 94 120 #SUP: 718
5 11 36 38 90 94 121 #SUP: 444
5 11 36 38 90 94 128 #SUP: 673
5 11 36 55 90 94 97 #SUP: 652
5 11 36 57 90 94 97 #SUP: 768
5 11 36 67 71 90 94 #SUP: 739
5 11 36 67 79 90 94 #SUP: 558
5 11 36 67 90 94 97 #SUP: 894
5 11 36 71 79 90 94 #SUP: 438
5 11 36 71 90 94 97 #SUP: 774
5 11 36 79 90 94 97 #SUP: 616
5 11 36 90 94 97 120 #SUP: 726
5 11 38 41 55 90 94 #SUP: 606
5 11 38 41 90 94 128 #SUP: 557
5 12 24 36 79 90 94 #SUP: 544
5 12 24 36 88 90 94 #SUP: 544
5 12 24 36 90 94 97 #SUP: 640
5 12 36 38 67 90 94 #SUP: 496
5 12 36 38 71 90 94 #SUP: 496
5 12 36 38 79 90 94 #SUP: 552
5 12 36 38 88 90 94 #SUP: 552
5 12 36 38 90 94 97 #SUP: 672
5 12 36 41 79 90 94 #SUP: 600
5 12 36 41 88 90 94 #SUP: 600
5 12 36 42 90 94 97 #SUP: 472
5 12 36 56 90 94 97 #SUP: 712
5 12 36 67 71 90 94 #SUP: 536
5 12 36 67 79 90 94 #SUP: 632
5 12 36 67 88 90 94 #SUP: 632
5 12 36 67 90 94 97 #SUP: 656
5 12 36 71 79 90 94 #SUP: 632
5 12 36 71 88 90 94 #SUP: 632
5 12 36 71 90 94 97 #SUP: 656
5 12 36 79 88 90 94 #SUP: 848
5 12 36 79 90 94 97 #SUP: 856
5 12 36 88 90 94 97 #SUP: 856
5 12 36 90 94 97 120 #SUP: 464
5 13 24 36 90 94 97 #SUP: 452
5 13 31 36 90 94 97 #SUP: 452
5 13 36 38 67 90 94 #SUP: 580
5 13 36 38 71 90 94 #SUP: 532
5 13 36 38 90 94 97 #SUP: 708
5 13 36 38 90 94 104 #SUP: 424
5 13 36 38 90 94 120 #SUP: 478
5 13 36 56 90 94 97 #SUP: 704
5 13 36 67 71 90 94 #SUP: 496
5 13 36 67 90 94 97 #SUP: 632
5 13 36 71 90 94 97 #SUP: 584
5 13 36 79 90 94 97 #SUP: 516
5 13 36 88 90 94 97 #SUP: 496
5 13 36 90 94 97 120 #SUP: 492
5 13 38 67 71 90 97 #SUP: 488
5 13 38 67 90 97 104 #SUP: 464
5 16 24 36 41 90 94 #SUP: 628
5 16 24 36 55 90 94 #SUP: 452
5 16 24 36 90 94 97 #SUP: 660
5 16 36 38 57 90 94 #SUP: 696
5 16 36 38 90 94 97 #SUP: 708
5 16 36 41 67 90 94 #SUP: 468
5 16 36 41 71 90 94 #SUP: 468
5 16 36 41 79 90 94 #SUP: 452
5 16 36 41 88 90 94 #SUP: 452
5 16 36 41 90 94 97 #SUP: 916
5 16 36 41 90 94 122 #SUP: 436
5 16 36 57 90 94 97 #SUP: 724
5 16 36 67 71 90 94 #SUP: 460
5 16 36 67 90 94 97 #SUP: 520
5 16 36 71 90 94 97 #SUP: 520
5 16 36 79 88 90 94 #SUP: 468
5 16 36 79 90 94 97 #SUP: 480
5 16 36 88 90 94 97 #SUP: 480
5 20 36 38 67 90 94 #SUP: 448
5 20 36 38 71 90 94 #SUP: 448
5 21 36 79 88 90 94 #SUP: 512
5 23 36 38 41 90 94 #SUP: 1440
5 23 36 38 53 90 94 #SUP: 440
5 23 36 38 67 90 94 #SUP: 1496
5 23 36 38 71 90 94 #SUP: 1400
5 23 36 38 79 90 94 #SUP: 960
5 23 36 38 88 90 94 #SUP: 960
5 23 36 38 90 94 104 #SUP: 1504
5 23 36 53 67 90 94 #SUP: 432
5 23 36 53 90 94 104 #SUP: 424
5 23 36 57 90 94 104 #SUP: 1072
5 23 36 67 71 90 94 #SUP: 1412
5 23 36 67 79 90 94 #SUP: 936
5 23 36 67 88 90 94 #SUP: 936
5 23 36 67 90 94 104 #SUP: 1480
5 23 36 71 79 90 94 #SUP: 840
5 23 36 71 88 90 94 #SUP: 840
5 23 36 71 90 94 104 #SUP: 1384
5 23 36 79 88 90 94 #SUP: 800
5 23 36 79 90 94 104 #SUP: 976
5 23 36 88 90 94 104 #SUP: 976
5 23 36 90 94 97 104 #SUP: 1536
5 23 36 90 94 104 120 #SUP: 624
5 24 31 36 79 90 94 #SUP: 696
5 24 36 38 55 90 94 #SUP: 820
5 24 36 38 90 94 97 #SUP: 1384
5 24 36 38 90 94 114 #SUP: 596
5 24 36 38 90 94 128 #SUP: 546
5 24 36 39 79 90 94 #SUP: 728
5 24 36 41 55 90 94 #SUP: 756
5 24 36 41 90 94 97 #SUP: 1160
5 24 36 41 90 94 122 #SUP: 824
5 24 36 42 90 94 97 #SUP: 856
5 24 36 55 57 90 94 #SUP: 868
5 24 36 55 66 90 94 #SUP: 712
5 24 36 55 90 94 97 #SUP: 928
5 24 36 55 90 94 128 #SUP: 450
5 24 36 63 90 94 114 #SUP: 680
5 24 36 66 70 90 94 #SUP: 816
5 24 36 67 71 90 94 #SUP: 526
5 24 36 67 79 90 94 #SUP: 708
5 24 36 67 88 90 94 #SUP: 696
5 24 36 67 90 94 97 #SUP: 804
5 24 36 71 79 90 94 #SUP: 684
5 24 36 71 88 90 94 #SUP: 672
5 24 36 71 90 94 97 #SUP: 780
5 24 36 79 88 90 94 #SUP: 1000
5 24 36 79 90 94 97 #SUP: 1080
5 24 36 88 90 94 97 #SUP: 1048
5 24 36 90 94 97 100 #SUP: 1120
5 24 36 90 94 97 120 #SUP: 1056
5 24 36 90 94 97 128 #SUP: 632
5 24 38 41 55 90 94 #SUP: 668
5 24 38 41 55 90 97 #SUP: 696
5 24 38 55 90 97 120 #SUP: 432
5 24 38 63 90 97 120 #SUP: 620
5 24 41 55 66 90 94 #SUP: 712
5 31 36 38 90 94 97 #SUP: 928
5 31 36 38 90 94 120 #SUP: 476
5 31 36 38 90 94 128 #SUP: 898
5 31 36 79 90 94 97 #SUP: 888
5 31 36 79 90 94 100 #SUP: 576
5 31 36 90 94 97 120 #SUP: 492
5 36 38 41 55 90 94 #SUP: 1092
5 36 38 41 57 90 94 #SUP: 1676
5 36 38 41 90 94 97 #SUP: 2008
5 36 38 41 90 94 104 #SUP: 1380
5 36 38 41 90 94 121 #SUP: 816
5 36 38 41 90 94 128 #SUP: 1090
5 36 38 42 90 94 97 #SUP: 864
5 36 38 50 90 94 97 #SUP: 582
5 36 38 53 67 90 94 #SUP: 422
5 36 38 55 57 90 94 #SUP: 764
5 36 38 55 67 90 94 #SUP: 712
5 36 38 55 79 90 94 #SUP: 688
5 36 38 55 90 94 97 #SUP: 1288
5 36 38 55 90 94 104 #SUP: 628
5 36 38 55 90 94 120 #SUP: 480
5 36 38 56 90 94 97 #SUP: 1584
5 36 38 57 90 94 97 #SUP: 1752
5 36 38 57 90 94 104 #SUP: 1124
5 36 38 57 90 94 120 #SUP: 884
5 36 38 57 90 94 128 #SUP: 1178
5 36 38 67 71 90 94 #SUP: 1636
5 36 38 67 79 90 94 #SUP: 1184
5 36 38 67 88 90 94 #SUP: 1184
5 36 38 67 90 94 97 #SUP: 1856
5 36 38 67 90 94 104 #SUP: 1560
5 36 38 67 90 94 120 #SUP: 904
5 36 38 71 79 90 94 #SUP: 1064
5 36 38 71 88 90 94 #SUP: 1064
5 36 38 71 90 94 97 #SUP: 1736
5 36 38 71 90 94 104 #SUP: 1464
5 36 38 71 90 94 120 #SUP: 892
5 36 38 77 90 94 97 #SUP: 792
5 36 38 79 88 90 94 #SUP: 1048
5 36 38 79 90 94 97 #SUP: 1360
5 36 38 79 90 94 104 #SUP: 1056
5 36 38 79 90 94 120 #SUP: 660
5 36 38 86 90 94 97 #SUP: 792
5 36 38 88 90 94 97 #SUP: 1352
5 36 38 88 90 94 104 #SUP: 1056
5 36 38 88 90 94 120 #SUP: 652
5 36 38 90 94 97 104 #SUP: 1616
5 36 38 90 94 97 110 #SUP: 816
5 36 38 90 94 97 120 #SUP: 1552
5 36 38 90 94 97 121 #SUP: 832
5 36 38 90 94 97 122 #SUP: 528
5 36 38 90 94 97 125 #SUP: 456
5 36 38 90 94 97 128 #SUP: 1400
5 36 38 90 94 104 120 #SUP: 640
5 36 38 90 94 114 120 #SUP: 592
5 36 38 90 94 121 128 #SUP: 554
5 36 39 67 79 90 94 #SUP: 460
5 36 39 71 79 90 94 #SUP: 460
5 36 39 79 88 90 94 #SUP: 752
5 36 39 79 90 94 97 #SUP: 680
5 36 41 50 90 94 97 #SUP: 640
5 36 41 55 90 94 122 #SUP: 488
5 36 41 56 90 94 97 #SUP: 1520
5 36 41 67 71 90 94 #SUP: 1388
5 36 41 67 79 90 94 #SUP: 1064
5 36 41 67 88 90 94 #SUP: 1064
5 36 41 67 90 94 97 #SUP: 1544
5 36 41 67 90 94 104 #SUP: 1352
5 36 41 71 79 90 94 #SUP: 968
5 36 41 71 88 90 94 #SUP: 968
5 36 41 71 90 94 97 #SUP: 1448
5 36 41 71 90 94 104 #SUP: 1256
5 36 41 79 88 90 94 #SUP: 1232
5 36 41 79 90 94 97 #SUP: 1296
5 36 41 79 90 94 104 #SUP: 896
5 36 41 88 90 94 97 #SUP: 1296
5 36 41 88 90 94 104 #SUP: 896
5 36 41 90 94 97 122 #SUP: 976
5 36 42 67 90 94 97 #SUP: 724
5 36 42 71 90 94 97 #SUP: 700
5 36 42 79 90 94 97 #SUP: 744
5 36 42 88 90 94 97 #SUP: 712
5 36 42 90 94 97 120 #SUP: 844
5 36 42 90 94 97 128 #SUP: 464
5 36 44 67 90 94 97 #SUP: 480
5 36 44 71 90 94 97 #SUP: 448
5 36 50 57 90 94 97 #SUP: 544
5 36 50 67 90 94 97 #SUP: 446
5 36 55 57 90 94 120 #SUP: 452
5 36 55 67 71 90 94 #SUP: 718
5 36 55 67 79 90 94 #SUP: 836
5 36 55 67 88 90 94 #SUP: 824
5 36 55 71 79 90 94 #SUP: 716
5 36 55 71 88 90 94 #SUP: 704
5 36 55 79 88 90 94 #SUP: 856
5 36 55 79 90 94 97 #SUP: 760
5 36 55 90 94 97 120 #SUP: 544
5 36 56 67 90 94 97 #SUP: 1528
5 36 56 71 90 94 97 #SUP: 1528
5 36 56 79 90 94 97 #SUP: 1280
5 36 56 88 90 94 97 #SUP: 1280
5 36 56 90 94 97 120 #SUP: 1128
5 36 56 90 94 97 128 #SUP: 1104
5 36 57 67 71 90 94 #SUP: 1162
5 36 57 67 79 90 94 #SUP: 628
5 36 57 67 90 94 97 #SUP: 1188
5 36 57 67 90 94 104 #SUP: 1192
5 36 57 67 90 94 120 #SUP: 632
5 36 57 71 79 90 94 #SUP: 628
5 36 57 71 90 94 97 #SUP: 1188
5 36 57 71 90 94 104 #SUP: 1192
5 36 57 71 90 94 120 #SUP: 632
5 36 57 79 90 94 97 #SUP: 696
5 36 57 79 90 94 104 #SUP: 688
5 36 57 88 90 94 104 #SUP: 688
5 36 57 90 94 97 104 #SUP: 1248
5 36 57 90 94 97 120 #SUP: 996
5 36 57 90 94 97 128 #SUP: 1320
5 36 57 90 94 104 120 #SUP: 656
5 36 57 90 94 104 128 #SUP: 1106
5 36 63 79 90 94 114 #SUP: 424
5 36 67 71 79 90 94 #SUP: 1258
5 36 67 71 88 90 94 #SUP: 1252
5 36 67 71 90 94 97 #SUP: 1834
5 36 67 71 90 94 104 #SUP: 1596
5 36 67 71 90 94 120 #SUP: 832
5 36 67 79 88 90 94 #SUP: 1352
5 36 67 79 90 94 97 #SUP: 1548
5 36 67 79 90 94 100 #SUP: 444
5 36 67 79 90 94 104 #SUP: 1176
5 36 67 79 90 94 120 #SUP: 580
5 36 67 88 90 94 97 #SUP: 1536
5 36 67 88 90 94 100 #SUP: 432
5 36 67 88 90 94 104 #SUP: 1176
5 36 67 88 90 94 120 #SUP: 568
5 36 67 90 94 97 104 #SUP: 1688
5 36 67 90 94 97 107 #SUP: 912
5 36 67 90 94 97 108 #SUP: 936
5 36 67 90 94 97 120 #SUP: 1004
5 36 67 90 94 97 128 #SUP: 1224
5 36 67 90 94 104 120 #SUP: 700
5 36 71 79 88 90 94 #SUP: 1232
5 36 71 79 90 94 97 #SUP: 1428
5 36 71 79 90 94 100 #SUP: 444
5 36 71 79 90 94 104 #SUP: 1080
5 36 71 79 90 94 120 #SUP: 568
5 36 71 88 90 94 97 #SUP: 1416
5 36 71 88 90 94 100 #SUP: 432
5 36 71 88 90 94 104 #SUP: 1080
5 36 71 88 90 94 120 #SUP: 556
5 36 71 90 94 97 104 #SUP: 1592
5 36 71 90 94 97 107 #SUP: 864
5 36 71 90 94 97 108 #SUP: 888
5 36 71 90 94 97 120 #SUP: 992
5 36 71 90 94 97 128 #SUP: 1200
5 36 71 90 94 104 120 #SUP: 700
5 36 79 88 90 94 97 #SUP: 1672
5 36 79 88 90 94 100 #SUP: 672
5 36 79 88 90 94 104 #SUP: 1104
5 36 79 88 90 94 119 #SUP: 712
5 36 79 88 90 94 120 #SUP: 508
5 36 79 88 90 94 122 #SUP: 920
5 36 79 90 94 97 104 #SUP: 1184
5 36 79 90 94 97 107 #SUP: 752
5 36 79 90 94 97 108 #SUP: 776
5 36 79 90 94 97 120 #SUP: 772
5 36 79 90 94 97 128 #SUP: 656
5 36 79 90 94 104 120 #SUP: 448
5 36 88 90 94 97 104 #SUP: 1184
5 36 88 90 94 97 107 #SUP: 752
5 36 88 90 94 97 108 #SUP: 776
5 36 88 90 94 97 120 #SUP: 740
5 36 88 90 94 97 128 #SUP: 648
5 36 88 90 94 104 120 #SUP: 448
5 36 90 94 97 104 120 #SUP: 728
5 36 90 94 97 120 128 #SUP: 896
5 38 41 67 71 90 104 #SUP: 1220
5 38 41 67 90 97 104 #SUP: 1336
5 38 41 67 90 104 120 #SUP: 500
5 38 41 71 90 97 104 #SUP: 1240
5 38 41 71 90 104 120 #SUP: 500
5 38 41 90 97 104 120 #SUP: 528
5 38 55 67 71 90 104 #SUP: 576
5 38 55 67 90 97 104 #SUP: 656
5 38 67 71 90 97 104 #SUP: 1460
5 38 67 71 90 97 120 #SUP: 746
5 38 67 71 90 104 120 #SUP: 610
5 38 67 90 97 104 108 #SUP: 748
5 38 67 90 97 104 120 #SUP: 620
5 38 71 90 97 104 120 #SUP: 620
5 55 67 71 90 97 104 #SUP: 656
5 67 71 90 97 104 108 #SUP: 772
5 67 71 90 97 104 120 #SUP: 698
6 9 16 36 90 94 97 #SUP: 450
6 9 24 36 90 94 97 #SUP: 628
6 9 31 36 90 94 97 #SUP: 736
6 9 36 38 90 94 97 #SUP: 792
6 9 36 41 90 94 97 #SUP: 1012
6 9 36 57 90 94 97 #SUP: 792
6 9 36 79 90 94 97 #SUP: 472
6 9 36 90 94 97 120 #SUP: 434
6 9 36 90 94 97 128 #SUP: 568
6 11 23 36 67 90 94 #SUP: 651
6 11 24 36 38 90 94 #SUP: 650
6 11 24 36 90 94 97 #SUP: 652
6 11 31 36 38 90 94 #SUP: 520
6 11 31 36 57 90 94 #SUP: 473
6 11 31 36 67 90 94 #SUP: 521
6 11 31 36 71 90 94 #SUP: 497
6 11 31 36 90 94 97 #SUP: 473
6 11 36 38 41 90 94 #SUP: 920
6 11 36 38 55 90 94 #SUP: 580
6 11 36 38 67 90 94 #SUP: 818
6 11 36 38 71 90 94 #SUP: 698
6 11 36 38 79 90 94 #SUP: 518
6 11 36 38 88 90 94 #SUP: 514
6 11 36 38 90 94 97 #SUP: 1232
6 11 36 38 90 94 104 #SUP: 620
6 11 36 38 90 94 120 #SUP: 736
6 11 36 38 90 94 121 #SUP: 444
6 11 36 38 90 94 128 #SUP: 673
6 11 36 55 90 94 97 #SUP: 525
6 11 36 57 90 94 97 #SUP: 769
6 11 36 67 71 90 94 #SUP: 630
6 11 36 67 79 90 94 #SUP: 449
6 11 36 67 88 90 94 #SUP: 443
6 11 36 67 90 94 97 #SUP: 767
6 11 36 67 90 94 120 #SUP: 432
6 11 36 71 90 94 97 #SUP: 647
6 11 36 79 90 94 97 #SUP: 489
6 11 36 88 90 94 97 #SUP: 473
6 11 36 90 94 97 120 #SUP: 726
6 11 38 41 55 90 94 #SUP: 496
6 11 38 41 90 94 128 #SUP: 557
6 12 36 41 79 90 94 #SUP: 442
6 12 36 41 88 90 94 #SUP: 442
6 12 36 56 90 94 97 #SUP: 712
6 12 36 67 90 94 97 #SUP: 432
6 12 36 71 90 94 97 #SUP: 432
6 12 36 79 88 90 94 #SUP: 594
6 12 36 79 90 94 97 #SUP: 632
6 12 36 88 90 94 97 #SUP: 632
6 13 24 36 90 94 97 #SUP: 452
6 13 31 36 90 94 97 #SUP: 452
6 13 36 38 67 90 94 #SUP: 580
6 13 36 38 71 90 94 #SUP: 532
6 13 36 38 90 94 97 #SUP: 708
6 13 36 38 90 94 104 #SUP: 424
6 13 36 38 90 94 120 #SUP: 478
6 13 36 56 90 94 97 #SUP: 704
6 13 36 67 71 90 94 #SUP: 496
6 13 36 67 90 94 97 #SUP: 632
6 13 36 71 90 94 97 #SUP: 584
6 13 36 79 90 94 97 #SUP: 516
6 13 36 88 90 94 97 #SUP: 496
6 13 36 90 94 97 120 #SUP: 492
6 13 38 67 71 90 97 #SUP: 488
6 13 38 67 90 97 104 #SUP: 464
6 16 24 36 90 94 97 #SUP: 596
6 16 36 38 90 94 97 #SUP: 676
6 16 36 41 67 90 94 #SUP: 444
6 16 36 41 71 90 94 #SUP: 444
6 16 36 41 90 94 97 #SUP: 916
6 16 36 67 90 94 97 #SUP: 456
6 16 36 71 90 94 97 #SUP: 456
6 20 36 38 67 90 94 #SUP: 448
6 20 36 38 71 90 94 #SUP: 448
6 23 36 38 41 90 94 #SUP: 1220
6 23 36 38 67 90 94 #SUP: 1276
6 23 36 38 71 90 94 #SUP: 1180
6 23 36 38 79 90 94 #SUP: 740
6 23 36 38 88 90 94 #SUP: 740
6 23 36 38 90 94 104 #SUP: 1284
6 23 36 57 90 94 104 #SUP: 1110
6 23 36 67 71 90 94 #SUP: 1194
6 23 36 67 79 90 94 #SUP: 718
6 23 36 67 88 90 94 #SUP: 718
6 23 36 67 90 94 104 #SUP: 1262
6 23 36 71 79 90 94 #SUP: 622
6 23 36 71 88 90 94 #SUP: 622
6 23 36 71 90 94 104 #SUP: 1166
6 23 36 79 88 90 94 #SUP: 582
6 23 36 79 90 94 104 #SUP: 758
6 23 36 88 90 94 104 #SUP: 758
6 23 36 90 94 97 104 #SUP: 1282
6 23 36 90 94 104 120 #SUP: 660
6 24 31 36 90 97 100 #SUP: 546
6 24 36 38 55 90 94 #SUP: 724
6 24 36 38 90 94 97 #SUP: 1288
6 24 36 38 90 94 114 #SUP: 596
6 24 36 38 90 94 128 #SUP: 450
6 24 36 41 90 94 97 #SUP: 1160
6 24 36 42 90 94 97 #SUP: 664
6 24 36 55 57 90 94 #SUP: 676
6 24 36 55 90 94 97 #SUP: 736
6 24 36 67 90 94 97 #SUP: 612
6 24 36 71 90 94 97 #SUP: 588
6 24 36 79 90 94 97 #SUP: 888
6 24 36 88 90 94 97 #SUP: 856
6 24 36 90 94 97 100 #SUP: 1120
6 24 36 90 94 97 120 #SUP: 960
6 24 38 41 55 90 94 #SUP: 668
6 24 38 41 55 90 97 #SUP: 696
6 24 38 63 90 97 120 #SUP: 620
6 31 36 38 41 90 94 #SUP: 984
6 31 36 38 67 90 94 #SUP: 1036
6 31 36 38 79 90 94 #SUP: 436
6 31 36 38 90 94 97 #SUP: 928
6 31 36 38 90 94 104 #SUP: 952
6 31 36 38 90 94 120 #SUP: 512
6 31 36 38 90 94 128 #SUP: 898
6 31 36 41 67 90 94 #SUP: 1236
6 31 36 41 71 90 94 #SUP: 1236
6 31 36 41 79 90 94 #SUP: 884
6 31 36 41 88 90 94 #SUP: 884
6 31 36 57 67 90 94 #SUP: 930
6 31 36 57 71 90 94 #SUP: 930
6 31 36 57 90 94 97 #SUP: 890
6 31 36 57 90 94 104 #SUP: 922
6 31 36 57 90 94 120 #SUP: 500
6 31 36 67 71 90 94 #SUP: 1148
6 31 36 67 79 90 94 #SUP: 698
6 31 36 67 88 90 94 #SUP: 686
6 31 36 67 90 94 97 #SUP: 1190
6 31 36 67 90 94 120 #SUP: 516
6 31 36 71 79 90 94 #SUP: 674
6 31 36 71 88 90 94 #SUP: 662
6 31 36 71 90 94 97 #SUP: 1166
6 31 36 71 90 94 120 #SUP: 504
6 31 36 79 88 90 94 #SUP: 734
6 31 36 79 90 94 97 #SUP: 890
6 31 36 79 90 94 100 #SUP: 576
6 31 36 88 90 94 97 #SUP: 858
6 31 36 90 94 97 120 #SUP: 492
6 31 38 41 67 71 90 #SUP: 1028
6 31 38 67 71 90 104 #SUP: 996
6 31 67 71 90 97 104 #SUP: 946
6 36 38 41 55 90 94 #SUP: 872
6 36 38 41 57 90 94 #SUP: 1712
6 36 38 41 90 94 97 #SUP: 1752
6 36 38 41 90 94 104 #SUP: 1160
6 36 38 41 90 94 121 #SUP: 816
6 36 38 41 90 94 128 #SUP: 1090
6 36 38 42 90 94 97 #SUP: 768
6 36 38 50 90 94 97 #SUP: 558
6 36 38 55 90 94 97 #SUP: 936
6 36 38 55 90 94 120 #SUP: 468
6 36 38 56 90 94 97 #SUP: 1584
6 36 38 67 71 90 94 #SUP: 1320
6 36 38 67 79 90 94 #SUP: 868
6 36 38 67 88 90 94 #SUP: 868
6 36 38 67 90 94 97 #SUP: 1504
6 36 38 67 90 94 104 #SUP: 1244
6 36 38 67 90 94 120 #SUP: 892
6 36 38 71 79 90 94 #SUP: 748
6 36 38 71 88 90 94 #SUP: 748
6 36 38 71 90 94 97 #SUP: 1384
6 36 38 71 90 94 104 #SUP: 1148
6 36 38 71 90 94 120 #SUP: 880
6 36 38 77 90 94 97 #SUP: 792
6 36 38 79 88 90 94 #SUP: 732
6 36 38 79 90 94 97 #SUP: 1008
6 36 38 79 90 94 104 #SUP: 740
6 36 38 79 90 94 120 #SUP: 648
6 36 38 86 90 94 97 #SUP: 792
6 36 38 88 90 94 97 #SUP: 1000
6 36 38 88 90 94 104 #SUP: 740
6 36 38 88 90 94 120 #SUP: 640
6 36 38 90 94 97 104 #SUP: 1264
6 36 38 90 94 97 110 #SUP: 816
6 36 38 90 94 97 120 #SUP: 1504
6 36 38 90 94 97 121 #SUP: 832
6 36 38 90 94 97 125 #SUP: 456
6 36 38 90 94 97 128 #SUP: 1304
6 36 38 90 94 104 120 #SUP: 628
6 36 38 90 94 114 120 #SUP: 592
6 36 38 90 94 121 128 #SUP: 554
6 36 39 79 90 94 97 #SUP: 586
6 36 41 50 90 94 97 #SUP: 640
6 36 41 56 90 94 97 #SUP: 1520
6 36 41 67 71 90 94 #SUP: 1144
6 36 41 67 79 90 94 #SUP: 796
6 36 41 67 88 90 94 #SUP: 796
6 36 41 67 90 94 97 #SUP: 1288
6 36 41 71 79 90 94 #SUP: 700
6 36 41 71 88 90 94 #SUP: 700
6 36 41 79 88 90 94 #SUP: 916
6 36 41 79 90 94 97 #SUP: 1040
6 36 41 88 90 94 97 #SUP: 1040
6 36 41 90 94 97 122 #SUP: 848
6 36 42 67 90 94 97 #SUP: 534
6 36 42 71 90 94 97 #SUP: 510
6 36 42 79 90 94 97 #SUP: 554
6 36 42 88 90 94 97 #SUP: 522
6 36 42 90 94 97 114 #SUP: 610
6 36 42 90 94 97 120 #SUP: 748
6 36 50 57 90 94 97 #SUP: 496
6 36 55 57 90 94 97 #SUP: 674
6 36 55 90 94 97 120 #SUP: 448
6 36 56 67 90 94 97 #SUP: 1528
6 36 56 71 90 94 97 #SUP: 1528
6 36 56 79 90 94 97 #SUP: 1280
6 36 56 88 90 94 97 #SUP: 1280
6 36 56 90 94 97 120 #SUP: 1128
6 36 56 90 94 97 128 #SUP: 1104
6 36 57 67 71 90 94 #SUP: 1008
6 36 57 67 79 90 94 #SUP: 474
6 36 57 67 90 94 97 #SUP: 998
6 36 57 67 90 94 120 #SUP: 572
6 36 57 71 79 90 94 #SUP: 474
6 36 57 71 90 94 97 #SUP: 998
6 36 57 71 90 94 120 #SUP: 572
6 36 57 79 90 94 97 #SUP: 506
6 36 57 90 94 97 120 #SUP: 900
6 36 57 90 94 97 128 #SUP: 1128
6 36 67 71 79 90 94 #SUP: 824
6 36 67 71 88 90 94 #SUP: 818
6 36 67 71 90 94 97 #SUP: 1388
6 36 67 71 90 94 104 #SUP: 1162
6 36 67 71 90 94 120 #SUP: 772
6 36 67 79 88 90 94 #SUP: 894
6 36 67 79 90 94 97 #SUP: 1102
6 36 67 79 90 94 100 #SUP: 444
6 36 67 79 90 94 104 #SUP: 718
6 36 67 79 90 94 120 #SUP: 520
6 36 67 88 90 94 97 #SUP: 1090
6 36 67 88 90 94 100 #SUP: 432
6 36 67 88 90 94 104 #SUP: 718
6 36 67 88 90 94 120 #SUP: 508
6 36 67 90 94 97 104 #SUP: 1242
6 36 67 90 94 97 107 #SUP: 688
6 36 67 90 94 97 108 #SUP: 712
6 36 67 90 94 97 120 #SUP: 908
6 36 67 90 94 97 128 #SUP: 1032
6 36 67 90 94 104 120 #SUP: 640
6 36 71 79 88 90 94 #SUP: 774
6 36 71 79 90 94 97 #SUP: 982
6 36 71 79 90 94 100 #SUP: 444
6 36 71 79 90 94 104 #SUP: 622
6 36 71 79 90 94 120 #SUP: 508
6 36 71 88 90 94 97 #SUP: 970
6 36 71 88 90 94 100 #SUP: 432
6 36 71 88 90 94 104 #SUP: 622
6 36 71 88 90 94 120 #SUP: 496
6 36 71 90 94 97 104 #SUP: 1146
6 36 71 90 94 97 107 #SUP: 640
6 36 71 90 94 97 108 #SUP: 664
6 36 71 90 94 97 120 #SUP: 896
6 36 71 90 94 104 120 #SUP: 640
6 36 79 88 90 94 97 #SUP: 1226
6 36 79 88 90 94 100 #SUP: 672
6 36 79 88 90 94 104 #SUP: 598
6 36 79 88 90 94 120 #SUP: 448
6 36 79 88 90 94 122 #SUP: 714
6 36 79 90 94 97 104 #SUP: 738
6 36 79 90 94 97 107 #SUP: 528
6 36 79 90 94 97 108 #SUP: 552
6 36 79 90 94 97 120 #SUP: 676
6 36 79 90 94 97 128 #SUP: 464
6 36 88 90 94 97 104 #SUP: 738
6 36 88 90 94 97 107 #SUP: 528
6 36 88 90 94 97 108 #SUP: 552
6 36 88 90 94 97 120 #SUP: 644
6 36 88 90 94 97 128 #SUP: 456
6 36 90 94 97 104 120 #SUP: 632
6 36 90 94 97 120 128 #SUP: 800
6 38 41 67 71 90 104 #SUP: 1000
6 38 41 67 90 97 104 #SUP: 1080
6 38 41 67 90 104 120 #SUP: 536
6 38 41 71 90 97 104 #SUP: 984
6 38 41 71 90 104 120 #SUP: 536
6 38 41 90 97 104 120 #SUP: 528
6 38 67 71 90 97 104 #SUP: 1108
6 38 67 71 90 97 120 #SUP: 698
6 38 67 71 90 104 120 #SUP: 598
6 38 67 90 97 104 108 #SUP: 572
6 38 67 90 97 104 120 #SUP: 572
6 38 71 90 97 104 120 #SUP: 572
6 67 71 90 97 104 108 #SUP: 548
6 67 71 90 97 104 120 #SUP: 602
7 24 36 38 90 94 114 #SUP: 596
7 24 36 63 90 94 114 #SUP: 680
7 24 38 63 90 97 120 #SUP: 608
7 36 42 90 94 97 114 #SUP: 610
7 36 63 79 90 94 114 #SUP: 424
9 13 31 36 90 94 97 #SUP: 496
9 16 24 36 41 90 94 #SUP: 652
9 16 24 36 55 90 94 #SUP: 476
9 16 24 36 90 94 97 #SUP: 660
9 16 36 38 90 94 97 #SUP: 676
9 16 36 41 90 94 97 #SUP: 868
9 16 36 57 90 94 97 #SUP: 644
9 16 36 67 71 90 94 #SUP: 450
9 16 36 67 90 94 97 #SUP: 496
9 16 36 71 90 94 97 #SUP: 496
9 16 36 79 88 90 94 #SUP: 440
9 16 36 79 90 94 97 #SUP: 432
9 16 36 88 90 94 97 #SUP: 432
9 24 31 36 79 90 94 #SUP: 804
9 24 36 39 79 90 94 #SUP: 740
9 24 36 41 55 90 94 #SUP: 792
9 24 36 41 90 94 97 #SUP: 1160
9 24 36 41 90 94 122 #SUP: 872
9 24 36 55 66 90 94 #SUP: 736
9 24 36 55 90 94 97 #SUP: 892
9 24 36 67 79 90 94 #SUP: 538
9 24 36 71 79 90 94 #SUP: 538
9 24 36 79 88 90 94 #SUP: 848
9 24 36 79 90 94 97 #SUP: 756
9 31 36 38 90 94 97 #SUP: 976
9 31 36 79 90 94 97 #SUP: 948
9 31 36 90 94 97 120 #SUP: 532
9 36 38 50 90 94 97 #SUP: 468
9 36 38 57 90 94 97 #SUP: 1560
9 36 38 79 90 94 97 #SUP: 448
9 36 38 90 94 97 120 #SUP: 844
9 36 38 90 94 97 121 #SUP: 804
9 36 38 90 94 97 128 #SUP: 1144
9 36 39 67 79 90 94 #SUP: 442
9 36 39 71 79 90 94 #SUP: 442
9 36 39 79 88 90 94 #SUP: 752
9 36 39 79 90 94 97 #SUP: 644
9 36 41 50 90 94 97 #SUP: 560
9 36 50 57 90 94 97 #SUP: 472
9 36 57 67 90 94 97 #SUP: 1026
9 36 57 71 90 94 97 #SUP: 1026
9 36 57 79 90 94 97 #SUP: 468
9 36 57 90 94 97 120 #SUP: 888
9 36 57 90 94 97 128 #SUP: 1224
9 36 67 71 79 90 94 #SUP: 701
9 36 67 71 88 90 94 #SUP: 692
9 36 67 71 90 94 97 #SUP: 1241
9 36 67 71 90 94 104 #SUP: 1140
9 36 67 79 88 90 94 #SUP: 664
9 36 67 79 90 94 97 #SUP: 802
9 36 67 79 90 94 104 #SUP: 600
9 36 67 88 90 94 97 #SUP: 784
9 36 67 88 90 94 104 #SUP: 600
9 36 67 90 94 97 107 #SUP: 656
9 36 67 90 94 97 108 #SUP: 680
9 36 67 90 94 97 120 #SUP: 594
9 36 71 79 88 90 94 #SUP: 664
9 36 71 79 90 94 97 #SUP: 802
9 36 71 79 90 94 104 #SUP: 600
9 36 71 88 90 94 97 #SUP: 784
9 36 71 88 90 94 104 #SUP: 600
9 36 71 90 94 97 107 #SUP: 656
9 36 71 90 94 97 108 #SUP: 680
9 36 71 90 94 97 120 #SUP: 594
9 36 79 88 90 94 97 #SUP: 848
9 36 79 88 90 94 104 #SUP: 480
9 36 79 90 94 97 107 #SUP: 496
9 36 79 90 94 97 108 #SUP: 520
9 36 79 90 94 97 128 #SUP: 448
9 36 88 90 94 97 107 #SUP: 496
9 36 88 90 94 97 108 #SUP: 520
9 36 90 94 97 120 128 #SUP: 652
11 13 24 36 90 94 114 #SUP: 484
11 13 24 38 90 94 114 #SUP: 472
11 13 36 38 41 90 94 #SUP: 432
11 13 36 38 67 90 94 #SUP: 692
11 13 36 38 71 90 94 #SUP: 596
11 13 36 38 79 90 94 #SUP: 496
11 13 36 38 88 90 94 #SUP: 488
11 13 36 38 90 94 97 #SUP: 888
11 13 36 38 90 94 104 #SUP: 460
11 13 36 38 90 94 114 #SUP: 488
11 13 36 38 90 94 120 #SUP: 618
11 13 36 38 90 94 128 #SUP: 456
11 13 36 42 90 94 97 #SUP: 528
11 13 36 67 71 90 94 #SUP: 494
11 13 36 67 90 94 97 #SUP: 676
11 13 36 71 90 94 97 #SUP: 580
11 13 36 79 90 94 97 #SUP: 504
11 13 36 90 94 97 120 #SUP: 640
11 13 36 90 94 100 114 #SUP: 488
11 13 36 90 94 114 120 #SUP: 466
11 20 36 38 67 90 94 #SUP: 528
11 20 36 38 71 90 94 #SUP: 528
11 20 36 38 90 94 114 #SUP: 462
11 20 36 38 90 94 128 #SUP: 438
11 23 36 38 67 90 94 #SUP: 1588
11 23 36 53 67 90 94 #SUP: 456
11 23 36 55 67 90 94 #SUP: 728
11 23 36 67 71 90 94 #SUP: 1400
11 23 36 67 79 90 94 #SUP: 968
11 23 36 67 88 90 94 #SUP: 968
11 23 36 67 90 94 104 #SUP: 1496
11 24 36 38 55 90 94 #SUP: 744
11 24 36 38 90 94 97 #SUP: 1576
11 24 36 38 90 94 114 #SUP: 912
11 24 36 38 90 94 125 #SUP: 508
11 24 36 38 90 94 128 #SUP: 596
11 24 36 42 90 94 97 #SUP: 964
11 24 36 55 57 90 94 #SUP: 692
11 24 36 55 90 94 97 #SUP: 748
11 24 36 90 94 97 120 #SUP: 1264
11 24 38 41 55 90 94 #SUP: 704
11 31 36 38 41 90 94 #SUP: 1020
11 31 36 38 67 90 94 #SUP: 1060
11 31 36 38 79 90 94 #SUP: 452
11 31 36 38 90 94 120 #SUP: 516
11 31 36 38 90 94 128 #SUP: 932
11 31 36 57 67 90 94 #SUP: 938
11 31 36 57 71 90 94 #SUP: 938
11 31 36 57 90 94 97 #SUP: 904
11 31 36 57 90 94 104 #SUP: 928
11 31 36 57 90 94 120 #SUP: 512
11 31 36 67 71 90 94 #SUP: 1025
11 31 36 67 79 90 94 #SUP: 458
11 31 36 67 88 90 94 #SUP: 440
11 31 36 67 90 94 97 #SUP: 934
11 31 36 67 90 94 120 #SUP: 518
11 31 36 90 94 97 120 #SUP: 508
11 36 38 41 53 90 94 #SUP: 440
11 36 38 41 55 90 94 #SUP: 1276
11 36 38 41 57 90 94 #SUP: 1572
11 36 38 41 90 94 97 #SUP: 1960
11 36 38 41 90 94 104 #SUP: 1372
11 36 38 41 90 94 121 #SUP: 868
11 36 38 41 90 94 128 #SUP: 1108
11 36 38 42 90 94 97 #SUP: 1056
11 36 38 50 90 94 97 #SUP: 540
11 36 38 53 67 90 94 #SUP: 464
11 36 38 55 67 90 94 #SUP: 772
11 36 38 55 79 90 94 #SUP: 740
11 36 38 55 90 94 97 #SUP: 1288
11 36 38 55 90 94 104 #SUP: 636
11 36 38 55 90 94 120 #SUP: 472
11 36 38 55 90 94 121 #SUP: 460
11 36 38 55 90 94 122 #SUP: 522
11 36 38 56 90 94 97 #SUP: 1728
11 36 38 63 67 90 94 #SUP: 576
11 36 38 63 79 90 94 #SUP: 544
11 36 38 63 88 90 94 #SUP: 528
11 36 38 67 71 90 94 #SUP: 1612
11 36 38 67 79 90 94 #SUP: 1228
11 36 38 67 88 90 94 #SUP: 1228
11 36 38 67 90 94 97 #SUP: 1920
11 36 38 67 90 94 114 #SUP: 544
11 36 38 67 90 94 120 #SUP: 996
11 36 38 71 79 90 94 #SUP: 988
11 36 38 71 88 90 94 #SUP: 988
11 36 38 71 90 94 97 #SUP: 1680
11 36 38 71 90 94 114 #SUP: 544
11 36 38 71 90 94 120 #SUP: 972
11 36 38 77 90 94 97 #SUP: 936
11 36 38 79 88 90 94 #SUP: 1012
11 36 38 79 90 94 97 #SUP: 1360
11 36 38 79 90 94 114 #SUP: 512
11 36 38 79 90 94 120 #SUP: 724
11 36 38 86 90 94 97 #SUP: 936
11 36 38 88 90 94 97 #SUP: 1344
11 36 38 88 90 94 114 #SUP: 496
11 36 38 88 90 94 120 #SUP: 708
11 36 38 90 94 97 120 #SUP: 1724
11 36 38 90 94 97 121 #SUP: 876
11 36 38 90 94 97 125 #SUP: 600
11 36 38 90 94 97 128 #SUP: 1432
11 36 38 90 94 114 120 #SUP: 888
11 36 38 90 94 121 128 #SUP: 568
11 36 42 67 90 94 97 #SUP: 630
11 36 42 71 90 94 97 #SUP: 582
11 36 42 79 90 94 97 #SUP: 664
11 36 42 88 90 94 97 #SUP: 612
11 36 42 90 94 97 114 #SUP: 920
11 36 42 90 94 97 120 #SUP: 1004
11 36 55 57 90 94 97 #SUP: 688
11 36 55 67 71 90 94 #SUP: 545
11 36 55 67 79 90 94 #SUP: 746
11 36 55 67 88 90 94 #SUP: 728
11 36 55 71 79 90 94 #SUP: 506
11 36 55 79 90 94 97 #SUP: 680
11 36 55 90 94 97 120 #SUP: 464
11 36 57 90 94 97 120 #SUP: 792
11 36 67 71 79 90 94 #SUP: 893
11 36 67 71 88 90 94 #SUP: 884
11 36 67 71 90 94 97 #SUP: 1477
11 36 67 71 90 94 120 #SUP: 765
11 36 67 79 88 90 94 #SUP: 908
11 36 67 79 90 94 97 #SUP: 1150
11 36 67 79 90 94 120 #SUP: 510
11 36 67 88 90 94 97 #SUP: 1132
11 36 67 90 94 97 120 #SUP: 970
11 36 67 90 94 100 114 #SUP: 546
11 36 67 90 94 114 120 #SUP: 458
11 36 71 79 88 90 94 #SUP: 668
11 36 71 79 90 94 97 #SUP: 910
11 36 71 79 90 94 120 #SUP: 486
11 36 71 88 90 94 97 #SUP: 892
11 36 71 90 94 97 120 #SUP: 946
11 36 71 90 94 100 114 #SUP: 546
11 36 71 90 94 114 120 #SUP: 458
11 36 79 88 90 94 97 #SUP: 940
11 36 79 90 94 97 120 #SUP: 716
11 36 79 90 94 100 114 #SUP: 532
11 36 79 90 94 114 120 #SUP: 492
12 13 24 38 63 90 97 #SUP: 624
12 13 36 38 90 94 114 #SUP: 468
12 13 36 38 90 94 120 #SUP: 466
12 16 36 79 88 90 94 #SUP: 460
12 21 36 79 88 90 94 #SUP: 556
12 23 36 38 41 90 94 #SUP: 692
12 23 36 38 67 90 94 #SUP: 676
12 23 36 38 71 90 94 #SUP: 676
12 23 36 38 79 90 94 #SUP: 772
12 23 36 38 88 90 94 #SUP: 772
12 23 36 67 71 90 94 #SUP: 652
12 23 36 67 79 90 94 #SUP: 676
12 23 36 67 88 90 94 #SUP: 676
12 23 36 71 79 90 94 #SUP: 676
12 23 36 71 88 90 94 #SUP: 676
12 23 36 79 88 90 94 #SUP: 796
12 24 36 38 90 94 114 #SUP: 872
12 24 36 63 90 94 114 #SUP: 1008
12 24 36 67 71 90 94 #SUP: 476
12 24 36 67 79 90 94 #SUP: 640
12 24 36 67 88 90 94 #SUP: 640
12 24 36 67 90 94 97 #SUP: 784
12 24 36 71 79 90 94 #SUP: 640
12 24 36 71 88 90 94 #SUP: 640
12 24 36 71 90 94 97 #SUP: 784
12 24 36 79 88 90 94 #SUP: 968
12 24 36 79 90 94 97 #SUP: 1040
12 24 36 88 90 94 97 #SUP: 1040
12 24 38 63 67 90 97 #SUP: 624
12 24 38 63 71 90 97 #SUP: 624
12 24 38 63 90 97 120 #SUP: 960
12 24 38 63 90 97 123 #SUP: 480
12 24 38 67 71 90 97 #SUP: 456
12 24 38 67 90 97 120 #SUP: 552
12 24 38 71 90 97 120 #SUP: 552
12 31 36 41 67 90 94 #SUP: 476
12 31 36 41 71 90 94 #SUP: 476
12 31 36 41 79 90 94 #SUP: 756
12 31 36 41 88 90 94 #SUP: 756
12 36 38 41 90 94 104 #SUP: 604
12 36 38 55 90 94 104 #SUP: 492
12 36 38 67 71 90 94 #SUP: 868
12 36 38 67 79 90 94 #SUP: 892
12 36 38 67 88 90 94 #SUP: 892
12 36 38 67 90 94 97 #SUP: 1008
12 36 38 67 90 94 114 #SUP: 544
12 36 38 67 90 94 120 #SUP: 636
12 36 38 71 79 90 94 #SUP: 892
12 36 38 71 88 90 94 #SUP: 892
12 36 38 71 90 94 97 #SUP: 1008
12 36 38 71 90 94 114 #SUP: 544
12 36 38 71 90 94 120 #SUP: 636
12 36 38 79 88 90 94 #SUP: 1012
12 36 38 79 90 94 97 #SUP: 1152
12 36 38 79 90 94 114 #SUP: 496
12 36 38 79 90 94 120 #SUP: 708
12 36 38 88 90 94 97 #SUP: 1152
12 36 38 88 90 94 114 #SUP: 496
12 36 38 88 90 94 120 #SUP: 708
12 36 38 90 94 114 120 #SUP: 872
12 36 39 79 88 90 94 #SUP: 752
12 36 41 55 67 90 94 #SUP: 476
12 36 41 55 71 90 94 #SUP: 476
12 36 41 55 79 90 94 #SUP: 500
12 36 41 55 88 90 94 #SUP: 500
12 36 41 55 90 94 104 #SUP: 460
12 36 41 67 71 90 94 #SUP: 640
12 36 41 67 79 90 94 #SUP: 828
12 36 41 67 88 90 94 #SUP: 828
12 36 41 71 79 90 94 #SUP: 828
12 36 41 71 88 90 94 #SUP: 828
12 36 41 79 88 90 94 #SUP: 1276
12 36 42 67 90 94 97 #SUP: 704
12 36 42 71 90 94 97 #SUP: 704
12 36 42 79 90 94 97 #SUP: 704
12 36 42 88 90 94 97 #SUP: 704
12 36 42 90 94 97 120 #SUP: 1024
12 36 42 90 94 97 128 #SUP: 432
12 36 55 67 71 90 94 #SUP: 664
12 36 55 67 79 90 94 #SUP: 652
12 36 55 67 88 90 94 #SUP: 652
12 36 55 71 79 90 94 #SUP: 652
12 36 55 71 88 90 94 #SUP: 652
12 36 55 79 88 90 94 #SUP: 700
12 36 56 67 90 94 97 #SUP: 880
12 36 56 71 90 94 97 #SUP: 880
12 36 56 79 90 94 97 #SUP: 1280
12 36 56 88 90 94 97 #SUP: 1280
12 36 56 90 94 97 120 #SUP: 1056
12 36 63 67 90 94 114 #SUP: 600
12 36 63 71 90 94 114 #SUP: 600
12 36 63 79 90 94 114 #SUP: 624
12 36 63 88 90 94 114 #SUP: 624
12 36 67 71 79 90 94 #SUP: 972
12 36 67 71 88 90 94 #SUP: 972
12 36 67 71 90 94 97 #SUP: 944
12 36 67 71 90 94 100 #SUP: 440
12 36 67 71 90 94 120 #SUP: 456
12 36 67 79 88 90 94 #SUP: 1184
12 36 67 79 90 94 97 #SUP: 1144
12 36 67 79 90 94 100 #SUP: 520
12 36 67 79 90 94 120 #SUP: 492
12 36 67 88 90 94 97 #SUP: 1144
12 36 67 88 90 94 100 #SUP: 520
12 36 67 88 90 94 120 #SUP: 492
12 36 67 90 94 97 120 #SUP: 664
12 36 71 79 88 90 94 #SUP: 1184
12 36 71 79 90 94 97 #SUP: 1144
12 36 71 79 90 94 100 #SUP: 520
12 36 71 79 90 94 120 #SUP: 492
12 36 71 88 90 94 97 #SUP: 1144
12 36 71 88 90 94 100 #SUP: 520
12 36 71 88 90 94 120 #SUP: 492
12 36 71 90 94 97 120 #SUP: 664
12 36 79 88 90 94 97 #SUP: 1544
12 36 79 88 90 94 100 #SUP: 752
12 36 79 88 90 94 104 #SUP: 1012
12 36 79 88 90 94 119 #SUP: 712
12 36 79 88 90 94 120 #SUP: 564
12 36 79 88 90 94 122 #SUP: 1010
12 36 79 90 94 97 120 #SUP: 736
12 36 88 90 94 97 120 #SUP: 736
12 38 41 55 67 71 90 #SUP: 596
12 38 41 67 71 90 104 #SUP: 572
12 38 41 67 90 97 104 #SUP: 592
12 38 41 71 90 97 104 #SUP: 592
12 38 55 67 71 90 104 #SUP: 676
12 38 67 71 90 97 104 #SUP: 696
12 38 67 71 90 97 120 #SUP: 436
12 41 55 67 71 90 104 #SUP: 536
12 55 67 71 90 97 104 #SUP: 672
13 23 36 38 67 90 94 #SUP: 856
13 24 36 38 90 94 114 #SUP: 908
13 24 36 42 90 94 97 #SUP: 976
13 24 36 67 90 94 97 #SUP: 632
13 24 36 71 90 94 97 #SUP: 632
13 24 36 79 90 94 97 #SUP: 800
13 24 36 88 90 94 97 #SUP: 736
13 24 36 90 94 97 100 #SUP: 1184
13 24 38 63 67 90 97 #SUP: 624
13 24 38 63 71 90 97 #SUP: 624
13 24 38 63 90 97 120 #SUP: 976
13 24 38 63 90 97 123 #SUP: 480
13 24 38 67 71 90 97 #SUP: 456
13 24 38 67 90 97 120 #SUP: 552
13 24 38 71 90 97 120 #SUP: 552
13 31 36 38 90 94 97 #SUP: 640
13 31 36 38 90 94 128 #SUP: 600
13 31 36 79 90 94 97 #SUP: 560
13 36 38 41 90 94 128 #SUP: 596
13 36 38 42 90 94 97 #SUP: 1056
13 36 38 56 90 94 97 #SUP: 1440
13 36 38 67 71 90 94 #SUP: 1024
13 36 38 67 79 90 94 #SUP: 712
13 36 38 67 88 90 94 #SUP: 712
13 36 38 67 90 94 97 #SUP: 1280
13 36 38 67 90 94 104 #SUP: 856
13 36 38 67 90 94 114 #SUP: 488
13 36 38 67 90 94 120 #SUP: 812
13 36 38 71 79 90 94 #SUP: 616
13 36 38 71 88 90 94 #SUP: 616
13 36 38 71 90 94 97 #SUP: 1184
13 36 38 71 90 94 114 #SUP: 488
13 36 38 71 90 94 120 #SUP: 812
13 36 38 79 88 90 94 #SUP: 572
13 36 38 79 90 94 97 #SUP: 912
13 36 38 79 90 94 114 #SUP: 480
13 36 38 79 90 94 120 #SUP: 636
13 36 38 88 90 94 97 #SUP: 896
13 36 38 88 90 94 114 #SUP: 464
13 36 38 88 90 94 120 #SUP: 620
13 36 38 90 94 97 120 #SUP: 1256
13 36 38 90 94 97 128 #SUP: 880
13 36 38 90 94 114 120 #SUP: 884
13 36 42 67 90 94 97 #SUP: 632
13 36 42 71 90 94 97 #SUP: 632
13 36 42 79 90 94 97 #SUP: 672
13 36 42 90 94 97 120 #SUP: 1016
13 36 56 67 90 94 97 #SUP: 1136
13 36 56 71 90 94 97 #SUP: 1136
13 36 56 79 90 94 97 #SUP: 880
13 36 56 88 90 94 97 #SUP: 880
13 36 67 71 79 90 94 #SUP: 584
13 36 67 71 88 90 94 #SUP: 572
13 36 67 71 90 94 97 #SUP: 1044
13 36 67 71 90 94 120 #SUP: 608
13 36 67 79 88 90 94 #SUP: 592
13 36 67 79 90 94 97 #SUP: 832
13 36 67 79 90 94 120 #SUP: 428
13 36 67 88 90 94 97 #SUP: 808
13 36 67 90 94 97 107 #SUP: 488
13 36 67 90 94 97 108 #SUP: 488
13 36 67 90 94 97 120 #SUP: 832
13 36 67 90 94 100 114 #SUP: 504
13 36 67 90 94 114 120 #SUP: 460
13 36 71 79 88 90 94 #SUP: 496
13 36 71 79 90 94 97 #SUP: 736
13 36 71 79 90 94 120 #SUP: 428
13 36 71 88 90 94 97 #SUP: 712
13 36 71 90 94 97 107 #SUP: 440
13 36 71 90 94 97 108 #SUP: 440
13 36 71 90 94 97 120 #SUP: 832
13 36 71 90 94 100 114 #SUP: 504
13 36 71 90 94 114 120 #SUP: 460
13 36 79 88 90 94 97 #SUP: 808
13 36 79 88 90 94 100 #SUP: 484
13 36 79 90 94 97 120 #SUP: 680
13 36 79 90 94 100 114 #SUP: 520
13 36 79 90 94 114 120 #SUP: 500
13 38 55 67 90 97 104 #SUP: 464
13 38 67 71 90 97 104 #SUP: 944
13 38 67 71 90 97 120 #SUP: 688
13 38 67 71 90 104 120 #SUP: 476
13 38 67 90 97 104 108 #SUP: 472
16 24 36 41 55 90 94 #SUP: 792
16 24 36 41 90 94 97 #SUP: 1160
16 24 36 41 90 94 122 #SUP: 872
16 24 36 55 90 94 97 #SUP: 760
16 24 36 79 88 90 94 #SUP: 768
16 36 38 41 57 90 94 #SUP: 1328
16 36 38 55 57 90 94 #SUP: 688
16 36 38 57 90 94 97 #SUP: 1352
16 36 38 57 90 94 104 #SUP: 712
16 36 38 57 90 94 120 #SUP: 680
16 36 38 67 90 94 104 #SUP: 712
16 36 38 71 90 94 104 #SUP: 712
16 36 38 90 94 97 104 #SUP: 752
16 36 38 90 94 97 120 #SUP: 700
16 36 38 90 94 97 121 #SUP: 636
16 36 41 50 90 94 97 #SUP: 520
16 36 41 56 90 94 97 #SUP: 1184
16 36 41 67 71 90 94 #SUP: 772
16 36 41 67 79 90 94 #SUP: 576
16 36 41 67 88 90 94 #SUP: 576
16 36 41 67 90 94 104 #SUP: 704
16 36 41 71 79 90 94 #SUP: 576
16 36 41 71 88 90 94 #SUP: 576
16 36 41 71 90 94 104 #SUP: 704
16 36 41 79 88 90 94 #SUP: 824
16 36 41 79 90 94 104 #SUP: 440
16 36 41 88 90 94 104 #SUP: 440
16 36 41 90 94 97 122 #SUP: 776
16 36 57 67 90 94 104 #SUP: 696
16 36 57 71 90 94 104 #SUP: 696
16 36 57 90 94 97 104 #SUP: 736
16 36 57 90 94 97 120 #SUP: 692
16 36 57 90 94 97 128 #SUP: 856
16 36 67 71 79 90 94 #SUP: 500
16 36 67 71 88 90 94 #SUP: 500
16 36 67 71 90 94 97 #SUP: 840
16 36 67 71 90 94 104 #SUP: 756
16 36 67 79 88 90 94 #SUP: 560
16 36 67 79 90 94 97 #SUP: 608
16 36 67 79 90 94 104 #SUP: 432
16 36 67 88 90 94 97 #SUP: 608
16 36 67 88 90 94 104 #SUP: 432
16 36 67 90 94 97 104 #SUP: 736
16 36 67 90 94 97 107 #SUP: 472
16 36 67 90 94 97 108 #SUP: 472
16 36 71 79 88 90 94 #SUP: 560
16 36 71 79 90 94 97 #SUP: 608
16 36 71 79 90 94 104 #SUP: 432
16 36 71 88 90 94 97 #SUP: 608
16 36 71 88 90 94 104 #SUP: 432
16 36 71 90 94 97 104 #SUP: 736
16 36 71 90 94 97 107 #SUP: 472
16 36 71 90 94 97 108 #SUP: 472
16 36 79 88 90 94 97 #SUP: 784
16 36 79 88 90 94 104 #SUP: 424
20 36 38 41 90 94 128 #SUP: 582
20 36 38 56 90 94 97 #SUP: 1440
20 36 38 67 71 90 94 #SUP: 840
20 36 38 67 79 90 94 #SUP: 432
20 36 38 67 88 90 94 #SUP: 432
20 36 38 71 79 90 94 #SUP: 432
20 36 38 71 88 90 94 #SUP: 432
21 24 36 79 88 90 94 #SUP: 480
21 31 36 79 88 90 94 #SUP: 448
21 36 38 79 88 90 94 #SUP: 552
21 36 39 79 88 90 94 #SUP: 488
21 36 41 79 88 90 94 #SUP: 776
21 36 55 79 88 90 94 #SUP: 640
21 36 67 79 88 90 94 #SUP: 792
21 36 71 79 88 90 94 #SUP: 776
21 36 79 88 90 94 97 #SUP: 872
21 36 79 88 90 94 104 #SUP: 768
21 36 79 88 90 94 119 #SUP: 472
21 36 79 88 90 94 122 #SUP: 652
22 36 38 55 90 94 97 #SUP: 1016
23 31 36 67 71 90 94 #SUP: 2032
23 36 38 41 53 90 94 #SUP: 872
23 36 38 41 67 90 94 #SUP: 2872
23 36 38 41 71 90 94 #SUP: 2680
23 36 38 41 79 90 94 #SUP: 1768
23 36 38 41 88 90 94 #SUP: 1768
23 36 38 41 90 94 104 #SUP: 2824
23 36 38 53 67 90 94 #SUP: 888
23 36 38 53 71 90 94 #SUP: 824
23 36 38 53 79 90 94 #SUP: 600
23 36 38 53 88 90 94 #SUP: 600
23 36 38 53 90 94 104 #SUP: 840
23 36 38 55 67 90 94 #SUP: 1256
23 36 38 67 71 90 94 #SUP: 2864
23 36 38 67 79 90 94 #SUP: 1880
23 36 38 67 88 90 94 #SUP: 1880
23 36 38 67 90 94 104 #SUP: 2936
23 36 38 71 79 90 94 #SUP: 1688
23 36 38 71 88 90 94 #SUP: 1688
23 36 38 71 90 94 104 #SUP: 2744
23 36 38 79 88 90 94 #SUP: 1592
23 36 38 79 90 94 104 #SUP: 1928
23 36 38 88 90 94 104 #SUP: 1928
23 36 38 90 94 97 104 #SUP: 2976
23 36 38 90 94 104 120 #SUP: 1224
23 36 50 90 94 97 104 #SUP: 688
23 36 53 57 90 94 104 #SUP: 624
23 36 53 67 71 90 94 #SUP: 840
23 36 53 67 79 90 94 #SUP: 592
23 36 53 67 88 90 94 #SUP: 592
23 36 53 67 90 94 104 #SUP: 832
23 36 53 71 79 90 94 #SUP: 528
23 36 53 71 88 90 94 #SUP: 528
23 36 53 71 90 94 104 #SUP: 768
23 36 53 79 88 90 94 #SUP: 520
23 36 53 79 90 94 104 #SUP: 592
23 36 53 88 90 94 104 #SUP: 592
23 36 53 90 94 97 104 #SUP: 824
23 36 55 67 71 90 94 #SUP: 1072
23 36 55 67 79 90 94 #SUP: 1168
23 36 55 67 88 90 94 #SUP: 1168
23 36 57 67 90 94 104 #SUP: 2080
23 36 57 71 90 94 104 #SUP: 2080
23 36 57 79 90 94 104 #SUP: 1072
23 36 57 88 90 94 104 #SUP: 1072
23 36 57 90 94 97 104 #SUP: 2120
23 36 57 90 94 104 120 #SUP: 1192
23 36 67 71 79 90 94 #SUP: 1720
23 36 67 71 88 90 94 #SUP: 1720
23 36 67 71 90 94 104 #SUP: 2776
23 36 67 79 88 90 94 #SUP: 1552
23 36 67 79 90 94 104 #SUP: 1888
23 36 67 88 90 94 104 #SUP: 1888
23 36 67 90 94 97 104 #SUP: 2936
23 36 67 90 94 104 120 #SUP: 1248
23 36 71 79 88 90 94 #SUP: 1360
23 36 71 79 90 94 104 #SUP: 1696
23 36 71 88 90 94 104 #SUP: 1696
23 36 71 90 94 97 104 #SUP: 2744
23 36 71 90 94 104 120 #SUP: 1248
23 36 79 88 90 94 104 #SUP: 1648
23 36 79 90 94 97 104 #SUP: 1928
23 36 79 90 94 104 120 #SUP: 744
23 36 88 90 94 97 104 #SUP: 1928
23 36 88 90 94 104 120 #SUP: 744
23 36 90 94 97 104 120 #SUP: 1232
24 31 36 39 90 97 100 #SUP: 1104
24 31 36 55 79 90 94 #SUP: 536
24 31 36 79 90 94 97 #SUP: 1272
24 36 38 41 55 90 94 #SUP: 1336
24 36 38 42 90 94 97 #SUP: 2000
24 36 38 55 57 90 94 #SUP: 1408
24 36 38 55 81 90 94 #SUP: 464
24 36 38 55 90 94 97 #SUP: 1568
24 36 38 55 90 94 121 #SUP: 736
24 36 38 55 90 94 128 #SUP: 640
24 36 38 90 94 97 120 #SUP: 2528
24 36 38 90 94 97 128 #SUP: 1184
24 36 38 90 94 114 125 #SUP: 584
24 36 38 90 94 114 128 #SUP: 640
24 36 39 55 79 90 94 #SUP: 456
24 36 39 67 79 90 94 #SUP: 788
24 36 39 71 79 90 94 #SUP: 788
24 36 39 79 88 90 94 #SUP: 1408
24 36 39 79 90 94 97 #SUP: 1192
24 36 41 46 90 94 97 #SUP: 688
24 36 41 47 55 90 94 #SUP: 528
24 36 41 50 55 90 94 #SUP: 528
24 36 41 50 90 94 97 #SUP: 688
24 36 41 50 90 94 122 #SUP: 496
24 36 41 55 66 90 94 #SUP: 1464
24 36 41 55 70 90 94 #SUP: 1440
24 36 41 55 90 94 122 #SUP: 720
24 36 41 90 94 97 122 #SUP: 1456
24 36 42 67 90 94 97 #SUP: 1236
24 36 42 71 90 94 97 #SUP: 1188
24 36 42 79 90 94 97 #SUP: 1304
24 36 42 88 90 94 97 #SUP: 1200
24 36 42 90 94 97 120 #SUP: 2000
24 36 42 90 94 97 128 #SUP: 848
24 36 42 90 97 100 114 #SUP: 1840
24 36 47 55 90 94 97 #SUP: 504
24 36 50 55 90 94 97 #SUP: 516
24 36 50 79 88 90 94 #SUP: 436
24 36 55 57 81 90 94 #SUP: 520
24 36 55 57 90 94 97 #SUP: 1560
24 36 55 57 90 94 128 #SUP: 632
24 36 55 67 79 90 94 #SUP: 516
24 36 55 71 79 90 94 #SUP: 468
24 36 55 79 88 90 94 #SUP: 624
24 36 55 81 90 94 97 #SUP: 520
24 36 55 90 94 97 120 #SUP: 920
24 36 55 90 94 97 128 #SUP: 704
24 36 56 90 94 97 100 #SUP: 2752
24 36 63 66 90 94 114 #SUP: 1040
24 36 63 67 79 90 94 #SUP: 624
24 36 63 67 88 90 94 #SUP: 624
24 36 63 67 90 94 114 #SUP: 1008
24 36 63 70 90 94 114 #SUP: 1008
24 36 63 71 90 94 114 #SUP: 1008
24 36 63 79 88 90 94 #SUP: 768
24 36 63 79 90 94 114 #SUP: 1184
24 36 63 88 90 94 114 #SUP: 1152
24 36 67 71 79 90 94 #SUP: 850
24 36 67 71 88 90 94 #SUP: 832
24 36 67 71 90 94 97 #SUP: 994
24 36 67 71 90 94 114 #SUP: 522
24 36 67 79 88 90 94 #SUP: 1208
24 36 67 79 90 94 97 #SUP: 1316
24 36 67 79 90 94 114 #SUP: 612
24 36 67 88 90 94 97 #SUP: 1280
24 36 67 90 94 97 100 #SUP: 1412
24 36 71 79 88 90 94 #SUP: 1160
24 36 71 79 90 94 97 #SUP: 1268
24 36 71 79 90 94 114 #SUP: 612
24 36 71 88 90 94 97 #SUP: 1232
24 36 71 90 94 97 100 #SUP: 1412
24 36 79 88 90 94 97 #SUP: 1792
24 36 79 88 90 94 119 #SUP: 752
24 36 79 90 94 97 100 #SUP: 1992
24 36 90 94 97 120 128 #SUP: 944
24 38 41 55 90 94 128 #SUP: 488
24 38 41 55 90 97 120 #SUP: 744
24 38 63 67 71 90 97 #SUP: 624
24 38 63 67 90 97 120 #SUP: 984
24 38 63 67 90 97 123 #SUP: 480
24 38 63 71 90 97 120 #SUP: 960
24 38 63 71 90 97 123 #SUP: 480
24 38 63 90 97 120 123 #SUP: 672
24 38 67 71 90 97 120 #SUP: 624
24 55 67 71 90 97 104 #SUP: 480
31 36 38 41 53 90 94 #SUP: 600
31 36 38 53 67 90 94 #SUP: 596
31 36 38 53 90 94 128 #SUP: 484
31 36 38 55 67 90 94 #SUP: 440
31 36 38 67 71 90 94 #SUP: 2120
31 36 38 67 79 90 94 #SUP: 920
31 36 38 67 88 90 94 #SUP: 920
31 36 38 67 90 94 120 #SUP: 1024
31 36 38 79 90 94 97 #SUP: 752
31 36 38 79 90 94 120 #SUP: 480
31 36 38 90 94 97 120 #SUP: 968
31 36 38 90 94 97 128 #SUP: 1808
31 36 39 67 79 90 94 #SUP: 700
31 36 39 71 79 90 94 #SUP: 700
31 36 39 79 88 90 94 #SUP: 1320
31 36 39 79 90 94 97 #SUP: 1104
31 36 41 53 67 90 94 #SUP: 632
31 36 41 53 71 90 94 #SUP: 632
31 36 41 53 90 94 104 #SUP: 600
31 36 41 55 90 94 98 #SUP: 600
31 36 41 67 71 90 94 #SUP: 2352
31 36 41 67 79 90 94 #SUP: 1432
31 36 41 67 88 90 94 #SUP: 1432
31 36 41 67 90 94 104 #SUP: 1976
31 36 41 71 79 90 94 #SUP: 1432
31 36 41 71 88 90 94 #SUP: 1432
31 36 41 71 90 94 104 #SUP: 1976
31 36 41 79 88 90 94 #SUP: 1656
31 36 41 79 90 94 104 #SUP: 968
31 36 41 88 90 94 104 #SUP: 968
31 36 53 57 67 90 94 #SUP: 532
31 36 53 57 71 90 94 #SUP: 532
31 36 53 57 90 94 97 #SUP: 512
31 36 53 57 90 94 104 #SUP: 512
31 36 53 67 71 90 94 #SUP: 634
31 36 53 67 90 94 97 #SUP: 488
31 36 53 67 90 94 104 #SUP: 544
31 36 53 71 90 94 104 #SUP: 544
31 36 55 63 79 90 94 #SUP: 464
31 36 55 63 90 94 114 #SUP: 512
31 36 55 67 71 90 94 #SUP: 490
31 36 55 67 79 90 94 #SUP: 532
31 36 55 67 88 90 94 #SUP: 496
31 36 55 71 79 90 94 #SUP: 484
31 36 55 71 88 90 94 #SUP: 448
31 36 55 79 88 90 94 #SUP: 592
31 36 55 79 90 94 114 #SUP: 528
31 36 55 88 90 94 114 #SUP: 424
31 36 57 67 71 90 94 #SUP: 1858
31 36 57 67 79 90 94 #SUP: 724
31 36 57 67 90 94 97 #SUP: 1772
31 36 57 67 90 94 120 #SUP: 988
31 36 57 71 79 90 94 #SUP: 724
31 36 57 71 90 94 97 #SUP: 1772
31 36 57 71 90 94 120 #SUP: 988
31 36 57 79 90 94 97 #SUP: 656
31 36 57 79 90 94 120 #SUP: 448
31 36 67 71 79 90 94 #SUP: 1226
31 36 67 71 88 90 94 #SUP: 1208
31 36 67 71 90 94 97 #SUP: 2106
31 36 67 71 90 94 104 #SUP: 2008
31 36 67 71 90 94 120 #SUP: 1018
31 36 67 79 88 90 94 #SUP: 1152
31 36 67 79 90 94 97 #SUP: 1276
31 36 67 79 90 94 104 #SUP: 928
31 36 67 79 90 94 120 #SUP: 484
31 36 67 88 90 94 97 #SUP: 1240
31 36 67 88 90 94 104 #SUP: 928
31 36 71 79 88 90 94 #SUP: 1104
31 36 71 79 90 94 97 #SUP: 1228
31 36 71 79 90 94 104 #SUP: 928
31 36 71 79 90 94 120 #SUP: 460
31 36 71 88 90 94 97 #SUP: 1192
31 36 71 88 90 94 104 #SUP: 928
31 36 79 88 90 94 97 #SUP: 1368
31 36 79 88 90 94 104 #SUP: 688
31 36 79 90 94 97 120 #SUP: 464
31 38 41 55 67 71 90 #SUP: 488
31 38 41 67 71 90 104 #SUP: 2024
31 38 67 71 90 104 120 #SUP: 1096
36 38 41 47 55 90 94 #SUP: 584
36 38 41 50 90 94 97 #SUP: 1024
36 38 41 53 90 94 104 #SUP: 792
36 38 41 53 90 94 128 #SUP: 452
36 38 41 55 57 90 94 #SUP: 1416
36 38 41 55 58 90 94 #SUP: 536
36 38 41 55 90 94 97 #SUP: 2000
36 38 41 55 90 94 104 #SUP: 824
36 38 41 55 90 94 121 #SUP: 776
36 38 41 55 90 94 122 #SUP: 820
36 38 41 55 90 94 125 #SUP: 568
36 38 41 57 90 94 97 #SUP: 3312
36 38 41 57 90 94 104 #SUP: 2136
36 38 41 57 90 94 120 #SUP: 1744
36 38 41 57 90 94 121 #SUP: 1544
36 38 41 57 90 94 128 #SUP: 2168
36 38 41 90 94 97 121 #SUP: 1608
36 38 41 90 94 97 122 #SUP: 928
36 38 42 67 90 94 97 #SUP: 1360
36 38 42 71 90 94 97 #SUP: 1312
36 38 42 79 90 94 97 #SUP: 1392
36 38 42 88 90 94 97 #SUP: 1360
36 38 42 90 94 97 120 #SUP: 2008
36 38 46 90 94 97 110 #SUP: 540
36 38 47 55 90 94 97 #SUP: 608
36 38 50 55 90 94 97 #SUP: 620
36 38 50 57 90 94 97 #SUP: 984
36 38 50 67 90 94 97 #SUP: 668
36 38 50 79 90 94 97 #SUP: 428
36 38 50 88 90 94 97 #SUP: 428
36 38 50 90 94 97 104 #SUP: 704
36 38 50 90 94 97 110 #SUP: 540
36 38 50 90 94 97 120 #SUP: 542
36 38 50 90 94 97 121 #SUP: 482
36 38 50 90 94 97 128 #SUP: 612
36 38 53 67 79 90 94 #SUP: 564
36 38 53 67 88 90 94 #SUP: 564
36 38 53 67 90 94 97 #SUP: 748
36 38 53 79 88 90 94 #SUP: 492
36 38 53 79 90 94 97 #SUP: 540
36 38 53 88 90 94 97 #SUP: 508
36 38 55 57 90 94 120 #SUP: 784
36 38 55 67 71 90 94 #SUP: 1256
36 38 55 67 79 90 94 #SUP: 1400
36 38 55 67 88 90 94 #SUP: 1400
36 38 55 79 90 94 97 #SUP: 1232
36 38 55 90 94 97 120 #SUP: 928
36 38 55 90 94 97 121 #SUP: 816
36 38 55 90 94 97 122 #SUP: 912
36 38 56 67 90 94 97 #SUP: 2736
36 38 56 71 90 94 97 #SUP: 2736
36 38 56 77 90 94 97 #SUP: 1440
36 38 56 79 90 94 97 #SUP: 1728
36 38 56 86 90 94 97 #SUP: 1440
36 38 56 88 90 94 97 #SUP: 1728
36 38 56 90 94 97 120 #SUP: 2736
36 38 56 90 94 97 128 #SUP: 2304
36 38 57 67 90 94 104 #SUP: 2072
36 38 57 71 90 94 104 #SUP: 2072
36 38 57 79 90 94 104 #SUP: 1064
36 38 57 88 90 94 104 #SUP: 1064
36 38 57 90 94 97 104 #SUP: 2112
36 38 57 90 94 97 120 #SUP: 1704
36 38 57 90 94 97 128 #SUP: 2256
36 38 57 90 94 104 120 #SUP: 1144
36 38 57 90 94 104 128 #SUP: 1832
36 38 63 67 79 90 94 #SUP: 576
36 38 63 67 88 90 94 #SUP: 576
36 38 63 79 88 90 94 #SUP: 528
36 38 63 90 94 100 114 #SUP: 1952
36 38 67 71 79 90 94 #SUP: 2024
36 38 67 71 88 90 94 #SUP: 2024
36 38 67 71 90 94 97 #SUP: 3192
36 38 67 71 90 94 104 #SUP: 2864
36 38 67 71 90 94 114 #SUP: 656
36 38 67 71 90 94 120 #SUP: 1644
36 38 67 79 88 90 94 #SUP: 1904
36 38 67 79 90 94 97 #SUP: 2352
36 38 67 79 90 94 104 #SUP: 1976
36 38 67 79 90 94 114 #SUP: 560
36 38 67 79 90 94 120 #SUP: 1128
36 38 67 88 90 94 97 #SUP: 2352
36 38 67 88 90 94 104 #SUP: 1976
36 38 67 88 90 94 114 #SUP: 560
36 38 67 88 90 94 120 #SUP: 1128
36 38 67 90 94 97 104 #SUP: 3024
36 38 67 90 94 97 120 #SUP: 2048
36 38 67 90 94 97 128 #SUP: 2160
36 38 67 90 94 104 120 #SUP: 1248
36 38 67 90 94 114 120 #SUP: 880
36 38 71 79 88 90 94 #SUP: 1664
36 38 71 79 90 94 97 #SUP: 2112
36 38 71 79 90 94 104 #SUP: 1784
36 38 71 79 90 94 114 #SUP: 560
36 38 71 79 90 94 120 #SUP: 1104
36 38 71 88 90 94 97 #SUP: 2112
36 38 71 88 90 94 104 #SUP: 1784
36 38 71 88 90 94 114 #SUP: 560
36 38 71 88 90 94 120 #SUP: 1104
36 38 71 90 94 97 104 #SUP: 2832
36 38 71 90 94 97 120 #SUP: 2024
36 38 71 90 94 97 128 #SUP: 2112
36 38 71 90 94 104 120 #SUP: 1248
36 38 71 90 94 114 120 #SUP: 880
36 38 77 86 90 94 97 #SUP: 768
36 38 77 90 94 97 120 #SUP: 1368
36 38 77 90 94 97 128 #SUP: 1008
36 38 79 88 90 94 97 #SUP: 2112
36 38 79 88 90 94 104 #SUP: 1736
36 38 79 88 90 94 114 #SUP: 512
36 38 79 88 90 94 120 #SUP: 1008
36 38 79 90 94 97 104 #SUP: 2016
36 38 79 90 94 97 120 #SUP: 1576
36 38 79 90 94 97 128 #SUP: 1040
36 38 79 90 94 104 120 #SUP: 744
36 38 79 90 94 114 120 #SUP: 912
36 38 86 90 94 97 120 #SUP: 1368
36 38 86 90 94 97 128 #SUP: 1008
36 38 88 90 94 97 104 #SUP: 2016
36 38 88 90 94 97 120 #SUP: 1544
36 38 88 90 94 97 128 #SUP: 1008
36 38 88 90 94 104 120 #SUP: 744
36 38 88 90 94 114 120 #SUP: 880
36 38 90 94 97 104 120 #SUP: 1232
36 38 90 94 97 110 120 #SUP: 816
36 38 90 94 97 120 128 #SUP: 1760
36 38 90 94 97 121 128 #SUP: 1104
36 38 90 94 114 120 125 #SUP: 592
36 39 67 71 79 90 94 #SUP: 546
36 39 67 79 88 90 94 #SUP: 856
36 39 67 79 90 94 97 #SUP: 748
36 39 71 79 88 90 94 #SUP: 856
36 39 71 79 90 94 97 #SUP: 748
36 39 79 88 90 94 97 #SUP: 1224
36 39 79 88 90 94 104 #SUP: 488
36 41 46 90 94 97 122 #SUP: 448
36 41 50 56 90 94 97 #SUP: 784
36 41 50 67 71 90 94 #SUP: 544
36 41 50 67 79 90 94 #SUP: 432
36 41 50 67 88 90 94 #SUP: 432
36 41 50 67 90 94 97 #SUP: 672
36 41 50 67 90 94 104 #SUP: 592
36 41 50 71 90 94 104 #SUP: 528
36 41 50 79 88 90 94 #SUP: 560
36 41 50 79 90 94 97 #SUP: 560
36 41 50 88 90 94 97 #SUP: 560
36 41 50 90 94 97 122 #SUP: 480
36 41 53 67 71 90 94 #SUP: 760
36 41 53 67 79 90 94 #SUP: 536
36 41 53 67 88 90 94 #SUP: 536
36 41 53 67 90 94 104 #SUP: 776
36 41 53 71 79 90 94 #SUP: 472
36 41 53 71 88 90 94 #SUP: 472
36 41 53 71 90 94 104 #SUP: 712
36 41 53 79 88 90 94 #SUP: 512
36 41 53 79 90 94 104 #SUP: 584
36 41 53 88 90 94 104 #SUP: 584
36 41 55 67 71 90 94 #SUP: 880
36 41 55 67 79 90 94 #SUP: 1048
36 41 55 67 88 90 94 #SUP: 1048
36 41 55 71 79 90 94 #SUP: 856
36 41 55 71 88 90 94 #SUP: 856
36 41 55 79 88 90 94 #SUP: 1144
36 41 56 67 90 94 97 #SUP: 2384
36 41 56 71 90 94 97 #SUP: 2384
36 41 56 79 90 94 97 #SUP: 1888
36 41 56 88 90 94 97 #SUP: 1888
36 41 67 71 79 90 94 #SUP: 1688
36 41 67 71 88 90 94 #SUP: 1688
36 41 67 71 90 94 97 #SUP: 2568
36 41 67 71 90 94 104 #SUP: 2488
36 41 67 79 88 90 94 #SUP: 1848
36 41 67 79 90 94 97 #SUP: 1936
36 41 67 79 90 94 104 #SUP: 1672
36 41 67 88 90 94 97 #SUP: 1936
36 41 67 88 90 94 104 #SUP: 1672
36 41 71 79 88 90 94 #SUP: 1656
36 41 71 79 90 94 97 #SUP: 1744
36 41 71 79 90 94 104 #SUP: 1480
36 41 71 88 90 94 97 #SUP: 1744
36 41 71 88 90 94 104 #SUP: 1480
36 41 79 88 90 94 97 #SUP: 2208
36 41 79 88 90 94 104 #SUP: 1576
36 41 79 88 90 94 119 #SUP: 1152
36 41 79 88 90 94 122 #SUP: 1844
36 42 55 79 90 94 97 #SUP: 704
36 42 56 90 94 97 120 #SUP: 1824
36 42 67 71 90 94 97 #SUP: 1098
36 42 67 79 90 94 97 #SUP: 1164
36 42 67 88 90 94 97 #SUP: 1128
36 42 67 90 94 97 114 #SUP: 908
36 42 67 90 94 97 120 #SUP: 1292
36 42 67 90 94 97 128 #SUP: 624
36 42 71 79 90 94 97 #SUP: 1116
36 42 71 88 90 94 97 #SUP: 1080
36 42 71 90 94 97 114 #SUP: 908
36 42 71 90 94 97 120 #SUP: 1268
36 42 71 90 94 97 128 #SUP: 576
36 42 79 88 90 94 97 #SUP: 1128
36 42 79 90 94 97 114 #SUP: 976
36 42 79 90 94 97 120 #SUP: 1360
36 42 79 90 94 97 128 #SUP: 656
36 42 88 90 94 97 120 #SUP: 1256
36 42 88 90 94 97 128 #SUP: 624
36 42 90 94 97 114 123 #SUP: 656
36 42 90 94 97 120 128 #SUP: 824
36 43 79 88 90 94 97 #SUP: 472
36 44 67 71 90 94 97 #SUP: 792
36 44 67 79 90 94 97 #SUP: 632
36 44 67 88 90 94 97 #SUP: 632
36 44 67 90 94 97 104 #SUP: 792
36 44 67 90 94 97 107 #SUP: 444
36 44 67 90 94 97 108 #SUP: 460
36 44 71 79 90 94 97 #SUP: 568
36 44 71 88 90 94 97 #SUP: 568
36 44 71 90 94 97 108 #SUP: 428
36 44 79 88 90 94 97 #SUP: 664
36 50 56 67 90 94 97 #SUP: 640
36 50 56 71 90 94 97 #SUP: 640
36 50 56 79 90 94 97 #SUP: 528
36 50 56 88 90 94 97 #SUP: 528
36 50 57 90 94 97 104 #SUP: 608
36 50 57 90 94 97 120 #SUP: 536
36 50 57 90 94 97 128 #SUP: 656
36 50 67 71 79 90 94 #SUP: 424
36 50 67 71 88 90 94 #SUP: 424
36 50 67 71 90 94 97 #SUP: 688
36 50 67 71 90 94 104 #SUP: 648
36 50 67 79 88 90 94 #SUP: 516
36 50 67 79 90 94 97 #SUP: 564
36 50 67 79 90 94 104 #SUP: 472
36 50 67 88 90 94 97 #SUP: 564
36 50 67 88 90 94 104 #SUP: 472
36 50 67 90 94 97 104 #SUP: 712
36 50 67 90 94 97 128 #SUP: 524
36 50 71 79 88 90 94 #SUP: 440
36 50 71 79 90 94 97 #SUP: 488
36 50 71 88 90 94 97 #SUP: 488
36 50 71 90 94 97 104 #SUP: 648
36 50 79 88 90 94 97 #SUP: 644
36 50 79 88 90 94 104 #SUP: 472
36 50 79 88 90 94 122 #SUP: 464
36 50 79 90 94 97 104 #SUP: 472
36 50 88 90 94 97 104 #SUP: 472
36 51 67 90 94 97 128 #SUP: 492
36 53 55 67 79 90 94 #SUP: 464
36 53 55 67 88 90 94 #SUP: 428
36 53 55 79 88 90 94 #SUP: 452
36 53 57 67 71 90 94 #SUP: 570
36 53 57 67 90 94 97 #SUP: 556
36 53 57 71 90 94 97 #SUP: 556
36 53 67 71 79 90 94 #SUP: 546
36 53 67 71 88 90 94 #SUP: 528
36 53 67 71 90 94 97 #SUP: 706
36 53 67 71 90 94 104 #SUP: 768
36 53 67 79 88 90 94 #SUP: 532
36 53 67 79 90 94 97 #SUP: 536
36 53 67 79 90 94 104 #SUP: 592
36 53 67 88 90 94 97 #SUP: 500
36 53 67 88 90 94 104 #SUP: 592
36 53 71 79 88 90 94 #SUP: 456
36 53 71 79 90 94 97 #SUP: 460
36 53 71 79 90 94 104 #SUP: 528
36 53 71 88 90 94 104 #SUP: 528
36 53 79 88 90 94 97 #SUP: 452
36 53 79 88 90 94 104 #SUP: 592
36 55 67 71 79 90 94 #SUP: 1354
36 55 67 71 88 90 94 #SUP: 1336
36 55 67 79 88 90 94 #SUP: 1600
36 55 67 79 90 94 97 #SUP: 1340
36 55 71 79 88 90 94 #SUP: 1360
36 55 71 79 90 94 97 #SUP: 1100
36 55 79 88 90 94 104 #SUP: 1648
36 56 67 71 90 94 97 #SUP: 2584
36 56 67 79 90 94 97 #SUP: 1760
36 56 67 88 90 94 97 #SUP: 1760
36 56 67 90 94 97 120 #SUP: 1896
36 56 67 90 94 97 128 #SUP: 2112
36 56 71 79 90 94 97 #SUP: 1760
36 56 71 88 90 94 97 #SUP: 1760
36 56 71 90 94 97 120 #SUP: 1896
36 56 71 90 94 97 128 #SUP: 2112
36 56 79 88 90 94 97 #SUP: 2032
36 56 79 90 94 97 120 #SUP: 1392
36 56 79 90 94 97 128 #SUP: 960
36 56 88 90 94 97 120 #SUP: 1392
36 56 88 90 94 97 128 #SUP: 960
36 56 90 94 97 120 128 #SUP: 1536
36 57 67 71 79 90 94 #SUP: 1066
36 57 67 71 90 94 97 #SUP: 2114
36 57 67 71 90 94 104 #SUP: 2200
36 57 67 71 90 94 120 #SUP: 1198
36 57 67 79 90 94 97 #SUP: 1052
36 57 67 79 90 94 104 #SUP: 1120
36 57 67 79 90 94 120 #SUP: 676
36 57 67 88 90 94 104 #SUP: 1120
36 57 67 90 94 97 104 #SUP: 2168
36 57 67 90 94 97 120 #SUP: 1164
36 57 67 90 94 104 120 #SUP: 1216
36 57 71 79 90 94 97 #SUP: 1052
36 57 71 79 90 94 104 #SUP: 1120
36 57 71 79 90 94 120 #SUP: 676
36 57 71 88 90 94 104 #SUP: 1120
36 57 71 90 94 97 104 #SUP: 2168
36 57 71 90 94 97 120 #SUP: 1164
36 57 71 90 94 104 120 #SUP: 1216
36 57 79 88 90 94 104 #SUP: 880
36 57 79 90 94 97 104 #SUP: 1160
36 57 79 90 94 97 120 #SUP: 696
36 57 79 90 94 104 120 #SUP: 712
36 57 88 90 94 97 104 #SUP: 1160
36 57 88 90 94 104 120 #SUP: 712
36 57 90 94 97 104 120 #SUP: 1200
36 57 90 94 97 120 128 #SUP: 1272
36 60 79 88 90 94 97 #SUP: 1376
36 63 67 71 90 94 114 #SUP: 696
36 63 67 79 88 90 94 #SUP: 456
36 63 67 79 90 94 114 #SUP: 672
36 63 67 88 90 94 114 #SUP: 672
36 63 71 79 90 94 114 #SUP: 672
36 63 71 88 90 94 114 #SUP: 672
36 63 79 88 90 94 114 #SUP: 768
36 67 71 79 88 90 94 #SUP: 2012
36 67 71 79 90 94 97 #SUP: 2298
36 67 71 79 90 94 100 #SUP: 586
36 67 71 79 90 94 104 #SUP: 1984
36 67 71 79 90 94 114 #SUP: 442
36 67 71 79 90 94 120 #SUP: 1014
36 67 71 88 90 94 97 #SUP: 2280
36 67 71 88 90 94 100 #SUP: 568
36 67 71 88 90 94 104 #SUP: 1984
36 67 71 88 90 94 114 #SUP: 424
36 67 71 88 90 94 120 #SUP: 996
36 67 71 90 94 97 104 #SUP: 2960
36 67 71 90 94 97 107 #SUP: 1520
36 67 71 90 94 97 108 #SUP: 1568
36 67 71 90 94 97 120 #SUP: 1718
36 67 71 90 94 97 128 #SUP: 2160
36 67 71 90 94 100 114 #SUP: 642
36 67 71 90 94 104 120 #SUP: 1356
36 67 71 90 94 114 120 #SUP: 466
36 67 79 88 90 94 97 #SUP: 2464
36 67 79 88 90 94 100 #SUP: 776
36 67 79 88 90 94 104 #SUP: 1936
36 67 79 88 90 94 114 #SUP: 448
36 67 79 88 90 94 119 #SUP: 976
36 67 79 88 90 94 120 #SUP: 864
36 67 79 88 90 94 122 #SUP: 1244
36 67 79 90 94 97 104 #SUP: 2072
36 67 79 90 94 97 107 #SUP: 1168
36 67 79 90 94 97 108 #SUP: 1216
36 67 79 90 94 97 120 #SUP: 1220
36 67 79 90 94 97 128 #SUP: 1056
36 67 79 90 94 100 114 #SUP: 564
36 67 79 90 94 104 120 #SUP: 816
36 67 79 90 94 114 120 #SUP: 484
36 67 88 90 94 97 104 #SUP: 2072
36 67 88 90 94 97 107 #SUP: 1168
36 67 88 90 94 97 108 #SUP: 1216
36 67 88 90 94 97 120 #SUP: 1184
36 67 88 90 94 97 128 #SUP: 1056
36 67 88 90 94 104 120 #SUP: 816
36 67 90 94 97 104 107 #SUP: 1488
36 67 90 94 97 104 108 #SUP: 1536
36 67 90 94 97 104 120 #SUP: 1304
36 67 90 94 97 120 128 #SUP: 1368
36 68 79 88 90 94 97 #SUP: 704
36 71 79 88 90 94 97 #SUP: 2224
36 71 79 88 90 94 100 #SUP: 776
36 71 79 88 90 94 104 #SUP: 1744
36 71 79 88 90 94 114 #SUP: 448
36 71 79 88 90 94 119 #SUP: 880
36 71 79 88 90 94 120 #SUP: 840
36 71 79 88 90 94 122 #SUP: 1148
36 71 79 90 94 97 104 #SUP: 1880
36 71 79 90 94 97 107 #SUP: 1072
36 71 79 90 94 97 108 #SUP: 1120
36 71 79 90 94 97 120 #SUP: 1196
36 71 79 90 94 97 128 #SUP: 1008
36 71 79 90 94 100 114 #SUP: 564
36 71 79 90 94 104 120 #SUP: 816
36 71 79 90 94 114 120 #SUP: 484
36 71 88 90 94 97 104 #SUP: 1880
36 71 88 90 94 97 107 #SUP: 1072
36 71 88 90 94 97 108 #SUP: 1120
36 71 88 90 94 97 120 #SUP: 1160
36 71 88 90 94 97 128 #SUP: 1008
36 71 88 90 94 104 120 #SUP: 816
36 71 90 94 97 104 120 #SUP: 1304
36 71 90 94 97 120 128 #SUP: 1344
36 79 88 90 94 97 104 #SUP: 1832
36 79 88 90 94 97 107 #SUP: 1232
36 79 88 90 94 97 108 #SUP: 1280
36 79 88 90 94 97 119 #SUP: 1232
36 79 88 90 94 97 120 #SUP: 1064
36 79 88 90 94 97 122 #SUP: 1648
36 79 88 90 94 97 128 #SUP: 672
36 79 88 90 94 104 119 #SUP: 864
36 79 88 90 94 104 120 #SUP: 696
36 79 88 90 94 104 122 #SUP: 948
36 79 88 90 94 119 122 #SUP: 968
36 79 90 94 97 104 120 #SUP: 800
36 79 90 94 97 120 128 #SUP: 824
36 88 90 94 97 104 120 #SUP: 800
36 88 90 94 97 120 128 #SUP: 792
38 41 55 67 71 90 104 #SUP: 808
38 41 67 71 90 97 104 #SUP: 2504
38 41 67 71 90 104 120 #SUP: 1084
38 41 67 90 97 104 120 #SUP: 1032
38 41 71 90 97 104 120 #SUP: 1032
38 44 67 71 90 97 104 #SUP: 736
38 55 67 71 90 97 104 #SUP: 1152
38 55 67 90 97 104 108 #SUP: 624
38 67 71 90 97 104 108 #SUP: 1392
38 67 71 90 97 104 120 #SUP: 1220
55 67 71 90 97 104 108 #SUP: 576
67 71 90 97 104 108 120 #SUP: 640
1 5 9 31 36 41 90 94 #SUP: 736
1 5 9 31 36 67 90 94 #SUP: 622
1 5 9 31 36 71 90 94 #SUP: 622
1 5 9 31 36 79 90 94 #SUP: 492
1 5 9 31 36 88 90 94 #SUP: 480
1 5 9 31 36 90 94 97 #SUP: 732
1 5 9 31 36 90 94 104 #SUP: 512
1 5 9 36 56 90 94 97 #SUP: 712
1 5 9 36 57 90 94 97 #SUP: 468
1 5 9 36 67 71 90 94 #SUP: 567
1 5 9 36 67 90 94 97 #SUP: 622
1 5 9 36 67 90 94 104 #SUP: 512
1 5 9 36 71 90 94 97 #SUP: 622
1 5 9 36 71 90 94 104 #SUP: 512
1 5 9 36 79 90 94 97 #SUP: 468
1 5 9 36 88 90 94 97 #SUP: 456
1 5 11 31 36 38 90 94 #SUP: 498
1 5 11 31 36 57 90 94 #SUP: 454
1 5 11 31 36 67 90 94 #SUP: 502
1 5 11 31 36 71 90 94 #SUP: 478
1 5 11 31 36 90 94 97 #SUP: 468
1 5 11 36 38 41 90 94 #SUP: 698
1 5 11 36 38 67 90 94 #SUP: 720
1 5 11 36 67 71 90 94 #SUP: 603
1 5 11 36 67 79 90 94 #SUP: 422
1 5 11 36 67 90 94 97 #SUP: 686
1 5 11 36 71 90 94 97 #SUP: 566
1 5 12 36 41 79 90 94 #SUP: 456
1 5 12 36 41 88 90 94 #SUP: 456
1 5 12 36 79 88 90 94 #SUP: 472
1 5 13 31 36 41 90 94 #SUP: 440
1 5 13 31 36 90 94 97 #SUP: 448
1 5 13 36 41 90 94 97 #SUP: 464
1 5 13 36 67 90 94 97 #SUP: 424
1 5 16 31 36 41 90 94 #SUP: 596
1 5 16 31 36 67 90 94 #SUP: 460
1 5 16 31 36 71 90 94 #SUP: 460
1 5 16 31 36 90 94 97 #SUP: 560
1 5 23 36 67 71 90 94 #SUP: 1248
1 5 23 36 67 79 90 94 #SUP: 736
1 5 23 36 67 88 90 94 #SUP: 736
1 5 23 36 67 90 94 104 #SUP: 1280
1 5 24 31 36 41 90 94 #SUP: 612
1 5 24 31 36 79 90 94 #SUP: 688
1 5 31 36 38 41 90 94 #SUP: 948
1 5 31 36 38 67 90 94 #SUP: 1000
1 5 31 36 38 90 94 104 #SUP: 916
1 5 31 36 38 90 94 121 #SUP: 472
1 5 31 36 38 90 94 128 #SUP: 890
1 5 31 36 41 67 90 94 #SUP: 1248
1 5 31 36 41 71 90 94 #SUP: 1248
1 5 31 36 41 79 90 94 #SUP: 944
1 5 31 36 41 88 90 94 #SUP: 944
1 5 31 36 41 90 94 100 #SUP: 576
1 5 31 36 41 90 94 104 #SUP: 980
1 5 31 36 57 67 90 94 #SUP: 892
1 5 31 36 57 71 90 94 #SUP: 892
1 5 31 36 57 90 94 97 #SUP: 888
1 5 31 36 57 90 94 120 #SUP: 464
1 5 31 36 67 71 90 94 #SUP: 1134
1 5 31 36 67 79 90 94 #SUP: 708
1 5 31 36 67 88 90 94 #SUP: 696
1 5 31 36 67 90 94 97 #SUP: 1188
1 5 31 36 67 90 94 104 #SUP: 960
1 5 31 36 67 90 94 120 #SUP: 480
1 5 31 36 71 79 90 94 #SUP: 684
1 5 31 36 71 88 90 94 #SUP: 672
1 5 31 36 71 90 94 97 #SUP: 1164
1 5 31 36 71 90 94 104 #SUP: 960
1 5 31 36 71 90 94 120 #SUP: 468
1 5 31 36 79 88 90 94 #SUP: 792
1 5 31 36 79 90 94 97 #SUP: 880
1 5 31 36 79 90 94 100 #SUP: 568
1 5 31 36 79 90 94 104 #SUP: 432
1 5 31 36 88 90 94 97 #SUP: 856
1 5 31 36 88 90 94 104 #SUP: 432
1 5 31 36 90 94 97 107 #SUP: 704
1 5 31 36 90 94 97 108 #SUP: 704
1 5 31 36 90 94 97 120 #SUP: 484
1 5 31 38 41 67 71 90 #SUP: 992
1 5 31 38 67 71 90 104 #SUP: 960
1 5 31 38 67 90 97 120 #SUP: 484
1 5 31 41 67 71 90 97 #SUP: 1040
1 5 31 41 67 71 90 104 #SUP: 952
1 5 31 41 67 90 97 108 #SUP: 572
1 5 31 41 71 90 97 108 #SUP: 572
1 5 31 67 71 90 97 108 #SUP: 524
1 5 31 67 71 90 97 120 #SUP: 478
1 5 36 38 41 55 90 94 #SUP: 436
1 5 36 38 41 90 94 104 #SUP: 1236
1 5 36 38 55 67 90 94 #SUP: 488
1 5 36 38 67 71 90 94 #SUP: 1232
1 5 36 38 67 79 90 94 #SUP: 744
1 5 36 38 67 88 90 94 #SUP: 744
1 5 36 38 67 90 94 97 #SUP: 1272
1 5 36 38 67 90 94 104 #SUP: 1264
1 5 36 38 67 90 94 121 #SUP: 516
1 5 36 38 90 94 104 121 #SUP: 508
1 5 36 39 79 88 90 94 #SUP: 656
1 5 36 39 79 90 94 97 #SUP: 584
1 5 36 41 44 90 94 97 #SUP: 440
1 5 36 41 55 67 90 94 #SUP: 480
1 5 36 41 55 79 90 94 #SUP: 496
1 5 36 41 55 88 90 94 #SUP: 496
1 5 36 41 55 90 94 104 #SUP: 468
1 5 36 41 67 71 90 94 #SUP: 1352
1 5 36 41 67 79 90 94 #SUP: 992
1 5 36 41 67 88 90 94 #SUP: 992
1 5 36 41 67 90 94 97 #SUP: 1472
1 5 36 41 67 90 94 104 #SUP: 1280
1 5 36 41 71 79 90 94 #SUP: 896
1 5 36 41 71 88 90 94 #SUP: 896
1 5 36 41 71 90 94 97 #SUP: 1376
1 5 36 41 71 90 94 104 #SUP: 1184
1 5 36 41 79 88 90 94 #SUP: 1088
1 5 36 41 79 90 94 97 #SUP: 1152
1 5 36 41 79 90 94 104 #SUP: 752
1 5 36 41 88 90 94 97 #SUP: 1152
1 5 36 41 88 90 94 104 #SUP: 752
1 5 36 41 90 94 97 107 #SUP: 864
1 5 36 41 90 94 97 108 #SUP: 864
1 5 36 55 67 79 90 94 #SUP: 516
1 5 36 55 67 88 90 94 #SUP: 504
1 5 36 55 79 88 90 94 #SUP: 536
1 5 36 55 79 90 94 97 #SUP: 432
1 5 36 56 67 90 94 97 #SUP: 1168
1 5 36 56 71 90 94 97 #SUP: 1168
1 5 36 56 79 90 94 97 #SUP: 848
1 5 36 56 88 90 94 97 #SUP: 848
1 5 36 56 90 94 97 108 #SUP: 712
1 5 36 57 67 71 90 94 #SUP: 934
1 5 36 57 67 90 94 97 #SUP: 924
1 5 36 57 67 90 94 120 #SUP: 500
1 5 36 57 71 90 94 97 #SUP: 924
1 5 36 57 71 90 94 120 #SUP: 500
1 5 36 57 90 94 97 120 #SUP: 504
1 5 36 57 90 94 104 128 #SUP: 914
1 5 36 67 71 79 90 94 #SUP: 830
1 5 36 67 71 88 90 94 #SUP: 824
1 5 36 67 71 90 94 97 #SUP: 1334
1 5 36 67 71 90 94 104 #SUP: 1240
1 5 36 67 71 90 94 120 #SUP: 510
1 5 36 67 79 88 90 94 #SUP: 888
1 5 36 67 79 90 94 97 #SUP: 1012
1 5 36 67 79 90 94 104 #SUP: 784
1 5 36 67 88 90 94 97 #SUP: 1000
1 5 36 67 88 90 94 104 #SUP: 784
1 5 36 67 90 94 97 104 #SUP: 1296
1 5 36 67 90 94 97 107 #SUP: 752
1 5 36 67 90 94 97 108 #SUP: 776
1 5 36 67 90 94 97 120 #SUP: 520
1 5 36 67 90 94 97 128 #SUP: 936
1 5 36 71 79 88 90 94 #SUP: 768
1 5 36 71 79 90 94 97 #SUP: 892
1 5 36 71 79 90 94 104 #SUP: 688
1 5 36 71 88 90 94 97 #SUP: 880
1 5 36 71 88 90 94 104 #SUP: 688
1 5 36 71 90 94 97 107 #SUP: 704
1 5 36 71 90 94 97 108 #SUP: 728
1 5 36 71 90 94 97 120 #SUP: 508
1 5 36 79 88 90 94 97 #SUP: 1064
1 5 36 79 88 90 94 104 #SUP: 640
1 5 36 79 90 94 97 107 #SUP: 592
1 5 36 79 90 94 97 108 #SUP: 616
1 5 36 88 90 94 97 107 #SUP: 592
1 5 36 88 90 94 97 108 #SUP: 616
1 5 38 41 67 71 90 104 #SUP: 1184
1 5 38 41 67 90 97 104 #SUP: 1264
1 5 38 55 67 90 97 104 #SUP: 432
1 5 38 67 71 90 97 104 #SUP: 1200
1 5 38 67 90 97 104 108 #SUP: 636
1 5 41 67 71 90 97 108 #SUP: 636
1 5 67 71 90 97 104 108 #SUP: 612
1 5 67 71 90 97 104 120 #SUP: 520
1 6 9 31 36 90 94 97 #SUP: 732
1 6 9 36 56 90 94 97 #SUP: 712
1 6 9 36 57 90 94 97 #SUP: 468
1 6 9 36 67 90 94 97 #SUP: 622
1 6 9 36 71 90 94 97 #SUP: 622
1 6 9 36 79 90 94 97 #SUP: 468
1 6 9 36 88 90 94 97 #SUP: 456
1 6 11 31 36 38 90 94 #SUP: 498
1 6 11 31 36 57 90 94 #SUP: 454
1 6 11 31 36 67 90 94 #SUP: 502
1 6 11 31 36 71 90 94 #SUP: 478
1 6 11 31 36 90 94 97 #SUP: 468
1 6 11 36 38 41 90 94 #SUP: 570
1 6 11 36 38 67 90 94 #SUP: 592
1 6 11 36 67 90 94 97 #SUP: 558
1 6 13 31 36 41 90 94 #SUP: 440
1 6 13 31 36 90 94 97 #SUP: 448
1 6 13 36 41 90 94 97 #SUP: 464
1 6 13 36 67 90 94 97 #SUP: 424
1 6 16 31 36 41 90 94 #SUP: 548
1 6 16 31 36 67 90 94 #SUP: 436
1 6 16 31 36 71 90 94 #SUP: 436
1 6 16 31 36 90 94 97 #SUP: 560
1 6 23 36 67 71 90 94 #SUP: 992
1 6 23 36 67 79 90 94 #SUP: 480
1 6 23 36 67 88 90 94 #SUP: 480
1 6 23 36 67 90 94 104 #SUP: 1024
1 6 24 31 36 41 90 94 #SUP: 516
1 6 31 36 38 41 90 94 #SUP: 948
1 6 31 36 38 67 90 94 #SUP: 1000
1 6 31 36 38 90 94 104 #SUP: 916
1 6 31 36 38 90 94 121 #SUP: 472
1 6 31 36 38 90 94 128 #SUP: 890
1 6 31 36 41 67 90 94 #SUP: 1200
1 6 31 36 41 71 90 94 #SUP: 1200
1 6 31 36 41 79 90 94 #SUP: 848
1 6 31 36 41 88 90 94 #SUP: 848
1 6 31 36 41 90 94 100 #SUP: 576
1 6 31 36 57 67 90 94 #SUP: 892
1 6 31 36 57 71 90 94 #SUP: 892
1 6 31 36 57 90 94 97 #SUP: 888
1 6 31 36 57 90 94 120 #SUP: 464
1 6 31 36 67 71 90 94 #SUP: 1110
1 6 31 36 67 79 90 94 #SUP: 660
1 6 31 36 67 88 90 94 #SUP: 648
1 6 31 36 67 90 94 97 #SUP: 1188
1 6 31 36 67 90 94 120 #SUP: 480
1 6 31 36 71 79 90 94 #SUP: 636
1 6 31 36 71 88 90 94 #SUP: 624
1 6 31 36 71 90 94 97 #SUP: 1164
1 6 31 36 71 90 94 120 #SUP: 468
1 6 31 36 79 88 90 94 #SUP: 696
1 6 31 36 79 90 94 97 #SUP: 880
1 6 31 36 79 90 94 100 #SUP: 568
1 6 31 36 88 90 94 97 #SUP: 856
1 6 31 36 90 94 97 107 #SUP: 704
1 6 31 36 90 94 97 108 #SUP: 704
1 6 31 36 90 94 97 120 #SUP: 484
1 6 31 38 41 67 71 90 #SUP: 992
1 6 31 38 67 71 90 104 #SUP: 960
1 6 31 38 67 90 97 120 #SUP: 484
1 6 31 41 67 71 90 97 #SUP: 1040
1 6 31 41 67 90 97 108 #SUP: 572
1 6 31 41 71 90 97 108 #SUP: 572
1 6 31 67 71 90 97 108 #SUP: 524
1 6 31 67 71 90 97 120 #SUP: 478
1 6 36 38 41 90 94 104 #SUP: 980
1 6 36 38 67 79 90 94 #SUP: 488
1 6 36 38 67 88 90 94 #SUP: 488
1 6 36 38 67 90 94 97 #SUP: 1016
1 6 36 38 67 90 94 104 #SUP: 1008
1 6 36 38 67 90 94 121 #SUP: 516
1 6 36 38 90 94 104 121 #SUP: 508
1 6 36 39 79 90 94 97 #SUP: 584
1 6 36 41 67 79 90 94 #SUP: 688
1 6 36 41 67 88 90 94 #SUP: 688
1 6 36 41 67 90 94 97 #SUP: 1216
1 6 36 41 79 88 90 94 #SUP: 736
1 6 36 41 79 90 94 97 #SUP: 896
1 6 36 41 88 90 94 97 #SUP: 896
1 6 36 41 90 94 97 107 #SUP: 736
1 6 36 41 90 94 97 108 #SUP: 736
1 6 36 56 67 90 94 97 #SUP: 1168
1 6 36 56 71 90 94 97 #SUP: 1168
1 6 36 56 79 90 94 97 #SUP: 848
1 6 36 56 88 90 94 97 #SUP: 848
1 6 36 56 90 94 97 108 #SUP: 712
1 6 36 57 67 71 90 94 #SUP: 934
1 6 36 57 67 90 94 97 #SUP: 924
1 6 36 57 67 90 94 120 #SUP: 500
1 6 36 57 71 90 94 97 #SUP: 924
1 6 36 57 71 90 94 120 #SUP: 500
1 6 36 57 90 94 97 120 #SUP: 504
1 6 36 57 90 94 104 128 #SUP: 914
1 6 36 67 71 79 90 94 #SUP: 550
1 6 36 67 71 88 90 94 #SUP: 544
1 6 36 67 71 90 94 97 #SUP: 1078
1 6 36 67 71 90 94 104 #SUP: 960
1 6 36 67 71 90 94 120 #SUP: 510
1 6 36 67 79 88 90 94 #SUP: 584
1 6 36 67 79 90 94 97 #SUP: 756
1 6 36 67 79 90 94 104 #SUP: 480
1 6 36 67 88 90 94 97 #SUP: 744
1 6 36 67 88 90 94 104 #SUP: 480
1 6 36 67 90 94 97 104 #SUP: 1040
1 6 36 67 90 94 97 107 #SUP: 624
1 6 36 67 90 94 97 108 #SUP: 648
1 6 36 67 90 94 97 120 #SUP: 520
1 6 36 67 90 94 97 128 #SUP: 936
1 6 36 71 79 88 90 94 #SUP: 464
1 6 36 71 79 90 94 97 #SUP: 636
1 6 36 71 88 90 94 97 #SUP: 624
1 6 36 71 90 94 97 108 #SUP: 600
1 6 36 71 90 94 97 120 #SUP: 508
1 6 36 79 88 90 94 97 #SUP: 808
1 6 36 79 90 94 97 107 #SUP: 464
1 6 36 79 90 94 97 108 #SUP: 488
1 6 36 88 90 94 97 107 #SUP: 464
1 6 36 88 90 94 97 108 #SUP: 488
1 6 38 41 67 90 97 104 #SUP: 1008
1 6 38 67 90 97 104 108 #SUP: 508
1 6 67 71 90 97 104 108 #SUP: 484
1 6 67 71 90 97 104 120 #SUP: 520
1 9 13 31 36 90 94 97 #SUP: 488
1 9 16 31 36 41 90 94 #SUP: 616
1 9 16 31 36 67 90 94 #SUP: 500
1 9 16 31 36 71 90 94 #SUP: 500
1 9 16 31 36 79 90 94 #SUP: 472
1 9 16 31 36 88 90 94 #SUP: 472
1 9 16 31 36 90 94 97 #SUP: 592
1 9 24 31 36 79 90 94 #SUP: 788
1 9 31 36 41 67 90 94 #SUP: 1192
1 9 31 36 41 71 90 94 #SUP: 1192
1 9 31 36 41 79 90 94 #SUP: 944
1 9 31 36 41 88 90 94 #SUP: 944
1 9 31 36 41 90 94 104 #SUP: 1008
1 9 31 36 57 90 94 97 #SUP: 900
1 9 31 36 67 71 90 94 #SUP: 1133
1 9 31 36 67 79 90 94 #SUP: 730
1 9 31 36 67 88 90 94 #SUP: 712
1 9 31 36 67 90 94 97 #SUP: 1234
1 9 31 36 67 90 94 104 #SUP: 1032
1 9 31 36 71 79 90 94 #SUP: 730
1 9 31 36 71 88 90 94 #SUP: 712
1 9 31 36 71 90 94 97 #SUP: 1234
1 9 31 36 71 90 94 104 #SUP: 1032
1 9 31 36 79 88 90 94 #SUP: 848
1 9 31 36 79 90 94 97 #SUP: 932
1 9 31 36 79 90 94 104 #SUP: 528
1 9 31 36 88 90 94 97 #SUP: 896
1 9 31 36 88 90 94 104 #SUP: 528
1 9 31 36 90 94 97 107 #SUP: 736
1 9 31 36 90 94 97 108 #SUP: 736
1 9 31 36 90 94 97 120 #SUP: 516
1 9 36 39 79 88 90 94 #SUP: 704
1 9 36 39 79 90 94 97 #SUP: 596
1 9 36 56 67 90 94 97 #SUP: 1168
1 9 36 56 71 90 94 97 #SUP: 1168
1 9 36 56 79 90 94 97 #SUP: 848
1 9 36 56 88 90 94 97 #SUP: 848
1 9 36 56 90 94 97 108 #SUP: 712
1 9 36 57 67 90 94 97 #SUP: 930
1 9 36 57 71 90 94 97 #SUP: 930
1 9 36 57 90 94 97 120 #SUP: 516
1 9 36 67 71 79 90 94 #SUP: 605
1 9 36 67 71 88 90 94 #SUP: 596
1 9 36 67 71 90 94 97 #SUP: 1145
1 9 36 67 71 90 94 104 #SUP: 1044
1 9 36 67 79 88 90 94 #SUP: 568
1 9 36 67 79 90 94 97 #SUP: 706
1 9 36 67 79 90 94 104 #SUP: 504
1 9 36 67 88 90 94 97 #SUP: 688
1 9 36 67 88 90 94 104 #SUP: 504
1 9 36 67 90 94 97 108 #SUP: 632
1 9 36 67 90 94 97 120 #SUP: 546
1 9 36 71 79 88 90 94 #SUP: 568
1 9 36 71 79 90 94 97 #SUP: 706
1 9 36 71 79 90 94 104 #SUP: 504
1 9 36 71 88 90 94 97 #SUP: 688
1 9 36 71 88 90 94 104 #SUP: 504
1 9 36 71 90 94 97 108 #SUP: 632
1 9 36 71 90 94 97 120 #SUP: 546
1 9 36 79 88 90 94 97 #SUP: 752
1 9 36 79 90 94 97 108 #SUP: 472
1 9 36 88 90 94 97 108 #SUP: 472
1 11 31 36 38 41 90 94 #SUP: 984
1 11 31 36 38 67 90 94 #SUP: 1024
1 11 31 36 38 90 94 121 #SUP: 472
1 11 31 36 38 90 94 128 #SUP: 916
1 11 31 36 57 67 90 94 #SUP: 898
1 11 31 36 57 71 90 94 #SUP: 898
1 11 31 36 57 90 94 97 #SUP: 900
1 11 31 36 57 90 94 120 #SUP: 476
1 11 31 36 67 71 90 94 #SUP: 985
1 11 31 36 67 90 94 97 #SUP: 930
1 11 31 36 67 90 94 120 #SUP: 482
1 11 31 36 90 94 97 120 #SUP: 492
1 11 36 38 41 55 90 94 #SUP: 568
1 11 36 38 41 90 94 104 #SUP: 1336
1 11 36 38 55 67 90 94 #SUP: 608
1 11 36 38 67 79 90 94 #SUP: 848
1 11 36 38 67 88 90 94 #SUP: 848
1 11 36 38 67 90 94 97 #SUP: 1360
1 11 36 38 67 90 94 121 #SUP: 560
1 11 36 55 67 79 90 94 #SUP: 578
1 11 36 55 79 90 94 97 #SUP: 532
1 11 36 67 71 79 90 94 #SUP: 617
1 11 36 67 71 90 94 97 #SUP: 1129
1 11 36 67 79 90 94 97 #SUP: 802
1 11 36 71 79 90 94 97 #SUP: 562
1 12 24 31 36 41 90 94 #SUP: 664
1 12 24 31 41 67 90 97 #SUP: 448
1 12 24 31 41 71 90 97 #SUP: 448
1 12 31 36 41 67 90 94 #SUP: 440
1 12 31 36 41 71 90 94 #SUP: 440
1 12 31 36 41 79 90 94 #SUP: 720
1 12 31 36 41 88 90 94 #SUP: 720
1 12 31 36 41 90 94 100 #SUP: 608
1 12 36 39 79 88 90 94 #SUP: 704
1 12 36 41 55 67 90 94 #SUP: 440
1 12 36 41 55 71 90 94 #SUP: 440
1 12 36 41 55 79 90 94 #SUP: 464
1 12 36 41 55 88 90 94 #SUP: 464
1 12 36 41 55 90 94 104 #SUP: 424
1 12 36 41 67 71 90 94 #SUP: 532
1 12 36 41 67 79 90 94 #SUP: 648
1 12 36 41 67 88 90 94 #SUP: 648
1 12 36 41 71 79 90 94 #SUP: 648
1 12 36 41 71 88 90 94 #SUP: 648
1 12 36 41 79 88 90 94 #SUP: 952
1 12 36 67 71 79 90 94 #SUP: 532
1 12 36 67 71 88 90 94 #SUP: 532
1 12 36 67 79 88 90 94 #SUP: 672
1 12 36 71 79 88 90 94 #SUP: 672
1 12 36 79 88 90 94 97 #SUP: 816
1 12 36 79 88 90 94 104 #SUP: 464
1 12 38 41 55 67 71 90 #SUP: 560
1 12 41 55 67 71 90 104 #SUP: 500
1 13 31 36 38 41 90 94 #SUP: 648
1 13 31 36 38 90 94 104 #SUP: 648
1 13 31 36 41 67 90 94 #SUP: 760
1 13 31 36 41 71 90 94 #SUP: 760
1 13 31 36 41 79 90 94 #SUP: 480
1 13 31 36 41 88 90 94 #SUP: 480
1 13 31 36 57 67 90 94 #SUP: 608
1 13 31 36 57 71 90 94 #SUP: 608
1 13 31 36 57 90 94 97 #SUP: 624
1 13 31 36 67 71 90 94 #SUP: 756
1 13 31 36 67 79 90 94 #SUP: 424
1 13 31 36 67 90 94 97 #SUP: 776
1 13 31 36 71 79 90 94 #SUP: 424
1 13 31 36 71 90 94 97 #SUP: 776
1 13 31 36 79 90 94 97 #SUP: 544
1 13 31 36 88 90 94 97 #SUP: 496
1 13 31 36 90 94 97 107 #SUP: 440
1 13 31 36 90 94 97 108 #SUP: 440
1 13 31 38 41 67 71 90 #SUP: 824
1 13 31 38 67 71 90 104 #SUP: 824
1 13 31 41 67 71 90 97 #SUP: 832
1 13 36 38 41 90 94 104 #SUP: 696
1 13 36 38 67 90 94 104 #SUP: 728
1 13 36 41 67 79 90 94 #SUP: 448
1 13 36 41 67 88 90 94 #SUP: 448
1 13 36 41 67 90 94 97 #SUP: 800
1 13 36 41 79 88 90 94 #SUP: 436
1 13 36 41 79 90 94 97 #SUP: 544
1 13 36 41 88 90 94 97 #SUP: 544
1 13 36 41 90 94 97 107 #SUP: 464
1 13 36 41 90 94 97 108 #SUP: 464
1 13 36 67 79 90 94 97 #SUP: 488
1 13 36 67 88 90 94 97 #SUP: 464
1 13 36 67 90 94 97 107 #SUP: 424
1 13 36 67 90 94 97 108 #SUP: 424
1 13 36 79 88 90 94 97 #SUP: 464
1 13 38 41 67 90 97 104 #SUP: 864
1 16 31 36 41 67 90 94 #SUP: 912
1 16 31 36 41 71 90 94 #SUP: 912
1 16 31 36 41 79 90 94 #SUP: 856
1 16 31 36 41 88 90 94 #SUP: 856
1 16 31 36 41 90 94 104 #SUP: 728
1 16 31 36 67 71 90 94 #SUP: 796
1 16 31 36 67 79 90 94 #SUP: 576
1 16 31 36 67 88 90 94 #SUP: 576
1 16 31 36 67 90 94 97 #SUP: 880
1 16 31 36 67 90 94 104 #SUP: 704
1 16 31 36 71 79 90 94 #SUP: 576
1 16 31 36 71 88 90 94 #SUP: 576
1 16 31 36 71 90 94 97 #SUP: 880
1 16 31 36 71 90 94 104 #SUP: 704
1 16 31 36 79 88 90 94 #SUP: 776
1 16 31 36 79 90 94 97 #SUP: 752
1 16 31 36 88 90 94 97 #SUP: 752
1 16 31 36 90 94 97 107 #SUP: 568
1 16 31 36 90 94 97 108 #SUP: 568
1 21 36 39 79 88 90 94 #SUP: 448
1 21 36 41 79 88 90 94 #SUP: 656
1 21 36 67 79 88 90 94 #SUP: 520
1 21 36 71 79 88 90 94 #SUP: 504
1 21 36 79 88 90 94 97 #SUP: 576
1 21 36 79 88 90 94 104 #SUP: 448
1 23 36 38 41 67 90 94 #SUP: 2656
1 23 36 53 67 71 90 94 #SUP: 720
1 23 36 53 67 79 90 94 #SUP: 448
1 23 36 53 67 88 90 94 #SUP: 448
1 23 36 53 67 90 94 104 #SUP: 688
1 23 36 67 71 79 90 94 #SUP: 1312
1 23 36 67 71 88 90 94 #SUP: 1312
1 23 36 67 71 90 94 104 #SUP: 2368
1 23 36 67 79 88 90 94 #SUP: 1072
1 23 36 67 79 90 94 104 #SUP: 1408
1 23 36 67 88 90 94 104 #SUP: 1408
1 23 36 67 90 94 97 104 #SUP: 2528
1 24 31 36 39 79 90 94 #SUP: 1384
1 24 31 36 55 79 90 94 #SUP: 504
1 24 31 36 67 79 90 94 #SUP: 836
1 24 31 36 71 79 90 94 #SUP: 788
1 24 31 36 79 88 90 94 #SUP: 1456
1 24 31 36 79 90 94 97 #SUP: 1240
1 24 31 41 55 63 90 104 #SUP: 480
1 24 31 41 67 71 90 97 #SUP: 448
1 31 36 38 41 53 90 94 #SUP: 576
1 31 36 38 53 67 90 94 #SUP: 572
1 31 36 38 53 90 94 128 #SUP: 452
1 31 36 38 67 71 90 94 #SUP: 2048
1 31 36 38 67 79 90 94 #SUP: 848
1 31 36 38 67 88 90 94 #SUP: 848
1 31 36 38 67 90 94 97 #SUP: 1872
1 31 36 38 67 90 94 120 #SUP: 952
1 31 36 38 67 90 94 121 #SUP: 952
1 31 36 38 90 94 104 121 #SUP: 944
1 31 36 38 90 94 121 128 #SUP: 896
1 31 36 41 50 67 90 94 #SUP: 608
1 31 36 41 50 71 90 94 #SUP: 608
1 31 36 41 50 79 90 94 #SUP: 496
1 31 36 41 50 88 90 94 #SUP: 496
1 31 36 41 50 90 94 104 #SUP: 528
1 31 36 41 53 67 90 94 #SUP: 608
1 31 36 41 53 71 90 94 #SUP: 608
1 31 36 41 53 90 94 104 #SUP: 576
1 31 36 41 56 90 94 97 #SUP: 2752
1 31 36 41 67 71 90 94 #SUP: 2280
1 31 36 41 67 79 90 94 #SUP: 1360
1 31 36 41 67 88 90 94 #SUP: 1360
1 31 36 41 67 90 94 100 #SUP: 704
1 31 36 41 67 90 94 104 #SUP: 1904
1 31 36 41 71 79 90 94 #SUP: 1360
1 31 36 41 71 88 90 94 #SUP: 1360
1 31 36 41 71 90 94 100 #SUP: 704
1 31 36 41 71 90 94 104 #SUP: 1904
1 31 36 41 79 88 90 94 #SUP: 1584
1 31 36 41 79 90 94 100 #SUP: 1120
1 31 36 41 79 90 94 104 #SUP: 896
1 31 36 41 88 90 94 100 #SUP: 1120
1 31 36 41 88 90 94 104 #SUP: 896
1 31 36 44 67 90 94 97 #SUP: 584
1 31 36 44 71 90 94 97 #SUP: 584
1 31 36 44 79 90 94 97 #SUP: 424
1 31 36 44 88 90 94 97 #SUP: 424
1 31 36 50 67 71 90 94 #SUP: 544
1 31 36 50 67 90 94 97 #SUP: 596
1 31 36 50 67 90 94 104 #SUP: 504
1 31 36 50 71 90 94 97 #SUP: 584
1 31 36 50 71 90 94 104 #SUP: 504
1 31 36 50 79 88 90 94 #SUP: 436
1 31 36 50 79 90 94 97 #SUP: 436
1 31 36 50 88 90 94 97 #SUP: 436
1 31 36 53 57 67 90 94 #SUP: 500
1 31 36 53 57 71 90 94 #SUP: 500
1 31 36 53 57 90 94 97 #SUP: 504
1 31 36 53 67 71 90 94 #SUP: 602
1 31 36 53 67 90 94 97 #SUP: 480
1 31 36 55 63 79 90 94 #SUP: 432
1 31 36 55 63 88 90 94 #SUP: 432
1 31 36 55 67 79 90 94 #SUP: 452
1 31 36 55 79 88 90 94 #SUP: 512
1 31 36 55 79 90 94 114 #SUP: 488
1 31 36 57 67 71 90 94 #SUP: 1778
1 31 36 57 67 79 90 94 #SUP: 644
1 31 36 57 67 90 94 97 #SUP: 1764
1 31 36 57 67 90 94 120 #SUP: 916
1 31 36 57 71 79 90 94 #SUP: 644
1 31 36 57 71 90 94 97 #SUP: 1764
1 31 36 57 71 90 94 120 #SUP: 916
1 31 36 57 79 90 94 97 #SUP: 648
1 31 36 57 90 94 97 120 #SUP: 936
1 31 36 67 71 79 90 94 #SUP: 1146
1 31 36 67 71 88 90 94 #SUP: 1128
1 31 36 67 71 90 94 97 #SUP: 2098
1 31 36 67 71 90 94 100 #SUP: 466
1 31 36 67 71 90 94 104 #SUP: 1928
1 31 36 67 71 90 94 120 #SUP: 946
1 31 36 67 79 88 90 94 #SUP: 1072
1 31 36 67 79 90 94 97 #SUP: 1268
1 31 36 67 79 90 94 100 #SUP: 644
1 31 36 67 79 90 94 104 #SUP: 848
1 31 36 67 88 90 94 97 #SUP: 1232
1 31 36 67 88 90 94 104 #SUP: 848
1 31 36 67 90 94 97 107 #SUP: 1168
1 31 36 67 90 94 97 108 #SUP: 1168
1 31 36 67 90 94 97 120 #SUP: 972
1 31 36 71 79 88 90 94 #SUP: 1024
1 31 36 71 79 90 94 97 #SUP: 1220
1 31 36 71 79 90 94 100 #SUP: 644
1 31 36 71 79 90 94 104 #SUP: 848
1 31 36 71 88 90 94 97 #SUP: 1184
1 31 36 71 88 90 94 104 #SUP: 848
1 31 36 71 90 94 97 107 #SUP: 1168
1 31 36 71 90 94 97 108 #SUP: 1168
1 31 36 71 90 94 97 120 #SUP: 948
1 31 36 79 88 90 94 97 #SUP: 1360
1 31 36 79 88 90 94 104 #SUP: 608
1 31 36 79 90 94 97 107 #SUP: 848
1 31 36 79 90 94 97 108 #SUP: 848
1 31 36 79 90 94 97 120 #SUP: 432
1 31 36 88 90 94 97 107 #SUP: 848
1 31 36 88 90 94 97 108 #SUP: 848
1 31 38 41 67 71 90 104 #SUP: 1952
1 31 38 67 71 90 97 104 #SUP: 2016
1 31 38 67 71 90 104 120 #SUP: 1024
1 31 41 44 67 71 90 97 #SUP: 560
1 31 41 55 63 67 71 90 #SUP: 456
1 31 41 67 71 90 97 108 #SUP: 1040
1 36 38 41 53 90 94 104 #SUP: 672
1 36 38 41 55 90 94 104 #SUP: 752
1 36 38 41 90 94 104 121 #SUP: 992
1 36 38 50 67 90 94 97 #SUP: 532
1 36 38 53 67 79 90 94 #SUP: 428
1 36 38 53 67 88 90 94 #SUP: 428
1 36 38 53 67 90 94 97 #SUP: 636
1 36 38 55 67 71 90 94 #SUP: 832
1 36 38 55 67 79 90 94 #SUP: 976
1 36 38 55 67 88 90 94 #SUP: 976
1 36 38 67 71 79 90 94 #SUP: 1312
1 36 38 67 71 88 90 94 #SUP: 1312
1 36 38 67 71 90 94 104 #SUP: 2368
1 36 38 67 79 88 90 94 #SUP: 1120
1 36 38 67 79 90 94 97 #SUP: 1424
1 36 38 67 79 90 94 104 #SUP: 1408
1 36 38 67 79 90 94 121 #SUP: 472
1 36 38 67 88 90 94 97 #SUP: 1424
1 36 38 67 88 90 94 104 #SUP: 1408
1 36 38 67 88 90 94 121 #SUP: 472
1 36 38 67 90 94 97 104 #SUP: 2528
1 36 38 67 90 94 97 121 #SUP: 1032
1 36 38 67 90 94 104 121 #SUP: 1024
1 36 39 67 71 79 90 94 #SUP: 442
1 36 39 67 79 88 90 94 #SUP: 752
1 36 39 67 79 90 94 97 #SUP: 644
1 36 39 71 79 88 90 94 #SUP: 752
1 36 39 71 79 90 94 97 #SUP: 644
1 36 41 44 67 90 94 97 #SUP: 752
1 36 41 44 71 90 94 97 #SUP: 688
1 36 41 44 79 90 94 97 #SUP: 592
1 36 41 44 88 90 94 97 #SUP: 592
1 36 41 44 90 94 97 107 #SUP: 440
1 36 41 44 90 94 97 108 #SUP: 440
1 36 41 50 67 90 94 97 #SUP: 624
1 36 41 50 67 90 94 104 #SUP: 544
1 36 41 50 79 88 90 94 #SUP: 464
1 36 41 50 79 90 94 97 #SUP: 464
1 36 41 50 88 90 94 97 #SUP: 464
1 36 41 53 67 71 90 94 #SUP: 712
1 36 41 53 67 79 90 94 #SUP: 464
1 36 41 53 67 88 90 94 #SUP: 464
1 36 41 53 67 90 94 104 #SUP: 704
1 36 41 53 71 90 94 104 #SUP: 640
1 36 41 53 79 90 94 104 #SUP: 464
1 36 41 53 88 90 94 104 #SUP: 464
1 36 41 55 67 71 90 94 #SUP: 808
1 36 41 55 67 79 90 94 #SUP: 976
1 36 41 55 67 88 90 94 #SUP: 976
1 36 41 55 71 79 90 94 #SUP: 784
1 36 41 55 71 88 90 94 #SUP: 784
1 36 41 55 79 88 90 94 #SUP: 1072
1 36 41 67 71 79 90 94 #SUP: 1544
1 36 41 67 71 88 90 94 #SUP: 1544
1 36 41 67 71 90 94 97 #SUP: 2496
1 36 41 67 71 90 94 104 #SUP: 2344
1 36 41 67 79 88 90 94 #SUP: 1632
1 36 41 67 79 90 94 97 #SUP: 1792
1 36 41 67 79 90 94 104 #SUP: 1456
1 36 41 67 88 90 94 97 #SUP: 1792
1 36 41 67 88 90 94 104 #SUP: 1456
1 36 41 67 90 94 97 107 #SUP: 1472
1 36 41 67 90 94 97 108 #SUP: 1472
1 36 41 71 79 88 90 94 #SUP: 1440
1 36 41 71 79 90 94 97 #SUP: 1600
1 36 41 71 79 90 94 104 #SUP: 1264
1 36 41 71 88 90 94 97 #SUP: 1600
1 36 41 71 88 90 94 104 #SUP: 1264
1 36 41 71 90 94 97 107 #SUP: 1376
1 36 41 71 90 94 97 108 #SUP: 1376
1 36 41 79 88 90 94 97 #SUP: 1920
1 36 41 79 88 90 94 104 #SUP: 1216
1 36 41 79 88 90 94 119 #SUP: 1008
1 36 41 79 88 90 94 122 #SUP: 1664
1 36 41 79 90 94 97 107 #SUP: 1152
1 36 41 79 90 94 97 108 #SUP: 1152
1 36 41 88 90 94 97 107 #SUP: 1152
1 36 41 88 90 94 97 108 #SUP: 1152
1 36 44 56 67 90 94 97 #SUP: 592
1 36 44 56 71 90 94 97 #SUP: 592
1 36 44 56 79 90 94 97 #SUP: 432
1 36 44 56 88 90 94 97 #SUP: 432
1 36 44 67 71 90 94 97 #SUP: 680
1 36 44 67 79 90 94 97 #SUP: 520
1 36 44 67 88 90 94 97 #SUP: 520
1 36 44 67 90 94 97 104 #SUP: 680
1 36 44 71 79 90 94 97 #SUP: 456
1 36 44 71 88 90 94 97 #SUP: 456
1 36 44 79 88 90 94 97 #SUP: 552
1 36 50 56 67 90 94 97 #SUP: 592
1 36 50 56 71 90 94 97 #SUP: 592
1 36 50 56 79 90 94 97 #SUP: 432
1 36 50 56 88 90 94 97 #SUP: 432
1 36 50 67 71 90 94 97 #SUP: 552
1 36 50 67 71 90 94 104 #SUP: 512
1 36 50 67 90 94 97 104 #SUP: 552
1 36 50 67 90 94 97 128 #SUP: 476
1 36 50 79 88 90 94 97 #SUP: 436
1 36 53 57 67 71 90 94 #SUP: 514
1 36 53 57 67 90 94 97 #SUP: 500
1 36 53 57 71 90 94 97 #SUP: 500
1 36 53 57 90 94 104 128 #SUP: 472
1 36 53 67 71 79 90 94 #SUP: 426
1 36 53 67 71 90 94 97 #SUP: 610
1 36 53 67 71 90 94 104 #SUP: 648
1 36 53 67 79 90 94 104 #SUP: 448
1 36 53 67 88 90 94 104 #SUP: 448
1 36 53 67 90 94 97 128 #SUP: 476
1 36 55 67 71 79 90 94 #SUP: 826
1 36 55 67 71 88 90 94 #SUP: 808
1 36 55 67 79 88 90 94 #SUP: 1072
1 36 55 67 79 90 94 97 #SUP: 884
1 36 55 71 79 88 90 94 #SUP: 832
1 36 55 71 79 90 94 97 #SUP: 644
1 36 55 79 88 90 94 104 #SUP: 1120
1 36 56 67 71 90 94 97 #SUP: 2080
1 36 56 67 79 90 94 97 #SUP: 1184
1 36 56 67 88 90 94 97 #SUP: 1184
1 36 56 67 90 94 97 108 #SUP: 1168
1 36 56 71 79 90 94 97 #SUP: 1184
1 36 56 71 88 90 94 97 #SUP: 1184
1 36 56 71 90 94 97 108 #SUP: 1168
1 36 56 79 88 90 94 97 #SUP: 1312
1 36 56 79 90 94 97 108 #SUP: 848
1 36 56 88 90 94 97 108 #SUP: 848
1 36 57 67 71 79 90 94 #SUP: 722
1 36 57 67 71 90 94 97 #SUP: 1842
1 36 57 67 71 90 94 120 #SUP: 994
1 36 57 67 79 90 94 97 #SUP: 708
1 36 57 67 79 90 94 120 #SUP: 436
1 36 57 67 90 94 97 120 #SUP: 996
1 36 57 71 79 90 94 97 #SUP: 708
1 36 57 71 79 90 94 120 #SUP: 436
1 36 57 71 90 94 97 120 #SUP: 996
1 36 57 79 90 94 97 120 #SUP: 456
1 36 67 71 79 88 90 94 #SUP: 1304
1 36 67 71 79 90 94 97 #SUP: 1554
1 36 67 71 79 90 94 104 #SUP: 1384
1 36 67 71 79 90 94 120 #SUP: 466
1 36 67 71 88 90 94 97 #SUP: 1536
1 36 67 71 88 90 94 104 #SUP: 1384
1 36 67 71 90 94 97 104 #SUP: 2432
1 36 67 71 90 94 97 107 #SUP: 1296
1 36 67 71 90 94 97 108 #SUP: 1344
1 36 67 71 90 94 97 120 #SUP: 1026
1 36 67 71 90 94 104 120 #SUP: 1024
1 36 67 79 88 90 94 97 #SUP: 1648
1 36 67 79 88 90 94 104 #SUP: 1264
1 36 67 79 90 94 97 104 #SUP: 1472
1 36 67 79 90 94 97 107 #SUP: 944
1 36 67 79 90 94 97 108 #SUP: 992
1 36 67 79 90 94 97 120 #SUP: 492
1 36 67 79 90 94 97 128 #SUP: 720
1 36 67 88 90 94 97 104 #SUP: 1472
1 36 67 88 90 94 97 107 #SUP: 944
1 36 67 88 90 94 97 108 #SUP: 992
1 36 67 88 90 94 97 120 #SUP: 456
1 36 67 88 90 94 97 128 #SUP: 720
1 36 67 90 94 97 104 108 #SUP: 1312
1 36 67 90 94 97 120 128 #SUP: 984
1 36 71 79 88 90 94 97 #SUP: 1408
1 36 71 79 88 90 94 104 #SUP: 1072
1 36 71 79 90 94 97 107 #SUP: 848
1 36 71 79 90 94 97 108 #SUP: 896
1 36 71 79 90 94 97 120 #SUP: 468
1 36 71 88 90 94 97 107 #SUP: 848
1 36 71 88 90 94 97 108 #SUP: 896
1 36 79 88 90 94 97 107 #SUP: 1008
1 36 79 88 90 94 97 108 #SUP: 1056
1 38 41 44 67 90 97 104 #SUP: 688
1 38 41 55 67 71 90 104 #SUP: 736
1 38 41 55 67 90 97 104 #SUP: 896
1 38 41 67 71 90 97 104 #SUP: 2432
1 38 41 67 90 97 104 108 #SUP: 1264
1 38 44 67 71 90 97 104 #SUP: 648
1 38 55 67 71 90 97 104 #SUP: 800
1 38 55 67 90 97 104 108 #SUP: 448
1 38 67 71 90 97 104 108 #SUP: 1216
1 67 71 90 97 104 108 120 #SUP: 528
2 5 11 24 36 38 90 94 #SUP: 624
2 5 11 24 38 66 90 94 #SUP: 488
2 5 11 36 38 90 94 97 #SUP: 680
2 5 12 36 38 90 94 97 #SUP: 544
2 5 12 36 42 90 94 97 #SUP: 448
2 5 12 36 79 90 94 97 #SUP: 448
2 5 12 36 88 90 94 97 #SUP: 448
2 5 12 36 90 94 97 120 #SUP: 440
2 5 16 36 57 90 94 97 #SUP: 436
2 5 24 36 38 55 90 94 #SUP: 760
2 5 24 36 38 66 90 94 #SUP: 952
2 5 24 36 38 90 94 97 #SUP: 1328
2 5 24 36 38 90 94 114 #SUP: 592
2 5 24 36 38 90 94 128 #SUP: 520
2 5 24 36 42 90 94 97 #SUP: 776
2 5 24 36 55 90 94 97 #SUP: 848
2 5 24 36 55 90 94 128 #SUP: 424
2 5 24 36 90 94 97 120 #SUP: 1004
2 5 24 36 90 94 97 128 #SUP: 608
2 5 24 38 55 66 90 94 #SUP: 672
2 5 29 36 38 90 94 97 #SUP: 984
2 5 36 38 42 90 94 97 #SUP: 808
2 5 36 38 55 90 94 97 #SUP: 880
2 5 36 38 56 90 94 97 #SUP: 720
2 5 36 38 57 90 94 97 #SUP: 888
2 5 36 38 67 90 94 97 #SUP: 584
2 5 36 38 71 90 94 97 #SUP: 584
2 5 36 38 79 90 94 97 #SUP: 664
2 5 36 38 88 90 94 97 #SUP: 656
2 5 36 38 90 94 97 120 #SUP: 1092
2 5 36 42 67 90 94 97 #SUP: 608
2 5 36 42 71 90 94 97 #SUP: 608
2 5 36 42 79 90 94 97 #SUP: 616
2 5 36 42 88 90 94 97 #SUP: 608
2 5 36 42 90 94 97 120 #SUP: 744
2 5 36 55 90 94 97 120 #SUP: 492
2 5 36 57 90 94 97 120 #SUP: 492
2 5 36 67 71 90 94 97 #SUP: 500
2 5 36 67 79 90 94 97 #SUP: 536
2 5 36 67 88 90 94 97 #SUP: 536
2 5 36 67 90 94 97 120 #SUP: 484
2 5 36 71 79 90 94 97 #SUP: 536
2 5 36 71 88 90 94 97 #SUP: 536
2 5 36 71 90 94 97 120 #SUP: 484
2 5 36 79 88 90 94 97 #SUP: 608
2 5 36 79 90 94 97 120 #SUP: 528
2 5 36 88 90 94 97 120 #SUP: 520
2 6 11 24 36 38 90 94 #SUP: 624
2 6 11 24 38 66 90 94 #SUP: 488
2 6 11 36 38 90 94 97 #SUP: 680
2 6 11 36 38 90 94 120 #SUP: 504
2 6 12 36 38 90 94 97 #SUP: 496
2 6 24 36 38 66 90 94 #SUP: 952
2 6 24 36 38 90 94 97 #SUP: 1232
2 6 24 36 38 90 94 114 #SUP: 592
2 6 24 36 38 90 94 128 #SUP: 424
2 6 24 38 55 66 90 94 #SUP: 672
2 6 29 36 38 90 94 97 #SUP: 984
2 6 36 38 41 55 90 94 #SUP: 692
2 6 36 38 41 57 90 94 #SUP: 828
2 6 36 38 42 90 94 97 #SUP: 712
2 6 36 38 55 90 94 97 #SUP: 784
2 6 36 38 55 90 94 120 #SUP: 432
2 6 36 38 56 90 94 97 #SUP: 720
2 6 36 38 67 90 94 97 #SUP: 488
2 6 36 38 67 90 94 120 #SUP: 424
2 6 36 38 71 90 94 97 #SUP: 488
2 6 36 38 71 90 94 120 #SUP: 424
2 6 36 38 79 88 90 94 #SUP: 452
2 6 36 38 79 90 94 97 #SUP: 568
2 6 36 38 79 90 94 120 #SUP: 468
2 6 36 38 88 90 94 97 #SUP: 560
2 6 36 38 88 90 94 120 #SUP: 460
2 6 36 38 90 94 97 120 #SUP: 1044
2 6 36 42 79 90 94 97 #SUP: 426
2 6 36 42 90 94 97 114 #SUP: 586
2 6 36 55 57 90 94 97 #SUP: 650
2 7 24 36 38 90 94 114 #SUP: 592
2 7 36 42 90 94 97 114 #SUP: 586
2 9 24 36 55 90 94 97 #SUP: 760
2 11 13 24 38 90 94 114 #SUP: 464
2 11 20 24 38 90 94 114 #SUP: 444
2 11 24 36 38 66 90 94 #SUP: 1120
2 11 24 36 38 90 94 97 #SUP: 1528
2 11 24 36 38 90 94 114 #SUP: 904
2 11 24 36 38 90 94 128 #SUP: 544
2 11 24 38 55 66 90 94 #SUP: 712
2 11 24 38 66 90 94 114 #SUP: 496
2 11 24 38 66 90 94 128 #SUP: 424
2 11 36 38 41 55 90 94 #SUP: 708
2 11 36 38 42 90 94 97 #SUP: 1008
2 11 36 38 55 90 94 97 #SUP: 792
2 11 36 38 55 90 94 120 #SUP: 440
2 11 36 38 67 90 94 120 #SUP: 532
2 11 36 38 71 90 94 120 #SUP: 532
2 11 36 38 79 90 94 120 #SUP: 548
2 11 36 38 88 90 94 120 #SUP: 532
2 11 36 38 90 94 97 120 #SUP: 1268
2 11 36 42 67 90 94 97 #SUP: 564
2 11 36 42 71 90 94 97 #SUP: 564
2 11 36 42 79 90 94 97 #SUP: 580
2 11 36 42 88 90 94 97 #SUP: 564
2 11 36 42 90 94 97 114 #SUP: 884
2 11 36 55 57 90 94 97 #SUP: 652
2 12 24 36 42 90 94 97 #SUP: 960
2 12 36 38 42 90 94 97 #SUP: 1040
2 12 36 38 56 90 94 97 #SUP: 1152
2 12 36 38 67 71 90 94 #SUP: 500
2 12 36 38 67 79 90 94 #SUP: 572
2 12 36 38 67 88 90 94 #SUP: 572
2 12 36 38 67 90 94 97 #SUP: 752
2 12 36 38 67 90 94 120 #SUP: 628
2 12 36 38 71 79 90 94 #SUP: 572
2 12 36 38 71 88 90 94 #SUP: 572
2 12 36 38 71 90 94 97 #SUP: 752
2 12 36 38 71 90 94 120 #SUP: 628
2 12 36 38 79 88 90 94 #SUP: 716
2 12 36 38 79 90 94 97 #SUP: 896
2 12 36 38 79 90 94 120 #SUP: 700
2 12 36 38 88 90 94 97 #SUP: 896
2 12 36 38 88 90 94 120 #SUP: 700
2 12 36 38 90 94 97 120 #SUP: 1096
2 12 36 42 67 90 94 97 #SUP: 656
2 12 36 42 71 90 94 97 #SUP: 656
2 12 36 42 79 90 94 97 #SUP: 656
2 12 36 42 88 90 94 97 #SUP: 656
2 12 36 42 90 94 97 120 #SUP: 976
2 12 36 67 71 79 90 94 #SUP: 440
2 12 36 67 71 88 90 94 #SUP: 440
2 12 36 67 71 90 94 97 #SUP: 512
2 12 36 67 79 88 90 94 #SUP: 512
2 12 36 67 79 90 94 97 #SUP: 584
2 12 36 67 79 90 94 120 #SUP: 436
2 12 36 67 88 90 94 97 #SUP: 584
2 12 36 67 88 90 94 120 #SUP: 436
2 12 36 67 90 94 97 120 #SUP: 616
2 12 36 71 79 88 90 94 #SUP: 512
2 12 36 71 79 90 94 97 #SUP: 584
2 12 36 71 79 90 94 120 #SUP: 436
2 12 36 71 88 90 94 97 #SUP: 584
2 12 36 71 88 90 94 120 #SUP: 436
2 12 36 71 90 94 97 120 #SUP: 616
2 12 36 79 88 90 94 97 #SUP: 728
2 12 36 79 88 90 94 104 #SUP: 548
2 12 36 79 88 90 94 120 #SUP: 508
2 12 36 79 90 94 97 120 #SUP: 688
2 12 36 88 90 94 97 120 #SUP: 688
2 13 24 36 38 90 94 114 #SUP: 892
2 13 24 38 66 90 94 114 #SUP: 472
2 13 36 38 42 90 94 97 #SUP: 1008
2 16 36 38 57 90 94 97 #SUP: 776
2 20 24 36 38 90 94 114 #SUP: 870
2 20 24 38 66 90 94 114 #SUP: 444
2 23 36 79 88 90 94 104 #SUP: 624
2 24 29 36 38 90 94 97 #SUP: 1872
2 24 36 38 42 90 94 97 #SUP: 1856
2 24 36 38 55 66 90 94 #SUP: 1352
2 24 36 38 55 90 94 97 #SUP: 1424
2 24 36 38 55 90 94 128 #SUP: 584
2 24 36 38 66 90 94 97 #SUP: 2192
2 24 36 38 66 90 94 114 #SUP: 920
2 24 36 38 66 90 94 128 #SUP: 776
2 24 36 38 70 90 94 97 #SUP: 2160
2 24 36 38 77 90 94 97 #SUP: 1296
2 24 36 38 86 90 94 97 #SUP: 1296
2 24 36 38 90 94 97 120 #SUP: 2456
2 24 36 38 90 94 97 125 #SUP: 1008
2 24 36 38 90 94 97 128 #SUP: 1136
2 24 36 38 90 94 114 128 #SUP: 632
2 24 36 42 67 90 94 97 #SUP: 1056
2 24 36 42 71 90 94 97 #SUP: 1056
2 24 36 42 79 90 94 97 #SUP: 1088
2 24 36 42 88 90 94 97 #SUP: 1056
2 24 36 42 90 94 97 120 #SUP: 1856
2 24 36 42 90 94 97 128 #SUP: 800
2 24 36 42 90 97 100 114 #SUP: 1768
2 24 36 55 57 90 94 97 #SUP: 1488
2 24 36 55 90 94 97 120 #SUP: 776
2 24 36 55 90 94 97 128 #SUP: 656
2 24 36 90 94 97 120 128 #SUP: 920
2 24 38 41 55 66 90 94 #SUP: 1344
2 24 38 55 66 90 94 128 #SUP: 512
2 29 36 38 56 90 94 97 #SUP: 864
2 29 36 38 90 94 97 120 #SUP: 1368
2 36 38 41 55 57 90 94 #SUP: 1368
2 36 38 41 57 90 94 120 #SUP: 864
2 36 38 41 57 90 94 122 #SUP: 612
2 36 38 42 67 90 94 97 #SUP: 1216
2 36 38 42 71 90 94 97 #SUP: 1216
2 36 38 42 79 90 94 97 #SUP: 1248
2 36 38 42 88 90 94 97 #SUP: 1216
2 36 38 42 90 94 97 120 #SUP: 1936
2 36 38 47 55 57 90 94 #SUP: 480
2 36 38 50 55 90 94 97 #SUP: 520
2 36 38 50 57 90 94 97 #SUP: 552
2 36 38 55 57 90 94 120 #SUP: 768
2 36 38 55 90 94 97 120 #SUP: 856
2 36 38 55 90 94 97 122 #SUP: 560
2 36 38 56 67 90 94 97 #SUP: 1008
2 36 38 56 71 90 94 97 #SUP: 1008
2 36 38 56 79 90 94 97 #SUP: 1152
2 36 38 56 88 90 94 97 #SUP: 1152
2 36 38 56 90 94 97 120 #SUP: 1872
2 36 38 57 90 94 97 120 #SUP: 840
2 36 38 67 71 79 90 94 #SUP: 712
2 36 38 67 71 88 90 94 #SUP: 712
2 36 38 67 71 90 94 97 #SUP: 856
2 36 38 67 71 90 94 120 #SUP: 716
2 36 38 67 79 88 90 94 #SUP: 784
2 36 38 67 79 90 94 97 #SUP: 928
2 36 38 67 79 90 94 120 #SUP: 752
2 36 38 67 88 90 94 97 #SUP: 928
2 36 38 67 88 90 94 120 #SUP: 752
2 36 38 67 90 94 97 120 #SUP: 1112
2 36 38 71 79 88 90 94 #SUP: 784
2 36 38 71 79 90 94 97 #SUP: 928
2 36 38 71 79 90 94 120 #SUP: 752
2 36 38 71 88 90 94 97 #SUP: 928
2 36 38 71 88 90 94 120 #SUP: 752
2 36 38 71 90 94 97 120 #SUP: 1112
2 36 38 79 88 90 94 97 #SUP: 1072
2 36 38 79 88 90 94 104 #SUP: 712
2 36 38 79 88 90 94 120 #SUP: 824
2 36 38 79 90 94 97 120 #SUP: 1216
2 36 38 88 90 94 97 120 #SUP: 1184
2 36 42 55 79 90 94 97 #SUP: 488
2 36 42 67 71 90 94 97 #SUP: 888
2 36 42 67 79 90 94 97 #SUP: 888
2 36 42 67 88 90 94 97 #SUP: 888
2 36 42 67 90 94 97 114 #SUP: 872
2 36 42 67 90 94 97 120 #SUP: 1088
2 36 42 71 79 90 94 97 #SUP: 888
2 36 42 71 88 90 94 97 #SUP: 888
2 36 42 71 90 94 97 114 #SUP: 872
2 36 42 71 90 94 97 120 #SUP: 1088
2 36 42 79 88 90 94 97 #SUP: 888
2 36 42 79 90 94 97 114 #SUP: 904
2 36 42 79 90 94 97 120 #SUP: 1120
2 36 42 88 90 94 97 114 #SUP: 872
2 36 42 88 90 94 97 120 #SUP: 1088
2 36 42 90 94 97 114 123 #SUP: 584
2 36 57 79 88 90 94 104 #SUP: 560
2 36 67 71 79 88 90 94 #SUP: 708
2 36 67 71 79 90 94 97 #SUP: 744
2 36 67 71 79 90 94 120 #SUP: 548
2 36 67 71 88 90 94 97 #SUP: 744
2 36 67 71 88 90 94 120 #SUP: 548
2 36 67 71 90 94 97 120 #SUP: 692
2 36 67 79 88 90 94 97 #SUP: 816
2 36 67 79 88 90 94 104 #SUP: 672
2 36 67 79 88 90 94 120 #SUP: 584
2 36 67 79 90 94 97 120 #SUP: 728
2 36 67 88 90 94 97 120 #SUP: 728
2 36 71 79 88 90 94 97 #SUP: 816
2 36 71 79 88 90 94 104 #SUP: 672
2 36 71 79 88 90 94 120 #SUP: 584
2 36 71 79 90 94 97 120 #SUP: 728
2 36 71 88 90 94 97 120 #SUP: 728
2 36 79 88 90 94 97 104 #SUP: 744
2 36 79 88 90 94 97 120 #SUP: 800
2 36 79 88 90 94 104 120 #SUP: 440
5 9 16 36 41 90 94 97 #SUP: 434
5 9 24 36 41 90 94 97 #SUP: 580
5 9 24 36 55 90 94 97 #SUP: 468
5 9 24 36 79 88 90 94 #SUP: 432
5 9 31 36 38 90 94 97 #SUP: 468
5 9 31 36 79 90 94 97 #SUP: 448
5 9 36 38 57 90 94 97 #SUP: 804
5 9 36 38 90 94 97 120 #SUP: 422
5 9 36 38 90 94 97 128 #SUP: 592
5 9 36 57 67 90 94 97 #SUP: 558
5 9 36 57 71 90 94 97 #SUP: 558
5 9 36 57 90 94 97 120 #SUP: 462
5 9 36 57 90 94 97 128 #SUP: 660
5 9 36 67 71 90 94 97 #SUP: 651
5 9 36 67 71 90 94 104 #SUP: 596
5 9 36 67 79 90 94 97 #SUP: 430
5 9 36 67 88 90 94 97 #SUP: 424
5 9 36 71 79 90 94 97 #SUP: 430
5 9 36 71 88 90 94 97 #SUP: 424
5 9 36 79 88 90 94 97 #SUP: 456
5 11 23 36 38 67 90 94 #SUP: 760
5 11 24 36 38 90 94 97 #SUP: 640
5 11 24 36 90 94 97 120 #SUP: 478
5 11 31 36 38 90 94 128 #SUP: 461
5 11 36 38 41 55 90 94 #SUP: 598
5 11 36 38 41 57 90 94 #SUP: 766
5 11 36 38 41 90 94 97 #SUP: 980
5 11 36 38 41 90 94 121 #SUP: 432
5 11 36 38 41 90 94 128 #SUP: 549
5 11 36 38 55 90 94 97 #SUP: 640
5 11 36 38 56 90 94 97 #SUP: 720
5 11 36 38 67 71 90 94 #SUP: 736
5 11 36 38 67 79 90 94 #SUP: 552
5 11 36 38 67 88 90 94 #SUP: 552
5 11 36 38 67 90 94 97 #SUP: 888
5 11 36 38 71 79 90 94 #SUP: 432
5 11 36 38 71 88 90 94 #SUP: 432
5 11 36 38 71 90 94 97 #SUP: 768
5 11 36 38 79 88 90 94 #SUP: 448
5 11 36 38 79 90 94 97 #SUP: 604
5 11 36 38 88 90 94 97 #SUP: 600
5 11 36 38 90 94 97 120 #SUP: 714
5 11 36 38 90 94 97 121 #SUP: 438
5 11 36 38 90 94 97 128 #SUP: 664
5 11 36 67 71 90 94 97 #SUP: 699
5 11 36 67 79 90 94 97 #SUP: 534
5 12 24 36 79 88 90 94 #SUP: 472
5 12 24 36 79 90 94 97 #SUP: 496
5 12 24 36 88 90 94 97 #SUP: 496
5 12 36 38 67 90 94 97 #SUP: 456
5 12 36 38 71 90 94 97 #SUP: 456
5 12 36 38 79 88 90 94 #SUP: 472
5 12 36 38 79 90 94 97 #SUP: 528
5 12 36 38 88 90 94 97 #SUP: 528
5 12 36 41 79 88 90 94 #SUP: 592
5 12 36 56 79 90 94 97 #SUP: 568
5 12 36 56 88 90 94 97 #SUP: 568
5 12 36 67 71 79 90 94 #SUP: 484
5 12 36 67 71 88 90 94 #SUP: 484
5 12 36 67 71 90 94 97 #SUP: 484
5 12 36 67 79 88 90 94 #SUP: 588
5 12 36 67 79 90 94 97 #SUP: 584
5 12 36 67 88 90 94 97 #SUP: 584
5 12 36 71 79 88 90 94 #SUP: 588
5 12 36 71 79 90 94 97 #SUP: 584
5 12 36 71 88 90 94 97 #SUP: 584
5 12 36 79 88 90 94 97 #SUP: 784
5 12 36 79 88 90 94 104 #SUP: 512
5 12 36 79 88 90 94 122 #SUP: 472
5 13 24 36 90 94 97 100 #SUP: 436
5 13 36 38 56 90 94 97 #SUP: 576
5 13 36 38 67 71 90 94 #SUP: 460
5 13 36 38 67 90 94 97 #SUP: 560
5 13 36 38 71 90 94 97 #SUP: 512
5 13 36 38 90 94 97 120 #SUP: 476
5 13 36 56 67 90 94 97 #SUP: 496
5 13 36 56 71 90 94 97 #SUP: 496
5 13 36 67 71 90 94 97 #SUP: 476
5 16 24 36 41 90 94 97 #SUP: 580
5 16 36 38 41 57 90 94 #SUP: 664
5 16 36 38 57 90 94 97 #SUP: 692
5 16 36 41 56 90 94 97 #SUP: 592
5 16 36 57 90 94 97 128 #SUP: 460
5 16 36 67 71 90 94 97 #SUP: 444
5 20 36 38 56 90 94 97 #SUP: 576
5 21 36 79 88 90 94 97 #SUP: 464
5 22 36 38 55 90 94 97 #SUP: 504
5 23 36 38 41 67 90 94 #SUP: 1368
5 23 36 38 41 71 90 94 #SUP: 1272
5 23 36 38 41 79 90 94 #SUP: 832
5 23 36 38 41 88 90 94 #SUP: 832
5 23 36 38 41 90 94 104 #SUP: 1376
5 23 36 38 55 67 90 94 #SUP: 560
5 23 36 38 67 71 90 94 #SUP: 1364
5 23 36 38 67 79 90 94 #SUP: 888
5 23 36 38 67 88 90 94 #SUP: 888
5 23 36 38 67 90 94 104 #SUP: 1432
5 23 36 38 71 79 90 94 #SUP: 792
5 23 36 38 71 88 90 94 #SUP: 792
5 23 36 38 71 90 94 104 #SUP: 1336
5 23 36 38 79 88 90 94 #SUP: 752
5 23 36 38 79 90 94 104 #SUP: 928
5 23 36 38 88 90 94 104 #SUP: 928
5 23 36 38 90 94 97 104 #SUP: 1488
5 23 36 38 90 94 104 120 #SUP: 576
5 23 36 57 67 90 94 104 #SUP: 1000
5 23 36 57 71 90 94 104 #SUP: 1000
5 23 36 57 79 90 94 104 #SUP: 496
5 23 36 57 88 90 94 104 #SUP: 496
5 23 36 57 90 94 104 120 #SUP: 560
5 23 36 67 71 79 90 94 #SUP: 804
5 23 36 67 71 88 90 94 #SUP: 804
5 23 36 67 71 90 94 104 #SUP: 1348
5 23 36 67 79 88 90 94 #SUP: 728
5 23 36 67 79 90 94 104 #SUP: 904
5 23 36 67 88 90 94 104 #SUP: 904
5 23 36 67 90 94 97 104 #SUP: 1464
5 23 36 67 90 94 104 120 #SUP: 588
5 23 36 71 79 88 90 94 #SUP: 632
5 23 36 71 79 90 94 104 #SUP: 808
5 23 36 71 88 90 94 104 #SUP: 808
5 23 36 71 90 94 97 104 #SUP: 1368
5 23 36 71 90 94 104 120 #SUP: 588
5 23 36 79 88 90 94 104 #SUP: 784
5 23 36 79 90 94 97 104 #SUP: 960
5 23 36 88 90 94 97 104 #SUP: 960
5 23 36 90 94 97 104 120 #SUP: 616
5 24 31 36 79 90 94 97 #SUP: 600
5 24 36 38 41 55 90 94 #SUP: 660
5 24 36 38 42 90 94 97 #SUP: 736
5 24 36 38 55 57 90 94 #SUP: 748
5 24 36 38 55 90 94 97 #SUP: 808
5 24 36 38 90 94 97 120 #SUP: 984
5 24 36 38 90 94 97 128 #SUP: 536
5 24 36 39 79 88 90 94 #SUP: 704
5 24 36 39 79 90 94 97 #SUP: 632
5 24 36 41 55 66 90 94 #SUP: 704
5 24 36 41 55 70 90 94 #SUP: 696
5 24 36 41 90 94 97 122 #SUP: 728
5 24 36 42 67 90 94 97 #SUP: 548
5 24 36 42 71 90 94 97 #SUP: 524
5 24 36 42 79 90 94 97 #SUP: 568
5 24 36 42 88 90 94 97 #SUP: 536
5 24 36 42 90 94 97 120 #SUP: 732
5 24 36 55 57 90 94 97 #SUP: 864
5 24 36 55 90 94 97 120 #SUP: 480
5 24 36 55 90 94 97 128 #SUP: 440
5 24 36 56 90 94 97 100 #SUP: 1088
5 24 36 67 71 79 90 94 #SUP: 454
5 24 36 67 71 88 90 94 #SUP: 448
5 24 36 67 71 90 94 97 #SUP: 502
5 24 36 67 79 88 90 94 #SUP: 624
5 24 36 67 79 90 94 97 #SUP: 660
5 24 36 67 88 90 94 97 #SUP: 648
5 24 36 67 90 94 97 100 #SUP: 556
5 24 36 71 79 88 90 94 #SUP: 600
5 24 36 71 79 90 94 97 #SUP: 636
5 24 36 71 88 90 94 97 #SUP: 624
5 24 36 71 90 94 97 100 #SUP: 556
5 24 36 79 88 90 94 97 #SUP: 904
5 24 36 79 90 94 97 100 #SUP: 832
5 31 36 38 90 94 97 120 #SUP: 468
5 31 36 38 90 94 97 128 #SUP: 896
5 36 38 41 50 90 94 97 #SUP: 512
5 36 38 41 55 57 90 94 #SUP: 668
5 36 38 41 55 90 94 97 #SUP: 1000
5 36 38 41 57 90 94 97 #SUP: 1656
5 36 38 41 57 90 94 104 #SUP: 1028
5 36 38 41 57 90 94 120 #SUP: 836
5 36 38 41 57 90 94 121 #SUP: 768
5 36 38 41 57 90 94 128 #SUP: 1082
5 36 38 41 90 94 97 121 #SUP: 804
5 36 38 41 90 94 97 122 #SUP: 464
5 36 38 42 67 90 94 97 #SUP: 568
5 36 38 42 71 90 94 97 #SUP: 544
5 36 38 42 79 90 94 97 #SUP: 576
5 36 38 42 88 90 94 97 #SUP: 568
5 36 38 42 90 94 97 120 #SUP: 724
5 36 38 50 57 90 94 97 #SUP: 504
5 36 38 55 67 71 90 94 #SUP: 592
5 36 38 55 67 79 90 94 #SUP: 680
5 36 38 55 67 88 90 94 #SUP: 680
5 36 38 55 79 90 94 97 #SUP: 640
5 36 38 55 90 94 97 120 #SUP: 472
5 36 38 55 90 94 97 122 #SUP: 456
5 36 38 56 67 90 94 97 #SUP: 1224
5 36 38 56 71 90 94 97 #SUP: 1224
5 36 38 56 77 90 94 97 #SUP: 576
5 36 38 56 79 90 94 97 #SUP: 720
5 36 38 56 86 90 94 97 #SUP: 576
5 36 38 56 88 90 94 97 #SUP: 720
5 36 38 56 90 94 97 120 #SUP: 1080
5 36 38 56 90 94 97 128 #SUP: 1056
5 36 38 57 67 90 94 104 #SUP: 1048
5 36 38 57 71 90 94 104 #SUP: 1048
5 36 38 57 79 90 94 104 #SUP: 544
5 36 38 57 88 90 94 104 #SUP: 544
5 36 38 57 90 94 97 104 #SUP: 1104
5 36 38 57 90 94 97 120 #SUP: 876
5 36 38 57 90 94 97 128 #SUP: 1176
5 36 38 57 90 94 104 120 #SUP: 560
5 36 38 57 90 94 104 128 #SUP: 962
5 36 38 63 90 94 100 114 #SUP: 648
5 36 38 67 71 79 90 94 #SUP: 956
5 36 38 67 71 88 90 94 #SUP: 956
5 36 38 67 71 90 94 97 #SUP: 1556
5 36 38 67 71 90 94 104 #SUP: 1428
5 36 38 67 71 90 94 120 #SUP: 730
5 36 38 67 79 88 90 94 #SUP: 904
5 36 38 67 79 90 94 97 #SUP: 1136
5 36 38 67 79 90 94 104 #SUP: 984
5 36 38 67 79 90 94 120 #SUP: 472
5 36 38 67 88 90 94 97 #SUP: 1136
5 36 38 67 88 90 94 104 #SUP: 984
5 36 38 67 88 90 94 120 #SUP: 472
5 36 38 67 90 94 97 104 #SUP: 1544
5 36 38 67 90 94 97 120 #SUP: 896
5 36 38 67 90 94 97 128 #SUP: 1080
5 36 38 67 90 94 104 120 #SUP: 604
5 36 38 71 79 88 90 94 #SUP: 784
5 36 38 71 79 90 94 97 #SUP: 1016
5 36 38 71 79 90 94 104 #SUP: 888
5 36 38 71 79 90 94 120 #SUP: 460
5 36 38 71 88 90 94 97 #SUP: 1016
5 36 38 71 88 90 94 104 #SUP: 888
5 36 38 71 88 90 94 120 #SUP: 460
5 36 38 71 90 94 97 104 #SUP: 1448
5 36 38 71 90 94 97 120 #SUP: 884
5 36 38 71 90 94 97 128 #SUP: 1056
5 36 38 71 90 94 104 120 #SUP: 604
5 36 38 77 90 94 97 120 #SUP: 540
5 36 38 77 90 94 97 128 #SUP: 456
5 36 38 79 88 90 94 97 #SUP: 1016
5 36 38 79 88 90 94 104 #SUP: 864
5 36 38 79 90 94 97 104 #SUP: 1040
5 36 38 79 90 94 97 120 #SUP: 652
5 36 38 79 90 94 97 128 #SUP: 512
5 36 38 86 90 94 97 120 #SUP: 540
5 36 38 86 90 94 97 128 #SUP: 456
5 36 38 88 90 94 97 104 #SUP: 1040
5 36 38 88 90 94 97 120 #SUP: 644
5 36 38 88 90 94 97 128 #SUP: 504
5 36 38 90 94 97 104 120 #SUP: 632
5 36 38 90 94 97 120 128 #SUP: 800
5 36 38 90 94 97 121 128 #SUP: 552
5 36 39 67 79 88 90 94 #SUP: 448
5 36 39 71 79 88 90 94 #SUP: 448
5 36 39 79 88 90 94 97 #SUP: 656
5 36 41 56 67 90 94 97 #SUP: 1192
5 36 41 56 71 90 94 97 #SUP: 1192
5 36 41 56 79 90 94 97 #SUP: 944
5 36 41 56 88 90 94 97 #SUP: 944
5 36 41 67 71 79 90 94 #SUP: 780
5 36 41 67 71 88 90 94 #SUP: 780
5 36 41 67 71 90 94 97 #SUP: 1284
5 36 41 67 71 90 94 104 #SUP: 1196
5 36 41 67 79 88 90 94 #SUP: 856
5 36 41 67 79 90 94 97 #SUP: 968
5 36 41 67 79 90 94 104 #SUP: 776
5 36 41 67 88 90 94 97 #SUP: 968
5 36 41 67 88 90 94 104 #SUP: 776
5 36 41 71 79 88 90 94 #SUP: 760
5 36 41 71 79 90 94 97 #SUP: 872
5 36 41 71 79 90 94 104 #SUP: 680
5 36 41 71 88 90 94 97 #SUP: 872
5 36 41 71 88 90 94 104 #SUP: 680
5 36 41 79 88 90 94 97 #SUP: 1104
5 36 41 79 88 90 94 104 #SUP: 704
5 36 41 79 88 90 94 119 #SUP: 552
5 36 41 79 88 90 94 122 #SUP: 856
5 36 42 56 90 94 97 120 #SUP: 624
5 36 42 67 71 90 94 97 #SUP: 550
5 36 42 67 79 90 94 97 #SUP: 580
5 36 42 67 88 90 94 97 #SUP: 568
5 36 42 67 90 94 97 120 #SUP: 536
5 36 42 71 79 90 94 97 #SUP: 556
5 36 42 71 88 90 94 97 #SUP: 544
5 36 42 71 90 94 97 120 #SUP: 524
5 36 42 79 88 90 94 97 #SUP: 568
5 36 42 79 90 94 97 120 #SUP: 556
5 36 42 88 90 94 97 120 #SUP: 524
5 36 55 67 71 79 90 94 #SUP: 686
5 36 55 67 71 88 90 94 #SUP: 680
5 36 55 67 79 88 90 94 #SUP: 808
5 36 55 67 79 90 94 97 #SUP: 740
5 36 55 71 79 88 90 94 #SUP: 688
5 36 55 71 79 90 94 97 #SUP: 620
5 36 55 79 88 90 94 104 #SUP: 816
5 36 56 67 71 90 94 97 #SUP: 1220
5 36 56 67 79 90 94 97 #SUP: 808
5 36 56 67 88 90 94 97 #SUP: 808
5 36 56 67 90 94 97 120 #SUP: 804
5 36 56 67 90 94 97 128 #SUP: 1008
5 36 56 71 79 90 94 97 #SUP: 808
5 36 56 71 88 90 94 97 #SUP: 808
5 36 56 71 90 94 97 120 #SUP: 804
5 36 56 71 90 94 97 128 #SUP: 1008
5 36 56 79 88 90 94 97 #SUP: 944
5 36 56 79 90 94 97 120 #SUP: 552
5 36 56 79 90 94 97 128 #SUP: 432
5 36 56 88 90 94 97 120 #SUP: 552
5 36 56 88 90 94 97 128 #SUP: 432
5 36 56 90 94 97 120 128 #SUP: 672
5 36 57 67 71 79 90 94 #SUP: 586
5 36 57 67 71 90 94 97 #SUP: 1146
5 36 57 67 71 90 94 104 #SUP: 1156
5 36 57 67 71 90 94 120 #SUP: 608
5 36 57 67 79 90 94 97 #SUP: 612
5 36 57 67 79 90 94 104 #SUP: 616
5 36 57 67 88 90 94 104 #SUP: 616
5 36 57 67 90 94 97 104 #SUP: 1176
5 36 57 67 90 94 97 120 #SUP: 624
5 36 57 67 90 94 104 120 #SUP: 620
5 36 57 71 79 90 94 97 #SUP: 612
5 36 57 71 79 90 94 104 #SUP: 616
5 36 57 71 88 90 94 104 #SUP: 616
5 36 57 71 90 94 97 104 #SUP: 1176
5 36 57 71 90 94 97 120 #SUP: 624
5 36 57 71 90 94 104 120 #SUP: 620
5 36 57 79 88 90 94 104 #SUP: 496
5 36 57 79 90 94 97 104 #SUP: 672
5 36 57 88 90 94 97 104 #SUP: 672
5 36 57 90 94 97 104 120 #SUP: 648
5 36 57 90 94 97 120 128 #SUP: 684
5 36 60 79 88 90 94 97 #SUP: 672
5 36 67 71 79 88 90 94 #SUP: 1008
5 36 67 71 79 90 94 97 #SUP: 1186
5 36 67 71 79 90 94 104 #SUP: 1020
5 36 67 71 79 90 94 120 #SUP: 472
5 36 67 71 88 90 94 97 #SUP: 1180
5 36 67 71 88 90 94 104 #SUP: 1020
5 36 67 71 88 90 94 120 #SUP: 466
5 36 67 71 90 94 97 104 #SUP: 1556
5 36 67 71 90 94 97 107 #SUP: 800
5 36 67 71 90 94 97 108 #SUP: 824
5 36 67 71 90 94 97 120 #SUP: 824
5 36 67 71 90 94 97 128 #SUP: 1152
5 36 67 71 90 94 104 120 #SUP: 682
5 36 67 79 88 90 94 97 #SUP: 1272
5 36 67 79 88 90 94 104 #SUP: 984
5 36 67 79 88 90 94 119 #SUP: 524
5 36 67 79 88 90 94 122 #SUP: 580
5 36 67 79 90 94 97 104 #SUP: 1112
5 36 67 79 90 94 97 107 #SUP: 624
5 36 67 79 90 94 97 108 #SUP: 648
5 36 67 79 90 94 97 120 #SUP: 572
5 36 67 79 90 94 97 128 #SUP: 600
5 36 67 88 90 94 97 104 #SUP: 1112
5 36 67 88 90 94 97 107 #SUP: 624
5 36 67 88 90 94 97 108 #SUP: 648
5 36 67 88 90 94 97 120 #SUP: 560
5 36 67 88 90 94 97 128 #SUP: 600
5 36 67 90 94 97 104 107 #SUP: 784
5 36 67 90 94 97 104 108 #SUP: 808
5 36 67 90 94 97 104 120 #SUP: 692
5 36 67 90 94 97 120 128 #SUP: 684
5 36 71 79 88 90 94 97 #SUP: 1152
5 36 71 79 88 90 94 104 #SUP: 888
5 36 71 79 88 90 94 119 #SUP: 476
5 36 71 79 88 90 94 122 #SUP: 532
5 36 71 79 90 94 97 104 #SUP: 1016
5 36 71 79 90 94 97 107 #SUP: 576
5 36 71 79 90 94 97 108 #SUP: 600
5 36 71 79 90 94 97 120 #SUP: 560
5 36 71 79 90 94 97 128 #SUP: 576
5 36 71 88 90 94 97 104 #SUP: 1016
5 36 71 88 90 94 97 107 #SUP: 576
5 36 71 88 90 94 97 108 #SUP: 600
5 36 71 88 90 94 97 120 #SUP: 548
5 36 71 88 90 94 97 128 #SUP: 576
5 36 71 90 94 97 104 120 #SUP: 692
5 36 71 90 94 97 120 128 #SUP: 672
5 36 79 88 90 94 97 104 #SUP: 992
5 36 79 88 90 94 97 107 #SUP: 656
5 36 79 88 90 94 97 108 #SUP: 680
5 36 79 88 90 94 97 119 #SUP: 664
5 36 79 88 90 94 97 120 #SUP: 500
5 36 79 88 90 94 97 122 #SUP: 824
5 36 79 88 90 94 104 119 #SUP: 456
5 36 79 88 90 94 119 122 #SUP: 460
5 36 79 90 94 97 104 120 #SUP: 440
5 36 88 90 94 97 104 120 #SUP: 440
5 38 41 67 71 90 97 104 #SUP: 1204
5 38 41 67 71 90 104 120 #SUP: 482
5 38 41 67 90 97 104 120 #SUP: 492
5 38 41 71 90 97 104 120 #SUP: 492
5 38 55 67 71 90 97 104 #SUP: 560
5 38 67 71 90 97 104 108 #SUP: 700
5 38 67 71 90 97 104 120 #SUP: 602
6 9 16 36 41 90 94 97 #SUP: 434
6 9 24 36 41 90 94 97 #SUP: 580
6 9 31 36 38 90 94 97 #SUP: 468
6 9 31 36 79 90 94 97 #SUP: 448
6 9 36 38 90 94 97 128 #SUP: 544
6 9 36 57 90 94 97 128 #SUP: 564
6 11 23 36 38 67 90 94 #SUP: 650
6 11 23 36 67 71 90 94 #SUP: 555
6 11 23 36 67 90 94 104 #SUP: 619
6 11 24 36 38 90 94 97 #SUP: 640
6 11 24 36 90 94 97 120 #SUP: 478
6 11 31 36 38 41 90 94 #SUP: 492
6 11 31 36 38 67 90 94 #SUP: 514
6 11 31 36 38 90 94 128 #SUP: 461
6 11 31 36 57 67 90 94 #SUP: 465
6 11 31 36 57 71 90 94 #SUP: 465
6 11 31 36 57 90 94 97 #SUP: 445
6 11 31 36 57 90 94 104 #SUP: 461
6 11 31 36 67 71 90 94 #SUP: 494
6 11 31 36 67 90 94 97 #SUP: 463
6 11 36 38 41 55 90 94 #SUP: 488
6 11 36 38 41 57 90 94 #SUP: 784
6 11 36 38 41 90 94 97 #SUP: 852
6 11 36 38 41 90 94 104 #SUP: 556
6 11 36 38 41 90 94 121 #SUP: 432
6 11 36 38 41 90 94 128 #SUP: 549
6 11 36 38 55 90 94 97 #SUP: 512
6 11 36 38 56 90 94 97 #SUP: 720
6 11 36 38 67 71 90 94 #SUP: 626
6 11 36 38 67 79 90 94 #SUP: 442
6 11 36 38 67 88 90 94 #SUP: 442
6 11 36 38 67 90 94 97 #SUP: 760
6 11 36 38 67 90 94 120 #SUP: 426
6 11 36 38 71 90 94 97 #SUP: 640
6 11 36 38 79 90 94 97 #SUP: 476
6 11 36 38 88 90 94 97 #SUP: 472
6 11 36 38 90 94 97 120 #SUP: 714
6 11 36 38 90 94 97 121 #SUP: 438
6 11 36 38 90 94 97 128 #SUP: 664
6 11 36 67 71 90 94 97 #SUP: 572
6 12 36 41 79 88 90 94 #SUP: 434
6 12 36 56 79 90 94 97 #SUP: 568
6 12 36 56 88 90 94 97 #SUP: 568
6 12 36 79 88 90 94 97 #SUP: 560
6 13 24 36 90 94 97 100 #SUP: 436
6 13 36 38 56 90 94 97 #SUP: 576
6 13 36 38 67 71 90 94 #SUP: 460
6 13 36 38 67 90 94 97 #SUP: 560
6 13 36 38 71 90 94 97 #SUP: 512
6 13 36 38 90 94 97 120 #SUP: 476
6 13 36 56 67 90 94 97 #SUP: 496
6 13 36 56 71 90 94 97 #SUP: 496
6 13 36 67 71 90 94 97 #SUP: 476
6 16 24 36 41 90 94 97 #SUP: 580
6 16 36 38 41 57 90 94 #SUP: 664
6 16 36 41 56 90 94 97 #SUP: 592
6 20 36 38 56 90 94 97 #SUP: 576
6 23 31 36 67 71 90 94 #SUP: 982
6 23 36 38 41 67 90 94 #SUP: 1148
6 23 36 38 41 71 90 94 #SUP: 1052
6 23 36 38 41 79 90 94 #SUP: 612
6 23 36 38 41 88 90 94 #SUP: 612
6 23 36 38 41 90 94 104 #SUP: 1156
6 23 36 38 67 71 90 94 #SUP: 1144
6 23 36 38 67 79 90 94 #SUP: 668
6 23 36 38 67 88 90 94 #SUP: 668
6 23 36 38 67 90 94 104 #SUP: 1212
6 23 36 38 71 79 90 94 #SUP: 572
6 23 36 38 71 88 90 94 #SUP: 572
6 23 36 38 71 90 94 104 #SUP: 1116
6 23 36 38 79 88 90 94 #SUP: 532
6 23 36 38 79 90 94 104 #SUP: 708
6 23 36 38 88 90 94 104 #SUP: 708
6 23 36 38 90 94 97 104 #SUP: 1232
6 23 36 38 90 94 104 120 #SUP: 612
6 23 36 57 67 90 94 104 #SUP: 1038
6 23 36 57 71 90 94 104 #SUP: 1038
6 23 36 57 79 90 94 104 #SUP: 534
6 23 36 57 88 90 94 104 #SUP: 534
6 23 36 57 90 94 97 104 #SUP: 1058
6 23 36 57 90 94 104 120 #SUP: 596
6 23 36 67 71 79 90 94 #SUP: 586
6 23 36 67 71 88 90 94 #SUP: 586
6 23 36 67 71 90 94 104 #SUP: 1130
6 23 36 67 79 88 90 94 #SUP: 510
6 23 36 67 79 90 94 104 #SUP: 686
6 23 36 67 88 90 94 104 #SUP: 686
6 23 36 67 90 94 97 104 #SUP: 1210
6 23 36 67 90 94 104 120 #SUP: 624
6 23 36 71 79 90 94 104 #SUP: 590
6 23 36 71 88 90 94 104 #SUP: 590
6 23 36 71 90 94 97 104 #SUP: 1114
6 23 36 71 90 94 104 120 #SUP: 624
6 23 36 79 88 90 94 104 #SUP: 566
6 23 36 79 90 94 97 104 #SUP: 706
6 23 36 88 90 94 97 104 #SUP: 706
6 23 36 90 94 97 104 120 #SUP: 616
6 24 31 36 39 90 97 100 #SUP: 538
6 24 31 36 79 90 94 97 #SUP: 600
6 24 36 38 41 55 90 94 #SUP: 660
6 24 36 38 42 90 94 97 #SUP: 640
6 24 36 38 55 90 94 97 #SUP: 712
6 24 36 38 90 94 97 120 #SUP: 936
6 24 36 38 90 94 97 128 #SUP: 440
6 24 36 41 90 94 97 122 #SUP: 728
6 24 36 42 90 94 97 120 #SUP: 636
6 24 36 42 90 97 100 114 #SUP: 610
6 24 36 55 57 90 94 97 #SUP: 672
6 24 36 56 90 94 97 100 #SUP: 1088
6 24 36 67 79 90 94 97 #SUP: 468
6 24 36 67 88 90 94 97 #SUP: 456
6 24 36 67 90 94 97 100 #SUP: 556
6 24 36 71 79 90 94 97 #SUP: 444
6 24 36 71 88 90 94 97 #SUP: 432
6 24 36 71 90 94 97 100 #SUP: 556
6 24 36 79 88 90 94 97 #SUP: 712
6 24 36 79 90 94 97 100 #SUP: 832
6 31 36 38 67 71 90 94 #SUP: 1012
6 31 36 38 67 79 90 94 #SUP: 428
6 31 36 38 67 88 90 94 #SUP: 428
6 31 36 38 67 90 94 120 #SUP: 504
6 31 36 38 90 94 97 120 #SUP: 468
6 31 36 38 90 94 97 128 #SUP: 896
6 31 36 39 79 90 94 97 #SUP: 538
6 31 36 41 67 71 90 94 #SUP: 1108
6 31 36 41 67 79 90 94 #SUP: 628
6 31 36 41 67 88 90 94 #SUP: 628
6 31 36 41 71 79 90 94 #SUP: 628
6 31 36 41 71 88 90 94 #SUP: 628
6 31 36 41 79 88 90 94 #SUP: 676
6 31 36 57 67 71 90 94 #SUP: 924
6 31 36 57 67 90 94 97 #SUP: 878
6 31 36 57 67 90 94 120 #SUP: 488
6 31 36 57 71 90 94 97 #SUP: 878
6 31 36 57 71 90 94 120 #SUP: 488
6 31 36 67 71 79 90 94 #SUP: 540
6 31 36 67 71 88 90 94 #SUP: 534
6 31 36 67 71 90 94 97 #SUP: 1032
6 31 36 67 71 90 94 104 #SUP: 950
6 31 36 67 71 90 94 120 #SUP: 498
6 31 36 67 79 88 90 94 #SUP: 478
6 31 36 67 79 90 94 97 #SUP: 614
6 31 36 67 88 90 94 97 #SUP: 602
6 31 36 71 79 88 90 94 #SUP: 454
6 31 36 71 79 90 94 97 #SUP: 590
6 31 36 71 88 90 94 97 #SUP: 578
6 31 36 79 88 90 94 97 #SUP: 666
6 31 38 41 67 71 90 104 #SUP: 964
6 31 38 67 71 90 104 120 #SUP: 516
6 36 38 41 50 90 94 97 #SUP: 512
6 36 38 41 55 57 90 94 #SUP: 704
6 36 38 41 55 90 94 97 #SUP: 744
6 36 38 41 57 90 94 97 #SUP: 1656
6 36 38 41 57 90 94 104 #SUP: 1064
6 36 38 41 57 90 94 120 #SUP: 872
6 36 38 41 57 90 94 121 #SUP: 768
6 36 38 41 57 90 94 128 #SUP: 1082
6 36 38 41 90 94 97 121 #SUP: 804
6 36 38 42 67 90 94 97 #SUP: 472
6 36 38 42 71 90 94 97 #SUP: 448
6 36 38 42 79 90 94 97 #SUP: 480
6 36 38 42 88 90 94 97 #SUP: 472
6 36 38 42 90 94 97 120 #SUP: 676
6 36 38 55 90 94 97 120 #SUP: 424
6 36 38 56 67 90 94 97 #SUP: 1224
6 36 38 56 71 90 94 97 #SUP: 1224
6 36 38 56 77 90 94 97 #SUP: 576
6 36 38 56 79 90 94 97 #SUP: 720
6 36 38 56 86 90 94 97 #SUP: 576
6 36 38 56 88 90 94 97 #SUP: 720
6 36 38 56 90 94 97 120 #SUP: 1080
6 36 38 56 90 94 97 128 #SUP: 1056
6 36 38 63 90 94 100 114 #SUP: 648
6 36 38 67 71 79 90 94 #SUP: 640
6 36 38 67 71 88 90 94 #SUP: 640
6 36 38 67 71 90 94 97 #SUP: 1204
6 36 38 67 71 90 94 104 #SUP: 1112
6 36 38 67 71 90 94 120 #SUP: 718
6 36 38 67 79 88 90 94 #SUP: 588
6 36 38 67 79 90 94 97 #SUP: 784
6 36 38 67 79 90 94 104 #SUP: 668
6 36 38 67 79 90 94 120 #SUP: 460
6 36 38 67 88 90 94 97 #SUP: 784
6 36 38 67 88 90 94 104 #SUP: 668
6 36 38 67 88 90 94 120 #SUP: 460
6 36 38 67 90 94 97 104 #SUP: 1192
6 36 38 67 90 94 97 120 #SUP: 848
6 36 38 67 90 94 97 128 #SUP: 984
6 36 38 67 90 94 104 120 #SUP: 592
6 36 38 71 79 88 90 94 #SUP: 468
6 36 38 71 79 90 94 97 #SUP: 664
6 36 38 71 79 90 94 104 #SUP: 572
6 36 38 71 79 90 94 120 #SUP: 448
6 36 38 71 88 90 94 97 #SUP: 664
6 36 38 71 88 90 94 104 #SUP: 572
6 36 38 71 88 90 94 120 #SUP: 448
6 36 38 71 90 94 97 104 #SUP: 1096
6 36 38 71 90 94 97 120 #SUP: 836
6 36 38 71 90 94 104 120 #SUP: 592
6 36 38 77 90 94 97 120 #SUP: 540
6 36 38 77 90 94 97 128 #SUP: 456
6 36 38 79 88 90 94 97 #SUP: 664
6 36 38 79 88 90 94 104 #SUP: 548
6 36 38 79 90 94 97 104 #SUP: 688
6 36 38 79 90 94 97 120 #SUP: 604
6 36 38 86 90 94 97 120 #SUP: 540
6 36 38 86 90 94 97 128 #SUP: 456
6 36 38 88 90 94 97 104 #SUP: 688
6 36 38 88 90 94 97 120 #SUP: 596
6 36 38 90 94 97 104 120 #SUP: 584
6 36 38 90 94 97 120 128 #SUP: 752
6 36 38 90 94 97 121 128 #SUP: 552
6 36 39 79 88 90 94 97 #SUP: 562
6 36 41 56 67 90 94 97 #SUP: 1192
6 36 41 56 71 90 94 97 #SUP: 1192
6 36 41 56 79 90 94 97 #SUP: 944
6 36 41 56 88 90 94 97 #SUP: 944
6 36 41 67 71 79 90 94 #SUP: 536
6 36 41 67 71 88 90 94 #SUP: 536
6 36 41 67 79 88 90 94 #SUP: 588
6 36 41 67 79 90 94 97 #SUP: 712
6 36 41 67 88 90 94 97 #SUP: 712
6 36 41 71 79 88 90 94 #SUP: 492
6 36 41 79 88 90 94 97 #SUP: 848
6 36 41 79 88 90 94 122 #SUP: 650
6 36 42 56 90 94 97 120 #SUP: 624
6 36 42 67 90 94 97 120 #SUP: 440
6 36 42 71 90 94 97 120 #SUP: 428
6 36 42 79 90 94 97 120 #SUP: 460
6 36 42 88 90 94 97 120 #SUP: 428
6 36 56 67 71 90 94 97 #SUP: 1220
6 36 56 67 79 90 94 97 #SUP: 808
6 36 56 67 88 90 94 97 #SUP: 808
6 36 56 67 90 94 97 120 #SUP: 804
6 36 56 67 90 94 97 128 #SUP: 1008
6 36 56 71 79 90 94 97 #SUP: 808
6 36 56 71 88 90 94 97 #SUP: 808
6 36 56 71 90 94 97 120 #SUP: 804
6 36 56 71 90 94 97 128 #SUP: 1008
6 36 56 79 88 90 94 97 #SUP: 944
6 36 56 79 90 94 97 120 #SUP: 552
6 36 56 79 90 94 97 128 #SUP: 432
6 36 56 88 90 94 97 120 #SUP: 552
6 36 56 88 90 94 97 128 #SUP: 432
6 36 56 90 94 97 120 128 #SUP: 672
6 36 57 67 71 79 90 94 #SUP: 432
6 36 57 67 71 90 94 97 #SUP: 956
6 36 57 67 71 90 94 120 #SUP: 548
6 36 57 67 79 90 94 97 #SUP: 422
6 36 57 67 90 94 97 120 #SUP: 528
6 36 57 71 79 90 94 97 #SUP: 422
6 36 57 71 90 94 97 120 #SUP: 528
6 36 57 90 94 97 120 128 #SUP: 588
6 36 60 79 88 90 94 97 #SUP: 672
6 36 67 71 79 88 90 94 #SUP: 574
6 36 67 71 79 90 94 97 #SUP: 740
6 36 67 71 79 90 94 104 #SUP: 586
6 36 67 71 88 90 94 97 #SUP: 734
6 36 67 71 88 90 94 104 #SUP: 586
6 36 67 71 90 94 97 104 #SUP: 1110
6 36 67 71 90 94 97 107 #SUP: 576
6 36 67 71 90 94 97 108 #SUP: 600
6 36 67 71 90 94 97 120 #SUP: 728
6 36 67 71 90 94 104 120 #SUP: 622
6 36 67 79 88 90 94 97 #SUP: 826
6 36 67 79 88 90 94 104 #SUP: 526
6 36 67 79 88 90 94 122 #SUP: 422
6 36 67 79 90 94 97 104 #SUP: 666
6 36 67 79 90 94 97 108 #SUP: 424
6 36 67 79 90 94 97 120 #SUP: 476
6 36 67 88 90 94 97 104 #SUP: 666
6 36 67 88 90 94 97 108 #SUP: 424
6 36 67 88 90 94 97 120 #SUP: 464
6 36 67 90 94 97 104 108 #SUP: 584
6 36 67 90 94 97 104 120 #SUP: 596
6 36 67 90 94 97 120 128 #SUP: 588
6 36 71 79 88 90 94 97 #SUP: 706
6 36 71 79 88 90 94 104 #SUP: 430
6 36 71 79 90 94 97 104 #SUP: 570
6 36 71 79 90 94 97 120 #SUP: 464
6 36 71 88 90 94 97 104 #SUP: 570
6 36 71 88 90 94 97 120 #SUP: 452
6 36 71 90 94 97 104 120 #SUP: 596
6 36 79 88 90 94 97 104 #SUP: 546
6 36 79 88 90 94 97 107 #SUP: 432
6 36 79 88 90 94 97 108 #SUP: 456
6 36 79 88 90 94 97 119 #SUP: 440
6 36 79 88 90 94 97 122 #SUP: 696
6 38 41 67 71 90 97 104 #SUP: 948
6 38 41 67 71 90 104 120 #SUP: 518
6 38 41 67 90 97 104 120 #SUP: 492
6 38 41 71 90 97 104 120 #SUP: 492
6 38 67 71 90 97 104 108 #SUP: 524
6 38 67 71 90 97 104 120 #SUP: 554
7 24 36 42 90 97 100 114 #SUP: 610
7 36 38 63 90 94 100 114 #SUP: 648
9 16 24 36 41 90 94 97 #SUP: 580
9 16 24 36 41 90 94 122 #SUP: 436
9 16 36 38 57 90 94 97 #SUP: 628
9 16 36 57 90 94 97 128 #SUP: 428
9 16 36 67 71 90 94 97 #SUP: 432
9 24 31 36 79 90 94 97 #SUP: 660
9 24 36 38 55 90 94 97 #SUP: 808
9 24 36 39 79 88 90 94 #SUP: 704
9 24 36 39 79 90 94 97 #SUP: 596
9 24 36 41 55 66 90 94 #SUP: 720
9 24 36 41 55 70 90 94 #SUP: 720
9 24 36 41 90 94 97 122 #SUP: 728
9 24 36 55 57 90 94 97 #SUP: 780
9 24 36 55 90 94 97 120 #SUP: 472
9 24 36 67 79 88 90 94 #SUP: 520
9 24 36 67 79 90 94 97 #SUP: 466
9 24 36 71 79 88 90 94 #SUP: 520
9 24 36 71 79 90 94 97 #SUP: 466
9 24 36 79 88 90 94 97 #SUP: 704
9 31 36 38 90 94 97 120 #SUP: 496
9 31 36 38 90 94 97 128 #SUP: 880
9 36 38 41 57 90 94 97 #SUP: 1512
9 36 38 50 57 90 94 97 #SUP: 444
9 36 38 57 90 94 97 120 #SUP: 780
9 36 38 57 90 94 97 128 #SUP: 1128
9 36 38 90 94 97 120 128 #SUP: 580
9 36 39 67 79 88 90 94 #SUP: 424
9 36 39 71 79 88 90 94 #SUP: 424
9 36 39 79 88 90 94 97 #SUP: 608
9 36 57 67 71 90 94 97 #SUP: 1017
9 36 57 67 79 90 94 97 #SUP: 450
9 36 57 67 90 94 97 120 #SUP: 546
9 36 57 71 79 90 94 97 #SUP: 450
9 36 57 71 90 94 97 120 #SUP: 546
9 36 57 90 94 97 120 128 #SUP: 636
9 36 67 71 79 88 90 94 #SUP: 500
9 36 67 71 79 90 94 97 #SUP: 665
9 36 67 71 79 90 94 104 #SUP: 564
9 36 67 71 88 90 94 97 #SUP: 656
9 36 67 71 88 90 94 104 #SUP: 564
9 36 67 71 90 94 97 104 #SUP: 1104
9 36 67 71 90 94 97 107 #SUP: 592
9 36 67 71 90 94 97 108 #SUP: 616
9 36 67 71 90 94 97 120 #SUP: 585
9 36 67 79 88 90 94 97 #SUP: 592
9 36 71 79 88 90 94 97 #SUP: 592
9 36 79 88 90 94 97 108 #SUP: 424
11 13 23 36 38 67 90 94 #SUP: 476
11 13 24 36 38 90 94 114 #SUP: 460
11 13 36 38 56 90 94 97 #SUP: 720
11 13 36 38 67 71 90 94 #SUP: 488
11 13 36 38 67 90 94 97 #SUP: 664
11 13 36 38 71 90 94 97 #SUP: 568
11 13 36 38 79 90 94 97 #SUP: 480
11 13 36 38 88 90 94 97 #SUP: 472
11 13 36 38 90 94 97 120 #SUP: 616
11 13 36 38 90 94 97 128 #SUP: 440
11 13 36 38 90 94 114 120 #SUP: 442
11 13 36 42 90 94 97 120 #SUP: 496
11 13 36 67 71 90 94 97 #SUP: 466
11 16 36 38 41 57 90 94 #SUP: 616
11 20 36 38 56 90 94 97 #SUP: 720
11 22 36 38 55 90 94 97 #SUP: 556
11 23 31 36 67 71 90 94 #SUP: 1016
11 23 36 38 41 67 90 94 #SUP: 1460
11 23 36 38 53 67 90 94 #SUP: 452
11 23 36 38 55 67 90 94 #SUP: 724
11 23 36 38 67 71 90 94 #SUP: 1396
11 23 36 38 67 79 90 94 #SUP: 964
11 23 36 38 67 88 90 94 #SUP: 964
11 23 36 38 67 90 94 104 #SUP: 1492
11 23 36 55 67 71 90 94 #SUP: 536
11 23 36 55 67 79 90 94 #SUP: 680
11 23 36 55 67 88 90 94 #SUP: 680
11 23 36 67 71 79 90 94 #SUP: 776
11 23 36 67 71 88 90 94 #SUP: 776
11 23 36 67 71 90 94 104 #SUP: 1304
11 23 36 67 79 88 90 94 #SUP: 752
11 23 36 67 79 90 94 104 #SUP: 920
11 23 36 67 88 90 94 104 #SUP: 920
11 23 36 67 90 94 97 104 #SUP: 1444
11 24 36 38 41 55 90 94 #SUP: 680
11 24 36 38 55 90 94 97 #SUP: 712
11 24 36 38 90 94 97 120 #SUP: 1228
11 24 36 38 90 94 97 128 #SUP: 568
11 24 36 42 67 90 94 97 #SUP: 498
11 24 36 42 79 90 94 97 #SUP: 532
11 24 36 42 90 94 97 120 #SUP: 940
11 24 36 42 90 97 100 114 #SUP: 924
11 24 36 55 57 90 94 97 #SUP: 684
11 31 36 38 67 79 90 94 #SUP: 436
11 31 36 38 67 88 90 94 #SUP: 436
11 31 36 38 67 90 94 120 #SUP: 500
11 31 36 38 90 94 97 128 #SUP: 928
11 31 36 57 67 71 90 94 #SUP: 929
11 31 36 57 67 90 94 97 #SUP: 886
11 31 36 57 67 90 94 120 #SUP: 494
11 31 36 57 71 90 94 97 #SUP: 886
11 31 36 57 71 90 94 120 #SUP: 494
11 36 38 41 50 90 94 97 #SUP: 496
11 36 38 41 55 57 90 94 #SUP: 708
11 36 38 41 55 90 94 97 #SUP: 1096
11 36 38 41 55 90 94 104 #SUP: 508
11 36 38 41 55 90 94 121 #SUP: 436
11 36 38 41 55 90 94 122 #SUP: 458
11 36 38 41 57 90 94 97 #SUP: 1512
11 36 38 41 57 90 94 120 #SUP: 800
11 36 38 41 57 90 94 121 #SUP: 772
11 36 38 41 57 90 94 128 #SUP: 1084
11 36 38 41 90 94 97 121 #SUP: 852
11 36 38 42 67 90 94 97 #SUP: 608
11 36 38 42 79 90 94 97 #SUP: 624
11 36 38 42 88 90 94 97 #SUP: 608
11 36 38 42 90 94 97 120 #SUP: 968
11 36 38 55 67 79 90 94 #SUP: 724
11 36 38 55 67 88 90 94 #SUP: 724
11 36 38 55 79 90 94 97 #SUP: 640
11 36 38 55 90 94 97 120 #SUP: 428
11 36 38 55 90 94 97 121 #SUP: 444
11 36 38 55 90 94 97 122 #SUP: 504
11 36 38 56 67 90 94 97 #SUP: 1296
11 36 38 56 71 90 94 97 #SUP: 1296
11 36 38 56 77 90 94 97 #SUP: 720
11 36 38 56 79 90 94 97 #SUP: 720
11 36 38 56 86 90 94 97 #SUP: 720
11 36 38 56 88 90 94 97 #SUP: 720
11 36 38 56 90 94 97 120 #SUP: 1296
11 36 38 56 90 94 97 128 #SUP: 1152
11 36 38 63 90 94 100 114 #SUP: 976
11 36 38 67 71 79 90 94 #SUP: 880
11 36 38 67 71 88 90 94 #SUP: 880
11 36 38 67 71 90 94 97 #SUP: 1464
11 36 38 67 71 90 94 120 #SUP: 756
11 36 38 67 79 88 90 94 #SUP: 904
11 36 38 67 79 90 94 97 #SUP: 1128
11 36 38 67 79 90 94 120 #SUP: 492
11 36 38 67 88 90 94 97 #SUP: 1128
11 36 38 67 88 90 94 120 #SUP: 492
11 36 38 67 90 94 97 120 #SUP: 952
11 36 38 67 90 94 97 128 #SUP: 1056
11 36 38 67 90 94 114 120 #SUP: 440
11 36 38 71 79 88 90 94 #SUP: 664
11 36 38 71 79 90 94 97 #SUP: 888
11 36 38 71 79 90 94 120 #SUP: 468
11 36 38 71 88 90 94 97 #SUP: 888
11 36 38 71 88 90 94 120 #SUP: 468
11 36 38 71 90 94 97 120 #SUP: 928
11 36 38 71 90 94 114 120 #SUP: 440
11 36 38 77 90 94 97 120 #SUP: 684
11 36 38 77 90 94 97 128 #SUP: 504
11 36 38 79 88 90 94 97 #SUP: 936
11 36 38 79 90 94 97 120 #SUP: 680
11 36 38 79 90 94 97 128 #SUP: 496
11 36 38 79 90 94 114 120 #SUP: 456
11 36 38 86 90 94 97 120 #SUP: 684
11 36 38 86 90 94 97 128 #SUP: 504
11 36 38 88 90 94 97 120 #SUP: 664
11 36 38 88 90 94 97 128 #SUP: 480
11 36 38 88 90 94 114 120 #SUP: 440
11 36 38 90 94 97 120 128 #SUP: 868
11 36 38 90 94 97 121 128 #SUP: 564
11 36 42 67 90 94 97 114 #SUP: 454
11 36 42 67 90 94 97 120 #SUP: 538
11 36 42 71 90 94 97 114 #SUP: 454
11 36 42 71 90 94 97 120 #SUP: 514
11 36 42 79 90 94 97 114 #SUP: 488
11 36 42 79 90 94 97 120 #SUP: 572
11 36 55 67 71 79 90 94 #SUP: 497
11 36 55 67 79 88 90 94 #SUP: 704
11 36 55 67 79 90 94 97 #SUP: 646
11 36 67 71 79 88 90 94 #SUP: 614
11 36 67 71 79 90 94 97 #SUP: 793
11 36 67 71 88 90 94 97 #SUP: 784
11 36 67 71 90 94 97 120 #SUP: 721
11 36 67 79 88 90 94 97 #SUP: 832
11 36 67 79 90 94 97 120 #SUP: 466
11 36 71 79 88 90 94 97 #SUP: 592
11 36 71 79 90 94 97 120 #SUP: 442
12 13 24 36 38 90 94 114 #SUP: 440
12 13 24 38 63 90 97 120 #SUP: 528
12 13 36 38 90 94 114 120 #SUP: 434
12 16 36 41 79 88 90 94 #SUP: 428
12 21 36 41 79 88 90 94 #SUP: 436
12 21 36 79 88 90 94 97 #SUP: 472
12 21 36 79 88 90 94 104 #SUP: 428
12 23 36 38 41 67 90 94 #SUP: 548
12 23 36 38 41 71 90 94 #SUP: 548
12 23 36 38 41 79 90 94 #SUP: 644
12 23 36 38 41 88 90 94 #SUP: 644
12 23 36 38 67 71 90 94 #SUP: 604
12 23 36 38 67 79 90 94 #SUP: 628
12 23 36 38 67 88 90 94 #SUP: 628
12 23 36 38 71 79 90 94 #SUP: 628
12 23 36 38 71 88 90 94 #SUP: 628
12 23 36 38 79 88 90 94 #SUP: 748
12 23 36 67 71 79 90 94 #SUP: 604
12 23 36 67 71 88 90 94 #SUP: 604
12 23 36 67 79 88 90 94 #SUP: 652
12 23 36 71 79 88 90 94 #SUP: 652
12 23 36 79 88 90 94 104 #SUP: 772
12 24 36 39 79 88 90 94 #SUP: 704
12 24 36 56 90 94 97 100 #SUP: 1376
12 24 36 63 66 90 94 114 #SUP: 504
12 24 36 63 67 90 94 114 #SUP: 504
12 24 36 63 70 90 94 114 #SUP: 504
12 24 36 63 71 90 94 114 #SUP: 504
12 24 36 63 79 90 94 114 #SUP: 576
12 24 36 63 88 90 94 114 #SUP: 576
12 24 36 67 71 90 94 97 #SUP: 440
12 24 36 67 79 88 90 94 #SUP: 532
12 24 36 67 79 90 94 97 #SUP: 568
12 24 36 67 88 90 94 97 #SUP: 568
12 24 36 71 79 88 90 94 #SUP: 532
12 24 36 71 79 90 94 97 #SUP: 568
12 24 36 71 88 90 94 97 #SUP: 568
12 24 36 79 88 90 94 97 #SUP: 824
12 24 38 63 67 90 97 120 #SUP: 528
12 24 38 63 71 90 97 120 #SUP: 528
12 31 36 41 67 79 90 94 #SUP: 428
12 31 36 41 67 88 90 94 #SUP: 428
12 31 36 41 71 79 90 94 #SUP: 428
12 31 36 41 71 88 90 94 #SUP: 428
12 31 36 41 79 88 90 94 #SUP: 732
12 36 38 55 67 71 90 94 #SUP: 580
12 36 38 63 90 94 100 114 #SUP: 960
12 36 38 67 71 79 90 94 #SUP: 712
12 36 38 67 71 88 90 94 #SUP: 712
12 36 38 67 71 90 94 97 #SUP: 720
12 36 38 67 79 88 90 94 #SUP: 760
12 36 38 67 79 90 94 97 #SUP: 792
12 36 38 67 88 90 94 97 #SUP: 792
12 36 38 67 90 94 114 120 #SUP: 440
12 36 38 71 79 88 90 94 #SUP: 760
12 36 38 71 79 90 94 97 #SUP: 792
12 36 38 71 88 90 94 97 #SUP: 792
12 36 38 71 90 94 114 120 #SUP: 440
12 36 38 79 88 90 94 97 #SUP: 936
12 36 38 79 88 90 94 104 #SUP: 772
12 36 38 79 88 90 94 120 #SUP: 492
12 36 38 79 90 94 114 120 #SUP: 440
12 36 38 88 90 94 114 120 #SUP: 440
12 36 39 67 79 88 90 94 #SUP: 424
12 36 39 71 79 88 90 94 #SUP: 424
12 36 39 79 88 90 94 97 #SUP: 608
12 36 41 55 67 71 90 94 #SUP: 440
12 36 41 55 67 79 90 94 #SUP: 428
12 36 41 55 67 88 90 94 #SUP: 428
12 36 41 55 71 79 90 94 #SUP: 428
12 36 41 55 71 88 90 94 #SUP: 428
12 36 41 55 79 88 90 94 #SUP: 476
12 36 41 67 71 79 90 94 #SUP: 592
12 36 41 67 71 88 90 94 #SUP: 592
12 36 41 67 79 88 90 94 #SUP: 804
12 36 41 71 79 88 90 94 #SUP: 804
12 36 41 79 88 90 94 97 #SUP: 1056
12 36 41 79 88 90 94 104 #SUP: 740
12 36 41 79 88 90 94 119 #SUP: 600
12 36 41 79 88 90 94 122 #SUP: 946
12 36 42 56 90 94 97 120 #SUP: 912
12 36 42 67 71 90 94 97 #SUP: 488
12 36 42 67 79 90 94 97 #SUP: 488
12 36 42 67 88 90 94 97 #SUP: 488
12 36 42 67 90 94 97 120 #SUP: 592
12 36 42 71 79 90 94 97 #SUP: 488
12 36 42 71 88 90 94 97 #SUP: 488
12 36 42 71 90 94 97 120 #SUP: 592
12 36 42 79 88 90 94 97 #SUP: 488
12 36 42 79 90 94 97 120 #SUP: 592
12 36 42 88 90 94 97 120 #SUP: 592
12 36 55 67 71 79 90 94 #SUP: 616
12 36 55 67 71 88 90 94 #SUP: 616
12 36 55 67 79 88 90 94 #SUP: 628
12 36 55 71 79 88 90 94 #SUP: 628
12 36 55 79 88 90 94 104 #SUP: 676
12 36 56 67 71 90 94 97 #SUP: 464
12 36 56 67 79 90 94 97 #SUP: 664
12 36 56 67 88 90 94 97 #SUP: 664
12 36 56 67 90 94 97 120 #SUP: 552
12 36 56 71 79 90 94 97 #SUP: 664
12 36 56 71 88 90 94 97 #SUP: 664
12 36 56 71 90 94 97 120 #SUP: 552
12 36 56 79 88 90 94 97 #SUP: 1064
12 36 56 79 90 94 97 120 #SUP: 624
12 36 56 88 90 94 97 120 #SUP: 624
12 36 57 79 88 90 94 104 #SUP: 484
12 36 60 79 88 90 94 97 #SUP: 640
12 36 67 71 79 88 90 94 #SUP: 894
12 36 67 71 79 90 94 97 #SUP: 836
12 36 67 71 88 90 94 97 #SUP: 836
12 36 67 79 88 90 94 97 #SUP: 1036
12 36 67 79 88 90 94 104 #SUP: 796
12 36 67 79 88 90 94 119 #SUP: 476
12 36 67 79 88 90 94 122 #SUP: 610
12 36 67 79 90 94 97 120 #SUP: 448
12 36 67 88 90 94 97 120 #SUP: 448
12 36 71 79 88 90 94 97 #SUP: 1036
12 36 71 79 88 90 94 104 #SUP: 796
12 36 71 79 88 90 94 119 #SUP: 476
12 36 71 79 88 90 94 122 #SUP: 610
12 36 71 79 90 94 97 120 #SUP: 448
12 36 71 88 90 94 97 120 #SUP: 448
12 36 79 88 90 94 97 104 #SUP: 816
12 36 79 88 90 94 97 107 #SUP: 496
12 36 79 88 90 94 97 108 #SUP: 520
12 36 79 88 90 94 97 119 #SUP: 640
12 36 79 88 90 94 97 120 #SUP: 520
12 36 79 88 90 94 97 122 #SUP: 848
12 36 79 88 90 94 104 119 #SUP: 456
12 36 79 88 90 94 104 122 #SUP: 498
12 36 79 88 90 94 119 122 #SUP: 496
12 38 41 55 67 71 90 104 #SUP: 500
12 38 41 67 71 90 97 104 #SUP: 520
12 38 55 67 71 90 97 104 #SUP: 624
13 23 36 38 67 71 90 94 #SUP: 760
13 23 36 38 67 79 90 94 #SUP: 448
13 23 36 38 67 88 90 94 #SUP: 448
13 23 36 38 67 90 94 104 #SUP: 808
13 24 36 38 42 90 94 97 #SUP: 928
13 24 36 42 67 90 94 97 #SUP: 504
13 24 36 42 71 90 94 97 #SUP: 504
13 24 36 42 79 90 94 97 #SUP: 544
13 24 36 42 90 94 97 120 #SUP: 952
13 24 36 56 90 94 97 100 #SUP: 1120
13 24 36 67 90 94 97 100 #SUP: 584
13 24 36 71 90 94 97 100 #SUP: 584
13 24 36 79 88 90 94 97 #SUP: 520
13 24 36 79 90 94 97 100 #SUP: 752
13 24 38 63 67 90 97 120 #SUP: 528
13 24 38 63 71 90 97 120 #SUP: 528
13 31 36 38 90 94 97 128 #SUP: 592
13 36 38 42 67 90 94 97 #SUP: 608
13 36 38 42 71 90 94 97 #SUP: 608
13 36 38 42 79 90 94 97 #SUP: 624
13 36 38 42 88 90 94 97 #SUP: 608
13 36 38 42 90 94 97 120 #SUP: 968
13 36 38 56 67 90 94 97 #SUP: 1008
13 36 38 56 71 90 94 97 #SUP: 1008
13 36 38 56 77 90 94 97 #SUP: 624
13 36 38 56 79 90 94 97 #SUP: 624
13 36 38 56 86 90 94 97 #SUP: 624
13 36 38 56 88 90 94 97 #SUP: 624
13 36 38 56 90 94 97 120 #SUP: 1152
13 36 38 56 90 94 97 128 #SUP: 864
13 36 38 63 90 94 100 114 #SUP: 928
13 36 38 67 71 79 90 94 #SUP: 508
13 36 38 67 71 88 90 94 #SUP: 508
13 36 38 67 71 90 94 97 #SUP: 968
13 36 38 67 71 90 94 104 #SUP: 760
13 36 38 67 71 90 94 120 #SUP: 596
13 36 38 67 79 88 90 94 #SUP: 464
13 36 38 67 79 90 94 97 #SUP: 680
13 36 38 67 79 90 94 104 #SUP: 472
13 36 38 67 88 90 94 97 #SUP: 680
13 36 38 67 88 90 94 104 #SUP: 472
13 36 38 67 90 94 97 104 #SUP: 848
13 36 38 67 90 94 97 120 #SUP: 808
13 36 38 67 90 94 114 120 #SUP: 436
13 36 38 71 79 90 94 97 #SUP: 584
13 36 38 71 88 90 94 97 #SUP: 584
13 36 38 71 90 94 97 120 #SUP: 808
13 36 38 71 90 94 114 120 #SUP: 436
13 36 38 79 88 90 94 97 #SUP: 552
13 36 38 79 90 94 97 120 #SUP: 632
13 36 38 79 90 94 114 120 #SUP: 452
13 36 38 88 90 94 97 120 #SUP: 616
13 36 38 88 90 94 114 120 #SUP: 436
13 36 38 90 94 97 120 128 #SUP: 592
13 36 42 67 90 94 97 120 #SUP: 544
13 36 42 71 90 94 97 120 #SUP: 544
13 36 42 79 90 94 97 120 #SUP: 584
13 36 56 67 71 90 94 97 #SUP: 856
13 36 56 67 79 90 94 97 #SUP: 536
13 36 56 67 88 90 94 97 #SUP: 536
13 36 56 71 79 90 94 97 #SUP: 536
13 36 56 71 88 90 94 97 #SUP: 536
13 36 56 79 88 90 94 97 #SUP: 536
13 36 60 79 88 90 94 97 #SUP: 432
13 36 67 71 79 90 94 97 #SUP: 552
13 36 67 71 88 90 94 97 #SUP: 540
13 36 67 71 90 94 97 120 #SUP: 604
13 36 67 79 88 90 94 97 #SUP: 572
13 36 67 79 90 94 97 120 #SUP: 424
13 36 71 79 88 90 94 97 #SUP: 476
13 36 71 79 90 94 97 120 #SUP: 424
13 38 67 71 90 97 104 108 #SUP: 424
13 38 67 71 90 97 104 120 #SUP: 472
16 24 36 38 55 90 94 97 #SUP: 728
16 24 36 39 79 88 90 94 #SUP: 688
16 24 36 41 55 66 90 94 #SUP: 720
16 24 36 41 55 70 90 94 #SUP: 720
16 24 36 41 90 94 97 122 #SUP: 728
16 24 36 67 79 88 90 94 #SUP: 440
16 24 36 71 79 88 90 94 #SUP: 440
16 24 36 79 88 90 94 97 #SUP: 624
16 36 38 41 55 57 90 94 #SUP: 656
16 36 38 41 57 90 94 97 #SUP: 1320
16 36 38 41 57 90 94 120 #SUP: 664
16 36 38 41 57 90 94 121 #SUP: 616
16 36 38 57 67 90 94 104 #SUP: 664
16 36 38 57 71 90 94 104 #SUP: 664
16 36 38 57 90 94 97 104 #SUP: 704
16 36 38 57 90 94 97 120 #SUP: 676
16 36 38 57 90 94 97 128 #SUP: 824
16 36 38 67 71 90 94 104 #SUP: 688
16 36 38 67 90 94 97 104 #SUP: 704
16 36 38 71 90 94 97 104 #SUP: 704
16 36 41 56 67 90 94 97 #SUP: 880
16 36 41 56 71 90 94 97 #SUP: 880
16 36 41 56 79 90 94 97 #SUP: 800
16 36 41 56 88 90 94 97 #SUP: 800
16 36 41 67 71 90 94 104 #SUP: 644
16 36 41 67 79 88 90 94 #SUP: 448
16 36 41 71 79 88 90 94 #SUP: 448
16 36 41 79 88 90 94 122 #SUP: 704
16 36 57 67 71 90 94 104 #SUP: 672
16 36 57 67 90 94 97 104 #SUP: 688
16 36 57 71 90 94 97 104 #SUP: 688
16 36 57 90 94 97 120 128 #SUP: 428
16 36 67 71 79 90 94 97 #SUP: 456
16 36 67 71 88 90 94 97 #SUP: 456
16 36 67 71 90 94 97 104 #SUP: 712
16 36 67 79 88 90 94 97 #SUP: 480
16 36 71 79 88 90 94 97 #SUP: 480
20 36 38 56 67 90 94 97 #SUP: 1008
20 36 38 56 71 90 94 97 #SUP: 1008
20 36 38 56 77 90 94 97 #SUP: 624
20 36 38 56 79 90 94 97 #SUP: 624
20 36 38 56 86 90 94 97 #SUP: 624
20 36 38 56 88 90 94 97 #SUP: 624
20 36 38 56 90 94 97 120 #SUP: 1152
20 36 38 56 90 94 97 128 #SUP: 864
20 36 38 63 90 94 100 114 #SUP: 912
21 23 36 79 88 90 94 104 #SUP: 560
21 24 36 39 79 88 90 94 #SUP: 432
21 31 36 41 79 88 90 94 #SUP: 424
21 36 38 67 79 88 90 94 #SUP: 504
21 36 38 79 88 90 94 97 #SUP: 528
21 36 38 79 88 90 94 104 #SUP: 536
21 36 41 67 79 88 90 94 #SUP: 528
21 36 41 71 79 88 90 94 #SUP: 528
21 36 41 79 88 90 94 97 #SUP: 608
21 36 41 79 88 90 94 104 #SUP: 520
21 36 41 79 88 90 94 122 #SUP: 588
21 36 55 67 79 88 90 94 #SUP: 568
21 36 55 79 88 90 94 104 #SUP: 624
21 36 67 71 79 88 90 94 #SUP: 652
21 36 67 79 88 90 94 97 #SUP: 696
21 36 67 79 88 90 94 104 #SUP: 648
21 36 67 79 88 90 94 122 #SUP: 428
21 36 71 79 88 90 94 97 #SUP: 680
21 36 71 79 88 90 94 104 #SUP: 648
21 36 71 79 88 90 94 122 #SUP: 428
21 36 79 88 90 94 97 104 #SUP: 600
21 36 79 88 90 94 97 122 #SUP: 496
22 36 38 41 55 90 94 97 #SUP: 1000
23 31 36 53 67 71 90 94 #SUP: 592
23 31 36 67 71 79 90 94 #SUP: 784
23 31 36 67 71 88 90 94 #SUP: 784
23 36 38 41 53 67 90 94 #SUP: 824
23 36 38 41 53 71 90 94 #SUP: 760
23 36 38 41 53 79 90 94 #SUP: 536
23 36 38 41 53 88 90 94 #SUP: 536
23 36 38 41 53 90 94 104 #SUP: 776
23 36 38 41 55 67 90 94 #SUP: 1000
23 36 38 41 57 90 94 104 #SUP: 2120
23 36 38 41 67 71 90 94 #SUP: 2608
23 36 38 41 67 79 90 94 #SUP: 1624
23 36 38 41 67 88 90 94 #SUP: 1624
23 36 38 41 67 90 94 104 #SUP: 2680
23 36 38 41 71 79 90 94 #SUP: 1432
23 36 38 41 71 88 90 94 #SUP: 1432
23 36 38 41 71 90 94 104 #SUP: 2488
23 36 38 41 79 88 90 94 #SUP: 1336
23 36 38 41 79 90 94 104 #SUP: 1672
23 36 38 41 88 90 94 104 #SUP: 1672
23 36 38 41 90 94 97 104 #SUP: 2720
23 36 38 50 90 94 97 104 #SUP: 656
23 36 38 53 67 71 90 94 #SUP: 800
23 36 38 53 67 79 90 94 #SUP: 552
23 36 38 53 67 88 90 94 #SUP: 552
23 36 38 53 67 90 94 104 #SUP: 792
23 36 38 53 71 79 90 94 #SUP: 488
23 36 38 53 71 88 90 94 #SUP: 488
23 36 38 53 71 90 94 104 #SUP: 728
23 36 38 53 79 88 90 94 #SUP: 480
23 36 38 53 79 90 94 104 #SUP: 552
23 36 38 53 88 90 94 104 #SUP: 552
23 36 38 53 90 94 97 104 #SUP: 784
23 36 38 55 67 71 90 94 #SUP: 1064
23 36 38 55 67 79 90 94 #SUP: 1160
23 36 38 55 67 88 90 94 #SUP: 1160
23 36 38 67 71 79 90 94 #SUP: 1616
23 36 38 67 71 88 90 94 #SUP: 1616
23 36 38 67 71 90 94 104 #SUP: 2672
23 36 38 67 79 88 90 94 #SUP: 1448
23 36 38 67 79 90 94 104 #SUP: 1784
23 36 38 67 88 90 94 104 #SUP: 1784
23 36 38 67 90 94 97 104 #SUP: 2832
23 36 38 67 90 94 104 120 #SUP: 1152
23 36 38 71 79 88 90 94 #SUP: 1256
23 36 38 71 79 90 94 104 #SUP: 1592
23 36 38 71 88 90 94 104 #SUP: 1592
23 36 38 71 90 94 97 104 #SUP: 2640
23 36 38 71 90 94 104 120 #SUP: 1152
23 36 38 79 88 90 94 104 #SUP: 1544
23 36 38 79 90 94 97 104 #SUP: 1824
23 36 38 79 90 94 104 120 #SUP: 648
23 36 38 88 90 94 97 104 #SUP: 1824
23 36 38 88 90 94 104 120 #SUP: 648
23 36 38 90 94 97 104 120 #SUP: 1136
23 36 44 67 90 94 97 104 #SUP: 720
23 36 50 67 90 94 97 104 #SUP: 640
23 36 50 71 90 94 97 104 #SUP: 576
23 36 53 57 67 90 94 104 #SUP: 576
23 36 53 57 71 90 94 104 #SUP: 576
23 36 53 57 90 94 97 104 #SUP: 568
23 36 53 67 71 79 90 94 #SUP: 504
23 36 53 67 71 88 90 94 #SUP: 504
23 36 53 67 71 90 94 104 #SUP: 744
23 36 53 67 79 88 90 94 #SUP: 472
23 36 53 67 79 90 94 104 #SUP: 544
23 36 53 67 88 90 94 104 #SUP: 544
23 36 53 67 90 94 97 104 #SUP: 776
23 36 53 71 79 90 94 104 #SUP: 480
23 36 53 71 88 90 94 104 #SUP: 480
23 36 53 71 90 94 97 104 #SUP: 712
23 36 53 79 88 90 94 104 #SUP: 496
23 36 53 79 90 94 97 104 #SUP: 536
23 36 53 88 90 94 97 104 #SUP: 536
23 36 55 67 71 79 90 94 #SUP: 976
23 36 55 67 71 88 90 94 #SUP: 976
23 36 55 67 79 88 90 94 #SUP: 1120
23 36 56 57 90 94 97 104 #SUP: 2112
23 36 57 67 71 90 94 104 #SUP: 2008
23 36 57 67 79 90 94 104 #SUP: 928
23 36 57 67 88 90 94 104 #SUP: 928
23 36 57 67 90 94 97 104 #SUP: 1976
23 36 57 67 90 94 104 120 #SUP: 1120
23 36 57 71 79 90 94 104 #SUP: 928
23 36 57 71 88 90 94 104 #SUP: 928
23 36 57 71 90 94 97 104 #SUP: 1976
23 36 57 71 90 94 104 120 #SUP: 1120
23 36 57 79 88 90 94 104 #SUP: 688
23 36 57 79 90 94 97 104 #SUP: 968
23 36 57 79 90 94 104 120 #SUP: 616
23 36 57 88 90 94 97 104 #SUP: 968
23 36 57 88 90 94 104 120 #SUP: 616
23 36 67 71 79 88 90 94 #SUP: 1288
23 36 67 71 79 90 94 104 #SUP: 1624
23 36 67 71 88 90 94 104 #SUP: 1624
23 36 67 71 90 94 97 104 #SUP: 2672
23 36 67 71 90 94 104 120 #SUP: 1212
23 36 67 79 88 90 94 104 #SUP: 1504
23 36 67 79 90 94 97 104 #SUP: 1784
23 36 67 79 90 94 104 120 #SUP: 672
23 36 67 88 90 94 97 104 #SUP: 1784
23 36 67 88 90 94 104 120 #SUP: 672
23 36 67 90 94 97 104 108 #SUP: 1392
23 36 67 90 94 97 104 120 #SUP: 1160
23 36 71 79 88 90 94 104 #SUP: 1312
23 36 71 79 90 94 97 104 #SUP: 1592
23 36 71 79 90 94 104 120 #SUP: 672
23 36 71 88 90 94 97 104 #SUP: 1592
23 36 71 88 90 94 104 120 #SUP: 672
23 36 71 90 94 97 104 120 #SUP: 1160
23 36 79 88 90 94 97 104 #SUP: 1544
23 36 79 88 90 94 104 120 #SUP: 552
23 36 79 90 94 97 104 120 #SUP: 656
23 36 88 90 94 97 104 120 #SUP: 656
24 31 36 79 90 94 97 100 #SUP: 1128
24 36 38 41 55 57 90 94 #SUP: 1312
24 36 38 41 55 90 94 128 #SUP: 464
24 36 38 42 63 90 94 97 #SUP: 1808
24 36 38 42 67 90 94 97 #SUP: 1104
24 36 38 42 71 90 94 97 #SUP: 1056
24 36 38 42 79 90 94 97 #SUP: 1136
24 36 38 42 88 90 94 97 #SUP: 1104
24 36 38 42 90 94 97 120 #SUP: 1880
24 36 38 42 90 94 97 128 #SUP: 752
24 36 38 47 55 90 94 97 #SUP: 480
24 36 38 50 55 90 94 97 #SUP: 492
24 36 38 55 57 90 94 128 #SUP: 536
24 36 38 55 90 94 97 110 #SUP: 1344
24 36 38 55 90 94 97 120 #SUP: 800
24 36 38 55 90 94 97 121 #SUP: 720
24 36 38 55 90 94 97 128 #SUP: 608
24 36 38 90 94 97 120 128 #SUP: 896
24 36 39 67 71 79 90 94 #SUP: 442
24 36 39 67 79 88 90 94 #SUP: 752
24 36 39 67 79 90 94 97 #SUP: 644
24 36 39 71 79 88 90 94 #SUP: 752
24 36 39 71 79 90 94 97 #SUP: 644
24 36 39 79 88 90 94 97 #SUP: 1120
24 36 39 79 88 90 94 119 #SUP: 704
24 36 41 47 55 66 90 94 #SUP: 480
24 36 41 47 55 70 90 94 #SUP: 480
24 36 41 50 55 66 90 94 #SUP: 480
24 36 41 50 55 70 90 94 #SUP: 480
24 36 41 55 66 70 90 94 #SUP: 1368
24 36 41 55 66 90 94 122 #SUP: 576
24 36 41 55 70 90 94 122 #SUP: 576
24 36 42 55 79 90 94 97 #SUP: 440
24 36 42 67 71 90 94 97 #SUP: 738
24 36 42 67 79 90 94 97 #SUP: 804
24 36 42 67 88 90 94 97 #SUP: 768
24 36 42 67 90 94 97 120 #SUP: 1068
24 36 42 67 90 94 97 128 #SUP: 528
24 36 42 71 79 90 94 97 #SUP: 756
24 36 42 71 88 90 94 97 #SUP: 720
24 36 42 71 90 94 97 120 #SUP: 1044
24 36 42 79 88 90 94 97 #SUP: 768
24 36 42 79 90 94 97 120 #SUP: 1136
24 36 42 79 90 94 97 128 #SUP: 560
24 36 42 88 90 94 97 120 #SUP: 1032
24 36 42 88 90 94 97 128 #SUP: 528
24 36 42 90 94 97 120 128 #SUP: 728
24 36 42 90 97 100 114 123 #SUP: 656
24 36 55 57 81 90 94 97 #SUP: 504
24 36 55 57 90 94 97 120 #SUP: 816
24 36 55 67 79 88 90 94 #SUP: 480
24 36 55 79 88 90 94 104 #SUP: 576
24 36 56 67 90 94 97 100 #SUP: 1376
24 36 56 71 90 94 97 100 #SUP: 1376
24 36 56 79 90 94 97 100 #SUP: 1888
24 36 56 88 90 94 97 100 #SUP: 1888
24 36 63 66 70 90 94 114 #SUP: 504
24 36 63 66 71 90 94 114 #SUP: 504
24 36 63 66 79 90 94 114 #SUP: 608
24 36 63 66 88 90 94 114 #SUP: 576
24 36 63 67 70 90 94 114 #SUP: 504
24 36 63 67 71 90 94 114 #SUP: 504
24 36 63 67 79 90 94 114 #SUP: 576
24 36 63 67 88 90 94 114 #SUP: 576
24 36 63 70 79 90 94 114 #SUP: 576
24 36 63 70 88 90 94 114 #SUP: 576
24 36 63 71 79 90 94 114 #SUP: 576
24 36 63 71 88 90 94 114 #SUP: 576
24 36 63 79 88 90 94 114 #SUP: 720
24 36 67 71 79 88 90 94 #SUP: 724
24 36 67 71 79 90 94 97 #SUP: 778
24 36 67 71 88 90 94 97 #SUP: 760
24 36 67 71 90 94 97 100 #SUP: 706
24 36 67 79 88 90 94 97 #SUP: 1064
24 36 67 79 88 90 94 119 #SUP: 424
24 36 67 79 90 94 97 100 #SUP: 980
24 36 71 79 88 90 94 97 #SUP: 1016
24 36 71 79 88 90 94 119 #SUP: 424
24 36 71 79 90 94 97 100 #SUP: 980
24 36 79 88 90 94 97 107 #SUP: 656
24 36 79 88 90 94 97 108 #SUP: 656
24 36 79 88 90 94 97 119 #SUP: 608
24 38 63 67 71 90 97 120 #SUP: 528
31 36 38 41 57 90 94 104 #SUP: 1848
31 36 38 53 90 94 97 128 #SUP: 476
31 36 38 67 71 79 90 94 #SUP: 872
31 36 38 67 71 88 90 94 #SUP: 872
31 36 38 67 71 90 94 104 #SUP: 1928
31 36 38 67 79 88 90 94 #SUP: 488
31 36 38 67 79 90 94 120 #SUP: 448
31 36 38 67 88 90 94 120 #SUP: 448
31 36 38 79 90 94 97 128 #SUP: 656
31 36 38 90 94 97 120 128 #SUP: 920
31 36 39 67 79 88 90 94 #SUP: 664
31 36 39 67 79 90 94 97 #SUP: 556
31 36 39 71 79 88 90 94 #SUP: 664
31 36 39 71 79 90 94 97 #SUP: 556
31 36 39 79 88 90 94 97 #SUP: 1032
31 36 41 53 67 71 90 94 #SUP: 608
31 36 41 53 67 90 94 104 #SUP: 536
31 36 41 53 71 90 94 104 #SUP: 536
31 36 41 55 67 90 94 98 #SUP: 440
31 36 41 55 71 90 94 98 #SUP: 440
31 36 41 55 79 90 94 98 #SUP: 488
31 36 41 55 88 90 94 98 #SUP: 488
31 36 41 67 71 79 90 94 #SUP: 1104
31 36 41 67 71 88 90 94 #SUP: 1104
31 36 41 67 71 90 94 104 #SUP: 1904
31 36 41 67 79 88 90 94 #SUP: 1000
31 36 41 67 79 90 94 104 #SUP: 824
31 36 41 67 88 90 94 104 #SUP: 824
31 36 41 71 79 88 90 94 #SUP: 1000
31 36 41 71 79 90 94 104 #SUP: 824
31 36 41 71 88 90 94 104 #SUP: 824
31 36 41 79 88 90 94 104 #SUP: 584
31 36 41 79 88 90 94 122 #SUP: 1348
31 36 53 57 67 71 90 94 #SUP: 514
31 36 53 57 67 90 94 97 #SUP: 476
31 36 53 57 71 90 94 97 #SUP: 476
31 36 53 67 71 90 94 104 #SUP: 520
31 36 55 67 79 88 90 94 #SUP: 448
31 36 55 79 88 90 94 104 #SUP: 496
31 36 57 67 71 79 90 94 #SUP: 706
31 36 57 67 71 90 94 97 #SUP: 1754
31 36 57 67 71 90 94 120 #SUP: 970
31 36 57 67 79 90 94 97 #SUP: 620
31 36 57 71 79 90 94 97 #SUP: 620
31 36 67 71 79 88 90 94 #SUP: 776
31 36 67 71 79 90 94 97 #SUP: 954
31 36 67 71 79 90 94 104 #SUP: 856
31 36 67 71 79 90 94 120 #SUP: 442
31 36 67 71 88 90 94 97 #SUP: 936
31 36 67 71 88 90 94 104 #SUP: 856
31 36 67 71 90 94 97 104 #SUP: 1832
31 36 67 79 88 90 94 97 #SUP: 856
31 36 67 79 88 90 94 104 #SUP: 544
31 36 71 79 88 90 94 97 #SUP: 808
31 36 71 79 88 90 94 104 #SUP: 544
31 38 41 67 71 90 104 120 #SUP: 1048
36 38 41 47 55 90 94 97 #SUP: 560
36 38 41 50 55 90 94 97 #SUP: 496
36 38 41 50 57 90 94 97 #SUP: 960
36 38 41 50 90 94 97 121 #SUP: 464
36 38 41 53 57 90 94 104 #SUP: 600
36 38 41 55 57 90 94 120 #SUP: 736
36 38 41 55 57 90 94 121 #SUP: 680
36 38 41 55 57 90 94 125 #SUP: 472
36 38 41 55 90 94 97 121 #SUP: 744
36 38 41 55 90 94 97 122 #SUP: 784
36 38 41 55 90 94 97 125 #SUP: 528
36 38 41 57 77 90 94 97 #SUP: 1008
36 38 41 57 86 90 94 97 #SUP: 1008
36 38 41 57 90 94 97 120 #SUP: 1656
36 38 41 57 90 94 97 121 #SUP: 1512
36 38 41 57 90 94 97 128 #SUP: 2160
36 38 41 57 90 94 121 128 #SUP: 1088
36 38 42 55 79 90 94 97 #SUP: 528
36 38 42 67 71 90 94 97 #SUP: 880
36 38 42 67 79 90 94 97 #SUP: 928
36 38 42 67 88 90 94 97 #SUP: 928
36 38 42 67 90 94 97 120 #SUP: 1112
36 38 42 71 79 90 94 97 #SUP: 880
36 38 42 71 88 90 94 97 #SUP: 880
36 38 42 71 90 94 97 120 #SUP: 1088
36 38 42 79 88 90 94 97 #SUP: 928
36 38 42 79 90 94 97 120 #SUP: 1144
36 38 42 88 90 94 97 120 #SUP: 1112
36 38 44 67 90 94 97 104 #SUP: 736
36 38 50 57 90 94 97 104 #SUP: 552
36 38 50 57 90 94 97 120 #SUP: 492
36 38 50 57 90 94 97 128 #SUP: 600
36 38 50 67 90 94 97 104 #SUP: 656
36 38 50 67 90 94 97 128 #SUP: 468
36 38 50 71 90 94 97 104 #SUP: 592
36 38 51 67 90 94 97 128 #SUP: 468
36 38 53 67 79 88 90 94 #SUP: 444
36 38 53 67 79 90 94 97 #SUP: 460
36 38 53 67 88 90 94 97 #SUP: 460
36 38 55 67 71 79 90 94 #SUP: 1160
36 38 55 67 71 88 90 94 #SUP: 1160
36 38 55 67 79 88 90 94 #SUP: 1352
36 38 56 67 71 90 94 97 #SUP: 2232
36 38 56 67 77 90 94 97 #SUP: 1008
36 38 56 67 79 90 94 97 #SUP: 1152
36 38 56 67 86 90 94 97 #SUP: 1008
36 38 56 67 88 90 94 97 #SUP: 1152
36 38 56 67 90 94 97 120 #SUP: 1800
36 38 56 67 90 94 97 128 #SUP: 2016
36 38 56 71 77 90 94 97 #SUP: 1008
36 38 56 71 79 90 94 97 #SUP: 1152
36 38 56 71 86 90 94 97 #SUP: 1008
36 38 56 71 88 90 94 97 #SUP: 1152
36 38 56 71 90 94 97 120 #SUP: 1800
36 38 56 71 90 94 97 128 #SUP: 2016
36 38 56 77 86 90 94 97 #SUP: 624
36 38 56 77 88 90 94 97 #SUP: 624
36 38 56 77 90 94 97 120 #SUP: 1152
36 38 56 77 90 94 97 128 #SUP: 864
36 38 56 79 86 90 94 97 #SUP: 624
36 38 56 79 88 90 94 97 #SUP: 912
36 38 56 79 90 94 97 120 #SUP: 1296
36 38 56 79 90 94 97 128 #SUP: 864
36 38 56 86 90 94 97 120 #SUP: 1152
36 38 56 86 90 94 97 128 #SUP: 864
36 38 56 88 90 94 97 120 #SUP: 1296
36 38 56 88 90 94 97 128 #SUP: 864
36 38 56 90 94 97 120 128 #SUP: 1440
36 38 57 67 71 90 94 104 #SUP: 2000
36 38 57 67 79 90 94 104 #SUP: 920
36 38 57 67 88 90 94 104 #SUP: 920
36 38 57 67 90 94 97 104 #SUP: 1968
36 38 57 67 90 94 104 120 #SUP: 1072
36 38 57 71 79 90 94 104 #SUP: 920
36 38 57 71 88 90 94 104 #SUP: 920
36 38 57 71 90 94 97 104 #SUP: 1968
36 38 57 71 90 94 104 120 #SUP: 1072
36 38 57 79 88 90 94 104 #SUP: 680
36 38 57 79 90 94 97 104 #SUP: 960
36 38 57 79 90 94 104 120 #SUP: 568
36 38 57 88 90 94 97 104 #SUP: 960
36 38 57 88 90 94 104 120 #SUP: 568
36 38 57 90 94 97 104 120 #SUP: 1056
36 38 57 90 94 97 120 128 #SUP: 1128
36 38 63 67 90 94 100 114 #SUP: 1056
36 38 63 71 90 94 100 114 #SUP: 1056
36 38 63 79 90 94 100 114 #SUP: 992
36 38 63 88 90 94 100 114 #SUP: 960
36 38 67 71 79 88 90 94 #SUP: 1484
36 38 67 71 79 90 94 97 #SUP: 1824
36 38 67 71 79 90 94 104 #SUP: 1712
36 38 67 71 79 90 94 120 #SUP: 852
36 38 67 71 88 90 94 97 #SUP: 1824
36 38 67 71 88 90 94 104 #SUP: 1712
36 38 67 71 88 90 94 120 #SUP: 852
36 38 67 71 90 94 97 104 #SUP: 2760
36 38 67 71 90 94 97 120 #SUP: 1556
36 38 67 71 90 94 97 128 #SUP: 1968
36 38 67 71 90 94 104 120 #SUP: 1212
36 38 67 71 90 94 114 120 #SUP: 448
36 38 67 79 88 90 94 97 #SUP: 1752
36 38 67 79 88 90 94 104 #SUP: 1592
36 38 67 79 88 90 94 120 #SUP: 720
36 38 67 79 90 94 97 104 #SUP: 1872
36 38 67 79 90 94 97 120 #SUP: 1040
36 38 67 79 90 94 97 128 #SUP: 864
36 38 67 79 90 94 104 120 #SUP: 672
36 38 67 79 90 94 114 120 #SUP: 448
36 38 67 88 90 94 97 104 #SUP: 1872
36 38 67 88 90 94 97 120 #SUP: 1040
36 38 67 88 90 94 97 128 #SUP: 864
36 38 67 88 90 94 104 120 #SUP: 672
36 38 67 88 90 94 114 120 #SUP: 448
36 38 67 90 94 97 104 107 #SUP: 1440
36 38 67 90 94 97 104 108 #SUP: 1440
36 38 67 90 94 97 104 120 #SUP: 1160
36 38 67 90 94 97 120 128 #SUP: 1224
36 38 71 79 88 90 94 97 #SUP: 1512
36 38 71 79 88 90 94 104 #SUP: 1400
36 38 71 79 88 90 94 120 #SUP: 696
36 38 71 79 90 94 97 104 #SUP: 1680
36 38 71 79 90 94 97 120 #SUP: 1016
36 38 71 79 90 94 97 128 #SUP: 816
36 38 71 79 90 94 104 120 #SUP: 672
36 38 71 79 90 94 114 120 #SUP: 448
36 38 71 88 90 94 97 104 #SUP: 1680
36 38 71 88 90 94 97 120 #SUP: 1016
36 38 71 88 90 94 97 128 #SUP: 816
36 38 71 88 90 94 104 120 #SUP: 672
36 38 71 88 90 94 114 120 #SUP: 448
36 38 71 90 94 97 104 120 #SUP: 1160
36 38 71 90 94 97 120 128 #SUP: 1200
36 38 77 86 90 94 97 120 #SUP: 600
36 38 77 90 94 97 120 128 #SUP: 648
36 38 79 88 90 94 97 104 #SUP: 1632
36 38 79 88 90 94 97 120 #SUP: 920
36 38 79 88 90 94 97 128 #SUP: 480
36 38 79 88 90 94 104 120 #SUP: 552
36 38 79 88 90 94 114 120 #SUP: 448
36 38 79 90 94 97 104 120 #SUP: 656
36 38 79 90 94 97 120 128 #SUP: 680
36 38 86 90 94 97 120 128 #SUP: 648
36 38 88 90 94 97 104 120 #SUP: 656
36 38 88 90 94 97 120 128 #SUP: 648
36 39 67 71 79 88 90 94 #SUP: 528
36 39 67 71 79 90 94 97 #SUP: 474
36 39 67 79 88 90 94 97 #SUP: 712
36 39 71 79 88 90 94 97 #SUP: 712
36 39 79 88 90 94 97 108 #SUP: 608
36 41 50 56 67 90 94 97 #SUP: 608
36 41 50 56 71 90 94 97 #SUP: 608
36 41 50 56 79 90 94 97 #SUP: 496
36 41 50 56 88 90 94 97 #SUP: 496
36 41 50 67 71 90 94 104 #SUP: 480
36 41 50 79 88 90 94 97 #SUP: 464
36 41 50 79 88 90 94 122 #SUP: 432
36 41 53 67 71 79 90 94 #SUP: 424
36 41 53 67 71 88 90 94 #SUP: 424
36 41 53 67 71 90 94 104 #SUP: 664
36 41 53 67 79 90 94 104 #SUP: 488
36 41 53 67 88 90 94 104 #SUP: 488
36 41 53 71 79 90 94 104 #SUP: 424
36 41 53 71 88 90 94 104 #SUP: 424
36 41 53 79 88 90 94 104 #SUP: 488
36 41 55 67 71 79 90 94 #SUP: 784
36 41 55 67 71 88 90 94 #SUP: 784
36 41 55 67 79 88 90 94 #SUP: 1000
36 41 55 71 79 88 90 94 #SUP: 808
36 41 55 79 88 90 94 104 #SUP: 1096
36 41 56 67 71 90 94 97 #SUP: 2056
36 41 56 67 79 90 94 97 #SUP: 1232
36 41 56 67 88 90 94 97 #SUP: 1232
36 41 56 71 79 90 94 97 #SUP: 1232
36 41 56 71 88 90 94 97 #SUP: 1232
36 41 56 79 88 90 94 97 #SUP: 1504
36 41 67 71 79 88 90 94 #SUP: 1256
36 41 67 71 79 90 94 97 #SUP: 1416
36 41 67 71 79 90 94 104 #SUP: 1336
36 41 67 71 88 90 94 97 #SUP: 1416
36 41 67 71 88 90 94 104 #SUP: 1336
36 41 67 79 88 90 94 97 #SUP: 1552
36 41 67 79 88 90 94 104 #SUP: 1288
36 41 67 79 88 90 94 119 #SUP: 752
36 41 67 79 88 90 94 122 #SUP: 1116
36 41 71 79 88 90 94 97 #SUP: 1360
36 41 71 79 88 90 94 104 #SUP: 1096
36 41 71 79 88 90 94 119 #SUP: 656
36 41 71 79 88 90 94 122 #SUP: 1020
36 41 79 88 90 94 97 119 #SUP: 1008
36 41 79 88 90 94 97 122 #SUP: 1520
36 41 79 88 90 94 104 119 #SUP: 640
36 41 79 88 90 94 104 122 #SUP: 820
36 41 79 88 90 94 119 122 #SUP: 904
36 42 55 67 79 90 94 97 #SUP: 636
36 42 55 71 79 90 94 97 #SUP: 588
36 42 56 67 90 94 97 120 #SUP: 960
36 42 56 71 90 94 97 120 #SUP: 960
36 42 56 79 90 94 97 120 #SUP: 960
36 42 56 88 90 94 97 120 #SUP: 960
36 42 56 90 94 97 120 128 #SUP: 672
36 42 67 71 79 90 94 97 #SUP: 882
36 42 67 71 88 90 94 97 #SUP: 864
36 42 67 71 90 94 97 114 #SUP: 458
36 42 67 71 90 94 97 120 #SUP: 818
36 42 67 71 90 94 97 128 #SUP: 432
36 42 67 79 88 90 94 97 #SUP: 912
36 42 67 79 90 94 97 114 #SUP: 476
36 42 67 79 90 94 97 120 #SUP: 860
36 42 67 79 90 94 97 128 #SUP: 480
36 42 67 88 90 94 97 120 #SUP: 824
36 42 67 88 90 94 97 128 #SUP: 480
36 42 67 90 94 97 120 128 #SUP: 504
36 42 71 79 88 90 94 97 #SUP: 864
36 42 71 79 90 94 97 114 #SUP: 476
36 42 71 79 90 94 97 120 #SUP: 836
36 42 71 79 90 94 97 128 #SUP: 432
36 42 71 88 90 94 97 120 #SUP: 800
36 42 71 88 90 94 97 128 #SUP: 432
36 42 71 90 94 97 120 128 #SUP: 480
36 42 79 88 90 94 97 120 #SUP: 824
36 42 79 88 90 94 97 128 #SUP: 480
36 42 79 90 94 97 120 128 #SUP: 536
36 42 88 90 94 97 120 128 #SUP: 504
36 44 67 71 79 90 94 97 #SUP: 504
36 44 67 71 88 90 94 97 #SUP: 504
36 44 67 71 90 94 97 104 #SUP: 728
36 44 67 79 88 90 94 97 #SUP: 536
36 44 67 79 90 94 97 104 #SUP: 504
36 44 67 88 90 94 97 104 #SUP: 504
36 44 71 79 88 90 94 97 #SUP: 472
36 50 56 67 71 90 94 97 #SUP: 552
36 50 56 79 88 90 94 97 #SUP: 432
36 50 57 67 90 94 97 104 #SUP: 560
36 50 57 71 90 94 97 104 #SUP: 560
36 50 67 71 90 94 97 104 #SUP: 624
36 50 67 79 88 90 94 97 #SUP: 468
36 50 67 79 90 94 97 104 #SUP: 424
36 50 67 88 90 94 97 104 #SUP: 424
36 53 57 67 71 90 94 97 #SUP: 514
36 53 67 71 79 90 94 104 #SUP: 480
36 53 67 71 88 90 94 104 #SUP: 480
36 53 67 79 88 90 94 104 #SUP: 496
36 53 71 79 88 90 94 104 #SUP: 432
36 55 67 71 79 88 90 94 #SUP: 1288
36 55 67 71 79 90 94 97 #SUP: 1082
36 55 67 79 88 90 94 97 #SUP: 1304
36 55 67 79 88 90 94 104 #SUP: 1504
36 55 71 79 88 90 94 104 #SUP: 1312
36 55 79 88 90 94 104 119 #SUP: 720
36 55 79 88 90 94 104 122 #SUP: 804
36 56 67 71 79 90 94 97 #SUP: 1216
36 56 67 71 88 90 94 97 #SUP: 1216
36 56 67 71 90 94 97 120 #SUP: 1428
36 56 67 71 90 94 97 128 #SUP: 1968
36 56 67 79 88 90 94 97 #SUP: 1160
36 56 67 79 90 94 97 120 #SUP: 888
36 56 67 79 90 94 97 128 #SUP: 816
36 56 67 88 90 94 97 120 #SUP: 888
36 56 67 88 90 94 97 128 #SUP: 816
36 56 67 90 94 97 120 128 #SUP: 1248
36 56 71 79 88 90 94 97 #SUP: 1160
36 56 71 79 90 94 97 120 #SUP: 888
36 56 71 79 90 94 97 128 #SUP: 816
36 56 71 88 90 94 97 120 #SUP: 888
36 56 71 88 90 94 97 128 #SUP: 816
36 56 71 90 94 97 120 128 #SUP: 1248
36 56 79 88 90 94 97 120 #SUP: 768
36 56 79 88 90 94 97 128 #SUP: 432
36 56 79 90 94 97 120 128 #SUP: 672
36 56 88 90 94 97 120 128 #SUP: 672
36 57 67 71 79 90 94 97 #SUP: 962
36 57 67 71 79 90 94 104 #SUP: 1048
36 57 67 71 79 90 94 120 #SUP: 622
36 57 67 71 88 90 94 104 #SUP: 1048
36 57 67 71 90 94 97 104 #SUP: 2096
36 57 67 71 90 94 97 120 #SUP: 1110
36 57 67 71 90 94 104 120 #SUP: 1180
36 57 67 79 88 90 94 104 #SUP: 736
36 57 67 79 90 94 97 104 #SUP: 1016
36 57 67 79 90 94 97 120 #SUP: 588
36 57 67 79 90 94 104 120 #SUP: 640
36 57 67 88 90 94 97 104 #SUP: 1016
36 57 67 88 90 94 104 120 #SUP: 640
36 57 67 90 94 97 104 120 #SUP: 1128
36 57 71 79 88 90 94 104 #SUP: 736
36 57 71 79 90 94 97 104 #SUP: 1016
36 57 71 79 90 94 97 120 #SUP: 588
36 57 71 79 90 94 104 120 #SUP: 640
36 57 71 88 90 94 97 104 #SUP: 1016
36 57 71 88 90 94 104 120 #SUP: 640
36 57 71 90 94 97 104 120 #SUP: 1128
36 57 79 88 90 94 97 104 #SUP: 776
36 57 79 88 90 94 104 120 #SUP: 520
36 57 79 90 94 97 104 120 #SUP: 624
36 57 88 90 94 97 104 120 #SUP: 624
36 60 67 79 88 90 94 97 #SUP: 864
36 60 71 79 88 90 94 97 #SUP: 864
36 60 79 88 90 94 97 107 #SUP: 688
36 60 79 88 90 94 97 108 #SUP: 688
36 60 79 88 90 94 97 119 #SUP: 640
36 60 79 88 90 94 97 122 #SUP: 1152
36 67 71 79 88 90 94 97 #SUP: 1788
36 67 71 79 88 90 94 104 #SUP: 1600
36 67 71 79 88 90 94 119 #SUP: 680
36 67 71 79 88 90 94 120 #SUP: 696
36 67 71 79 88 90 94 122 #SUP: 784
36 67 71 79 90 94 97 104 #SUP: 1808
36 67 71 79 90 94 97 107 #SUP: 944
36 67 71 79 90 94 97 108 #SUP: 992
36 67 71 79 90 94 97 120 #SUP: 926
36 67 71 79 90 94 97 128 #SUP: 936
36 67 71 79 90 94 104 120 #SUP: 780
36 67 71 88 90 94 97 104 #SUP: 1808
36 67 71 88 90 94 97 107 #SUP: 944
36 67 71 88 90 94 97 108 #SUP: 992
36 67 71 88 90 94 97 120 #SUP: 908
36 67 71 88 90 94 97 128 #SUP: 936
36 67 71 88 90 94 104 120 #SUP: 780
36 67 71 90 94 97 104 107 #SUP: 1392
36 67 71 90 94 97 104 108 #SUP: 1440
36 67 71 90 94 97 104 120 #SUP: 1268
36 67 71 90 94 97 120 128 #SUP: 1200
36 67 79 88 90 94 97 104 #SUP: 1688
36 67 79 88 90 94 97 107 #SUP: 976
36 67 79 88 90 94 97 108 #SUP: 1024
36 67 79 88 90 94 97 119 #SUP: 904
36 67 79 88 90 94 97 120 #SUP: 776
36 67 79 88 90 94 97 122 #SUP: 1064
36 67 79 88 90 94 97 128 #SUP: 600
36 67 79 88 90 94 104 119 #SUP: 720
36 67 79 88 90 94 104 120 #SUP: 624
36 67 79 88 90 94 104 122 #SUP: 732
36 67 79 88 90 94 119 122 #SUP: 604
36 67 79 90 94 97 104 107 #SUP: 912
36 67 79 90 94 97 104 108 #SUP: 960
36 67 79 90 94 97 104 120 #SUP: 728
36 67 79 90 94 97 120 128 #SUP: 648
36 67 88 90 94 97 104 107 #SUP: 912
36 67 88 90 94 97 104 108 #SUP: 960
36 67 88 90 94 97 104 120 #SUP: 728
36 67 88 90 94 97 120 128 #SUP: 648
36 71 79 88 90 94 97 104 #SUP: 1496
36 71 79 88 90 94 97 107 #SUP: 880
36 71 79 88 90 94 97 108 #SUP: 928
36 71 79 88 90 94 97 119 #SUP: 808
36 71 79 88 90 94 97 120 #SUP: 752
36 71 79 88 90 94 97 122 #SUP: 968
36 71 79 88 90 94 97 128 #SUP: 552
36 71 79 88 90 94 104 119 #SUP: 624
36 71 79 88 90 94 104 120 #SUP: 624
36 71 79 88 90 94 104 122 #SUP: 636
36 71 79 88 90 94 119 122 #SUP: 556
36 71 79 90 94 97 104 120 #SUP: 728
36 71 79 90 94 97 120 128 #SUP: 624
36 71 88 90 94 97 104 120 #SUP: 728
36 71 88 90 94 97 120 128 #SUP: 624
36 79 88 90 94 97 104 119 #SUP: 720
36 79 88 90 94 97 104 120 #SUP: 608
36 79 88 90 94 97 107 119 #SUP: 544
36 79 88 90 94 97 107 122 #SUP: 752
36 79 88 90 94 97 108 119 #SUP: 544
36 79 88 90 94 97 108 122 #SUP: 752
36 79 88 90 94 97 119 122 #SUP: 824
36 79 88 90 94 97 120 128 #SUP: 456
36 79 88 90 94 104 119 122 #SUP: 456
38 41 67 71 90 97 104 120 #SUP: 996
38 55 67 71 90 97 104 108 #SUP: 528
38 67 71 90 97 104 108 120 #SUP: 568
1 5 9 31 36 41 67 90 94 #SUP: 584
1 5 9 31 36 41 71 90 94 #SUP: 584
1 5 9 31 36 41 79 90 94 #SUP: 448
1 5 9 31 36 41 88 90 94 #SUP: 448
1 5 9 31 36 41 90 94 104 #SUP: 480
1 5 9 31 36 57 90 94 97 #SUP: 444
1 5 9 31 36 67 71 90 94 #SUP: 543
1 5 9 31 36 67 90 94 97 #SUP: 598
1 5 9 31 36 67 90 94 104 #SUP: 488
1 5 9 31 36 71 90 94 97 #SUP: 598
1 5 9 31 36 71 90 94 104 #SUP: 488
1 5 9 31 36 79 90 94 97 #SUP: 444
1 5 9 31 36 88 90 94 97 #SUP: 432
1 5 9 36 56 67 90 94 97 #SUP: 584
1 5 9 36 56 71 90 94 97 #SUP: 584
1 5 9 36 56 79 90 94 97 #SUP: 424
1 5 9 36 56 88 90 94 97 #SUP: 424
1 5 9 36 57 67 90 94 97 #SUP: 462
1 5 9 36 57 71 90 94 97 #SUP: 462
1 5 9 36 67 71 90 94 97 #SUP: 555
1 5 9 36 67 71 90 94 104 #SUP: 500
1 5 11 31 36 38 41 90 94 #SUP: 474
1 5 11 31 36 38 67 90 94 #SUP: 496
1 5 11 31 36 38 90 94 128 #SUP: 457
1 5 11 31 36 57 67 90 94 #SUP: 446
1 5 11 31 36 57 71 90 94 #SUP: 446
1 5 11 31 36 57 90 94 97 #SUP: 444
1 5 11 31 36 67 71 90 94 #SUP: 475
1 5 11 31 36 67 90 94 97 #SUP: 462
1 5 11 36 38 41 90 94 104 #SUP: 666
1 5 11 36 38 67 90 94 97 #SUP: 680
1 5 11 36 67 71 90 94 97 #SUP: 563
1 5 12 36 41 79 88 90 94 #SUP: 448
1 5 16 31 36 41 67 90 94 #SUP: 444
1 5 16 31 36 41 71 90 94 #SUP: 444
1 5 16 31 36 67 90 94 97 #SUP: 432
1 5 16 31 36 71 90 94 97 #SUP: 432
1 5 23 36 38 41 67 90 94 #SUP: 1296
1 5 23 36 67 71 79 90 94 #SUP: 640
1 5 23 36 67 71 88 90 94 #SUP: 640
1 5 23 36 67 71 90 94 104 #SUP: 1184
1 5 23 36 67 79 88 90 94 #SUP: 528
1 5 23 36 67 79 90 94 104 #SUP: 704
1 5 23 36 67 88 90 94 104 #SUP: 704
1 5 23 36 67 90 94 97 104 #SUP: 1264
1 5 24 31 36 39 79 90 94 #SUP: 632
1 5 24 31 36 79 88 90 94 #SUP: 664
1 5 24 31 36 79 90 94 97 #SUP: 592
1 5 31 36 38 67 71 90 94 #SUP: 976
1 5 31 36 38 67 90 94 97 #SUP: 920
1 5 31 36 38 67 90 94 120 #SUP: 468
1 5 31 36 38 67 90 94 121 #SUP: 468
1 5 31 36 38 90 94 104 121 #SUP: 460
1 5 31 36 38 90 94 121 128 #SUP: 446
1 5 31 36 41 56 90 94 97 #SUP: 1376
1 5 31 36 41 67 71 90 94 #SUP: 1096
1 5 31 36 41 67 79 90 94 #SUP: 640
1 5 31 36 41 67 88 90 94 #SUP: 640
1 5 31 36 41 67 90 94 104 #SUP: 928
1 5 31 36 41 71 79 90 94 #SUP: 640
1 5 31 36 41 71 88 90 94 #SUP: 640
1 5 31 36 41 71 90 94 104 #SUP: 928
1 5 31 36 41 79 88 90 94 #SUP: 736
1 5 31 36 41 79 90 94 100 #SUP: 544
1 5 31 36 41 88 90 94 100 #SUP: 544
1 5 31 36 57 67 71 90 94 #SUP: 886
1 5 31 36 57 67 90 94 97 #SUP: 876
1 5 31 36 57 67 90 94 120 #SUP: 452
1 5 31 36 57 71 90 94 97 #SUP: 876
1 5 31 36 57 71 90 94 120 #SUP: 452
1 5 31 36 57 90 94 97 120 #SUP: 456
1 5 31 36 67 71 79 90 94 #SUP: 526
1 5 31 36 67 71 88 90 94 #SUP: 520
1 5 31 36 67 71 90 94 97 #SUP: 1030
1 5 31 36 67 71 90 94 104 #SUP: 936
1 5 31 36 67 71 90 94 120 #SUP: 462
1 5 31 36 67 79 88 90 94 #SUP: 488
1 5 31 36 67 79 90 94 97 #SUP: 612
1 5 31 36 67 88 90 94 97 #SUP: 600
1 5 31 36 67 90 94 97 107 #SUP: 576
1 5 31 36 67 90 94 97 108 #SUP: 576
1 5 31 36 67 90 94 97 120 #SUP: 472
1 5 31 36 71 79 88 90 94 #SUP: 464
1 5 31 36 71 79 90 94 97 #SUP: 588
1 5 31 36 71 88 90 94 97 #SUP: 576
1 5 31 36 71 90 94 97 107 #SUP: 576
1 5 31 36 71 90 94 97 108 #SUP: 576
1 5 31 36 71 90 94 97 120 #SUP: 460
1 5 31 36 79 88 90 94 97 #SUP: 664
1 5 31 38 41 67 71 90 104 #SUP: 928
1 5 31 38 67 71 90 97 104 #SUP: 944
1 5 31 38 67 71 90 104 120 #SUP: 480
1 5 31 41 67 71 90 97 108 #SUP: 508
1 5 36 38 41 90 94 104 121 #SUP: 492
1 5 36 38 55 67 79 90 94 #SUP: 456
1 5 36 38 55 67 88 90 94 #SUP: 456
1 5 36 38 67 71 79 90 94 #SUP: 624
1 5 36 38 67 71 88 90 94 #SUP: 624
1 5 36 38 67 71 90 94 104 #SUP: 1168
1 5 36 38 67 79 88 90 94 #SUP: 536
1 5 36 38 67 79 90 94 97 #SUP: 696
1 5 36 38 67 79 90 94 104 #SUP: 688
1 5 36 38 67 88 90 94 97 #SUP: 696
1 5 36 38 67 88 90 94 104 #SUP: 688
1 5 36 38 67 90 94 97 104 #SUP: 1248
1 5 36 38 67 90 94 97 121 #SUP: 508
1 5 36 38 67 90 94 104 121 #SUP: 504
1 5 36 41 55 67 79 90 94 #SUP: 448
1 5 36 41 55 67 88 90 94 #SUP: 448
1 5 36 41 55 79 88 90 94 #SUP: 480
1 5 36 41 67 71 79 90 94 #SUP: 744
1 5 36 41 67 71 88 90 94 #SUP: 744
1 5 36 41 67 71 90 94 97 #SUP: 1248
1 5 36 41 67 71 90 94 104 #SUP: 1160
1 5 36 41 67 79 88 90 94 #SUP: 784
1 5 36 41 67 79 90 94 97 #SUP: 896
1 5 36 41 67 79 90 94 104 #SUP: 704
1 5 36 41 67 88 90 94 97 #SUP: 896
1 5 36 41 67 88 90 94 104 #SUP: 704
1 5 36 41 67 90 94 97 107 #SUP: 736
1 5 36 41 67 90 94 97 108 #SUP: 736
1 5 36 41 71 79 88 90 94 #SUP: 688
1 5 36 41 71 79 90 94 97 #SUP: 800
1 5 36 41 71 79 90 94 104 #SUP: 608
1 5 36 41 71 88 90 94 97 #SUP: 800
1 5 36 41 71 88 90 94 104 #SUP: 608
1 5 36 41 71 90 94 97 107 #SUP: 688
1 5 36 41 71 90 94 97 108 #SUP: 688
1 5 36 41 79 88 90 94 97 #SUP: 960
1 5 36 41 79 88 90 94 104 #SUP: 560
1 5 36 41 79 88 90 94 119 #SUP: 480
1 5 36 41 79 88 90 94 122 #SUP: 784
1 5 36 41 79 90 94 97 107 #SUP: 576
1 5 36 41 79 90 94 97 108 #SUP: 576
1 5 36 41 88 90 94 97 107 #SUP: 576
1 5 36 41 88 90 94 97 108 #SUP: 576
1 5 36 55 67 79 88 90 94 #SUP: 488
1 5 36 55 79 88 90 94 104 #SUP: 496
1 5 36 56 67 71 90 94 97 #SUP: 1040
1 5 36 56 67 79 90 94 97 #SUP: 592
1 5 36 56 67 88 90 94 97 #SUP: 592
1 5 36 56 67 90 94 97 108 #SUP: 584
1 5 36 56 71 79 90 94 97 #SUP: 592
1 5 36 56 71 88 90 94 97 #SUP: 592
1 5 36 56 71 90 94 97 108 #SUP: 584
1 5 36 56 79 88 90 94 97 #SUP: 656
1 5 36 56 79 90 94 97 108 #SUP: 424
1 5 36 56 88 90 94 97 108 #SUP: 424
1 5 36 57 67 71 90 94 97 #SUP: 918
1 5 36 57 67 71 90 94 120 #SUP: 494
1 5 36 57 67 90 94 97 120 #SUP: 492
1 5 36 57 71 90 94 97 120 #SUP: 492
1 5 36 67 71 79 88 90 94 #SUP: 616
1 5 36 67 71 79 90 94 97 #SUP: 758
1 5 36 67 71 79 90 94 104 #SUP: 664
1 5 36 67 71 88 90 94 97 #SUP: 752
1 5 36 67 71 88 90 94 104 #SUP: 664
1 5 36 67 71 90 94 97 104 #SUP: 1200
1 5 36 67 71 90 94 97 107 #SUP: 640
1 5 36 67 71 90 94 97 108 #SUP: 664
1 5 36 67 71 90 94 97 120 #SUP: 502
1 5 36 67 71 90 94 104 120 #SUP: 504
1 5 36 67 79 88 90 94 97 #SUP: 808
1 5 36 67 79 88 90 94 104 #SUP: 592
1 5 36 67 79 90 94 97 104 #SUP: 720
1 5 36 67 79 90 94 97 107 #SUP: 464
1 5 36 67 79 90 94 97 108 #SUP: 488
1 5 36 67 88 90 94 97 104 #SUP: 720
1 5 36 67 88 90 94 97 107 #SUP: 464
1 5 36 67 88 90 94 97 108 #SUP: 488
1 5 36 67 90 94 97 104 108 #SUP: 648
1 5 36 67 90 94 97 120 128 #SUP: 492
1 5 36 71 79 88 90 94 97 #SUP: 688
1 5 36 71 79 88 90 94 104 #SUP: 496
1 5 36 71 79 90 94 97 108 #SUP: 440
1 5 36 71 88 90 94 97 108 #SUP: 440
1 5 36 79 88 90 94 97 107 #SUP: 496
1 5 36 79 88 90 94 97 108 #SUP: 520
1 5 38 41 67 71 90 97 104 #SUP: 1168
1 5 38 41 67 90 97 104 108 #SUP: 620
1 5 38 67 71 90 97 104 108 #SUP: 588
1 6 9 31 36 57 90 94 97 #SUP: 444
1 6 9 31 36 67 90 94 97 #SUP: 598
1 6 9 31 36 71 90 94 97 #SUP: 598
1 6 9 31 36 79 90 94 97 #SUP: 444
1 6 9 31 36 88 90 94 97 #SUP: 432
1 6 9 36 56 67 90 94 97 #SUP: 584
1 6 9 36 56 71 90 94 97 #SUP: 584
1 6 9 36 56 79 90 94 97 #SUP: 424
1 6 9 36 56 88 90 94 97 #SUP: 424
1 6 9 36 57 67 90 94 97 #SUP: 462
1 6 9 36 57 71 90 94 97 #SUP: 462
1 6 9 36 67 71 90 94 97 #SUP: 555
1 6 11 31 36 38 41 90 94 #SUP: 474
1 6 11 31 36 38 67 90 94 #SUP: 496
1 6 11 31 36 38 90 94 128 #SUP: 457
1 6 11 31 36 57 67 90 94 #SUP: 446
1 6 11 31 36 57 71 90 94 #SUP: 446
1 6 11 31 36 57 90 94 97 #SUP: 444
1 6 11 31 36 67 71 90 94 #SUP: 475
1 6 11 31 36 67 90 94 97 #SUP: 462
1 6 11 36 38 41 90 94 104 #SUP: 538
1 6 11 36 38 67 90 94 97 #SUP: 552
1 6 16 31 36 67 90 94 97 #SUP: 432
1 6 16 31 36 71 90 94 97 #SUP: 432
1 6 23 36 38 41 67 90 94 #SUP: 1040
1 6 23 36 67 79 90 94 104 #SUP: 448
1 6 23 36 67 88 90 94 104 #SUP: 448
1 6 23 36 67 90 94 97 104 #SUP: 1008
1 6 24 31 36 79 90 94 97 #SUP: 592
1 6 31 36 38 67 71 90 94 #SUP: 976
1 6 31 36 38 67 90 94 97 #SUP: 920
1 6 31 36 38 67 90 94 120 #SUP: 468
1 6 31 36 38 67 90 94 121 #SUP: 468
1 6 31 36 38 90 94 104 121 #SUP: 460
1 6 31 36 38 90 94 121 128 #SUP: 446
1 6 31 36 41 56 90 94 97 #SUP: 1376
1 6 31 36 41 67 71 90 94 #SUP: 1072
1 6 31 36 41 67 79 90 94 #SUP: 592
1 6 31 36 41 67 88 90 94 #SUP: 592
1 6 31 36 41 71 79 90 94 #SUP: 592
1 6 31 36 41 71 88 90 94 #SUP: 592
1 6 31 36 41 79 88 90 94 #SUP: 640
1 6 31 36 41 79 90 94 100 #SUP: 544
1 6 31 36 41 88 90 94 100 #SUP: 544
1 6 31 36 57 67 71 90 94 #SUP: 886
1 6 31 36 57 67 90 94 97 #SUP: 876
1 6 31 36 57 67 90 94 120 #SUP: 452
1 6 31 36 57 71 90 94 97 #SUP: 876
1 6 31 36 57 71 90 94 120 #SUP: 452
1 6 31 36 57 90 94 97 120 #SUP: 456
1 6 31 36 67 71 79 90 94 #SUP: 502
1 6 31 36 67 71 88 90 94 #SUP: 496
1 6 31 36 67 71 90 94 97 #SUP: 1030
1 6 31 36 67 71 90 94 120 #SUP: 462
1 6 31 36 67 79 88 90 94 #SUP: 440
1 6 31 36 67 79 90 94 97 #SUP: 612
1 6 31 36 67 88 90 94 97 #SUP: 600
1 6 31 36 67 90 94 97 107 #SUP: 576
1 6 31 36 67 90 94 97 108 #SUP: 576
1 6 31 36 67 90 94 97 120 #SUP: 472
1 6 31 36 71 79 90 94 97 #SUP: 588
1 6 31 36 71 88 90 94 97 #SUP: 576
1 6 31 36 71 90 94 97 107 #SUP: 576
1 6 31 36 71 90 94 97 108 #SUP: 576
1 6 31 36 71 90 94 97 120 #SUP: 460
1 6 31 36 79 88 90 94 97 #SUP: 664
1 6 31 38 41 67 71 90 104 #SUP: 928
1 6 31 38 67 71 90 97 104 #SUP: 944
1 6 31 38 67 71 90 104 120 #SUP: 480
1 6 31 41 67 71 90 97 108 #SUP: 508
1 6 36 38 41 90 94 104 121 #SUP: 492
1 6 36 38 67 79 90 94 97 #SUP: 440
1 6 36 38 67 79 90 94 104 #SUP: 432
1 6 36 38 67 88 90 94 97 #SUP: 440
1 6 36 38 67 88 90 94 104 #SUP: 432
1 6 36 38 67 90 94 97 104 #SUP: 992
1 6 36 38 67 90 94 97 121 #SUP: 508
1 6 36 38 67 90 94 104 121 #SUP: 504
1 6 36 41 67 79 88 90 94 #SUP: 480
1 6 36 41 67 79 90 94 97 #SUP: 640
1 6 36 41 67 88 90 94 97 #SUP: 640
1 6 36 41 67 90 94 97 107 #SUP: 608
1 6 36 41 67 90 94 97 108 #SUP: 608
1 6 36 41 79 88 90 94 97 #SUP: 704
1 6 36 41 79 90 94 97 107 #SUP: 448
1 6 36 41 79 90 94 97 108 #SUP: 448
1 6 36 41 88 90 94 97 107 #SUP: 448
1 6 36 41 88 90 94 97 108 #SUP: 448
1 6 36 56 67 71 90 94 97 #SUP: 1040
1 6 36 56 67 79 90 94 97 #SUP: 592
1 6 36 56 67 88 90 94 97 #SUP: 592
1 6 36 56 67 90 94 97 108 #SUP: 584
1 6 36 56 71 79 90 94 97 #SUP: 592
1 6 36 56 71 88 90 94 97 #SUP: 592
1 6 36 56 71 90 94 97 108 #SUP: 584
1 6 36 56 79 88 90 94 97 #SUP: 656
1 6 36 56 79 90 94 97 108 #SUP: 424
1 6 36 56 88 90 94 97 108 #SUP: 424
1 6 36 57 67 71 90 94 97 #SUP: 918
1 6 36 57 67 71 90 94 120 #SUP: 494
1 6 36 57 67 90 94 97 120 #SUP: 492
1 6 36 57 71 90 94 97 120 #SUP: 492
1 6 36 67 71 79 90 94 97 #SUP: 502
1 6 36 67 71 88 90 94 97 #SUP: 496
1 6 36 67 71 90 94 97 104 #SUP: 944
1 6 36 67 71 90 94 97 108 #SUP: 536
1 6 36 67 71 90 94 97 120 #SUP: 502
1 6 36 67 71 90 94 104 120 #SUP: 504
1 6 36 67 79 88 90 94 97 #SUP: 552
1 6 36 67 79 90 94 97 104 #SUP: 464
1 6 36 67 88 90 94 97 104 #SUP: 464
1 6 36 67 90 94 97 104 108 #SUP: 520
1 6 36 67 90 94 97 120 128 #SUP: 492
1 6 36 71 79 88 90 94 97 #SUP: 432
1 6 38 41 67 90 97 104 108 #SUP: 492
1 9 16 31 36 41 67 90 94 #SUP: 452
1 9 16 31 36 41 71 90 94 #SUP: 452
1 9 16 31 36 41 79 90 94 #SUP: 424
1 9 16 31 36 41 88 90 94 #SUP: 424
1 9 16 31 36 67 90 94 97 #SUP: 464
1 9 16 31 36 71 90 94 97 #SUP: 464
1 9 24 31 36 39 79 90 94 #SUP: 692
1 9 24 31 36 67 79 90 94 #SUP: 442
1 9 24 31 36 71 79 90 94 #SUP: 442
1 9 24 31 36 79 88 90 94 #SUP: 752
1 9 24 31 36 79 90 94 97 #SUP: 644
1 9 31 36 41 56 90 94 97 #SUP: 1376
1 9 31 36 41 67 71 90 94 #SUP: 1028
1 9 31 36 41 67 79 90 94 #SUP: 616
1 9 31 36 41 67 88 90 94 #SUP: 616
1 9 31 36 41 67 90 94 104 #SUP: 936
1 9 31 36 41 71 79 90 94 #SUP: 616
1 9 31 36 41 71 88 90 94 #SUP: 616
1 9 31 36 41 71 90 94 104 #SUP: 936
1 9 31 36 41 79 88 90 94 #SUP: 752
1 9 31 36 41 79 90 94 104 #SUP: 432
1 9 31 36 41 88 90 94 104 #SUP: 432
1 9 31 36 57 67 90 94 97 #SUP: 882
1 9 31 36 57 71 90 94 97 #SUP: 882
1 9 31 36 57 90 94 97 120 #SUP: 468
1 9 31 36 67 71 79 90 94 #SUP: 557
1 9 31 36 67 71 88 90 94 #SUP: 548
1 9 31 36 67 71 90 94 97 #SUP: 1097
1 9 31 36 67 71 90 94 104 #SUP: 996
1 9 31 36 67 79 88 90 94 #SUP: 520
1 9 31 36 67 79 90 94 97 #SUP: 658
1 9 31 36 67 79 90 94 104 #SUP: 456
1 9 31 36 67 88 90 94 97 #SUP: 640
1 9 31 36 67 88 90 94 104 #SUP: 456
1 9 31 36 67 90 94 97 107 #SUP: 608
1 9 31 36 67 90 94 97 108 #SUP: 608
1 9 31 36 67 90 94 97 120 #SUP: 498
1 9 31 36 71 79 88 90 94 #SUP: 520
1 9 31 36 71 79 90 94 97 #SUP: 658
1 9 31 36 71 79 90 94 104 #SUP: 456
1 9 31 36 71 88 90 94 97 #SUP: 640
1 9 31 36 71 88 90 94 104 #SUP: 456
1 9 31 36 71 90 94 97 107 #SUP: 608
1 9 31 36 71 90 94 97 108 #SUP: 608
1 9 31 36 71 90 94 97 120 #SUP: 498
1 9 31 36 79 88 90 94 97 #SUP: 704
1 9 31 36 79 90 94 97 107 #SUP: 448
1 9 31 36 79 90 94 97 108 #SUP: 448
1 9 31 36 88 90 94 97 107 #SUP: 448
1 9 31 36 88 90 94 97 108 #SUP: 448
1 9 36 56 67 71 90 94 97 #SUP: 1040
1 9 36 56 67 79 90 94 97 #SUP: 592
1 9 36 56 67 88 90 94 97 #SUP: 592
1 9 36 56 67 90 94 97 108 #SUP: 584
1 9 36 56 71 79 90 94 97 #SUP: 592
1 9 36 56 71 88 90 94 97 #SUP: 592
1 9 36 56 71 90 94 97 108 #SUP: 584
1 9 36 56 79 88 90 94 97 #SUP: 656
1 9 36 56 79 90 94 97 108 #SUP: 424
1 9 36 56 88 90 94 97 108 #SUP: 424
1 9 36 57 67 71 90 94 97 #SUP: 921
1 9 36 57 67 90 94 97 120 #SUP: 498
1 9 36 57 71 90 94 97 120 #SUP: 498
1 9 36 67 71 79 90 94 97 #SUP: 569
1 9 36 67 71 79 90 94 104 #SUP: 468
1 9 36 67 71 88 90 94 97 #SUP: 560
1 9 36 67 71 88 90 94 104 #SUP: 468
1 9 36 67 71 90 94 97 104 #SUP: 1008
1 9 36 67 71 90 94 97 108 #SUP: 568
1 9 36 67 71 90 94 97 120 #SUP: 537
1 9 36 67 79 88 90 94 97 #SUP: 496
1 9 36 71 79 88 90 94 97 #SUP: 496
1 11 23 36 38 41 67 90 94 #SUP: 1424
1 11 31 36 38 67 90 94 120 #SUP: 464
1 11 31 36 38 67 90 94 121 #SUP: 464
1 11 31 36 38 90 94 121 128 #SUP: 460
1 11 31 36 57 67 71 90 94 #SUP: 889
1 11 31 36 57 67 90 94 97 #SUP: 882
1 11 31 36 57 67 90 94 120 #SUP: 458
1 11 31 36 57 71 90 94 97 #SUP: 882
1 11 31 36 57 71 90 94 120 #SUP: 458
1 11 31 36 57 90 94 97 120 #SUP: 468
1 11 31 36 67 90 94 97 120 #SUP: 474
1 11 36 38 41 55 90 94 104 #SUP: 472
1 11 36 38 41 90 94 104 121 #SUP: 544
1 11 36 38 55 67 79 90 94 #SUP: 560
1 11 36 38 55 67 88 90 94 #SUP: 560
1 11 36 38 67 79 88 90 94 #SUP: 632
1 11 36 38 67 79 90 94 97 #SUP: 784
1 11 36 38 67 88 90 94 97 #SUP: 784
1 11 36 38 67 90 94 97 121 #SUP: 552
1 11 36 55 67 79 90 94 97 #SUP: 514
1 11 36 67 71 79 90 94 97 #SUP: 553
1 12 31 36 41 79 88 90 94 #SUP: 696
1 12 31 36 41 79 90 94 100 #SUP: 560
1 12 31 36 41 88 90 94 100 #SUP: 560
1 12 36 41 55 79 88 90 94 #SUP: 440
1 12 36 41 67 71 79 90 94 #SUP: 484
1 12 36 41 67 71 88 90 94 #SUP: 484
1 12 36 41 67 79 88 90 94 #SUP: 624
1 12 36 41 71 79 88 90 94 #SUP: 624
1 12 36 41 79 88 90 94 97 #SUP: 768
1 12 36 41 79 88 90 94 119 #SUP: 456
1 12 36 41 79 88 90 94 122 #SUP: 784
1 12 36 67 71 79 88 90 94 #SUP: 508
1 12 36 67 79 88 90 94 97 #SUP: 560
1 12 36 71 79 88 90 94 97 #SUP: 560
1 12 38 41 55 67 71 90 104 #SUP: 464
1 13 23 36 38 41 67 90 94 #SUP: 728
1 13 31 36 38 67 71 90 94 #SUP: 680
1 13 31 36 41 56 90 94 97 #SUP: 832
1 13 31 36 41 67 71 90 94 #SUP: 696
1 13 31 36 57 67 71 90 94 #SUP: 596
1 13 31 36 57 67 90 94 97 #SUP: 600
1 13 31 36 57 71 90 94 97 #SUP: 600
1 13 31 36 67 71 90 94 97 #SUP: 700
1 13 31 38 41 67 71 90 104 #SUP: 776
1 13 31 38 67 71 90 97 104 #SUP: 816
1 13 36 38 67 90 94 97 104 #SUP: 720
1 16 24 31 36 79 88 90 94 #SUP: 704
1 16 31 36 41 56 90 94 97 #SUP: 1088
1 16 31 36 41 67 71 90 94 #SUP: 748
1 16 31 36 41 67 79 90 94 #SUP: 528
1 16 31 36 41 67 88 90 94 #SUP: 528
1 16 31 36 41 67 90 94 104 #SUP: 656
1 16 31 36 41 71 79 90 94 #SUP: 528
1 16 31 36 41 71 88 90 94 #SUP: 528
1 16 31 36 41 71 90 94 104 #SUP: 656
1 16 31 36 41 79 88 90 94 #SUP: 728
1 16 31 36 67 71 90 94 97 #SUP: 752
1 16 31 36 67 71 90 94 104 #SUP: 668
1 16 31 36 67 79 88 90 94 #SUP: 448
1 16 31 36 67 79 90 94 97 #SUP: 496
1 16 31 36 67 88 90 94 97 #SUP: 496
1 16 31 36 67 90 94 97 107 #SUP: 440
1 16 31 36 67 90 94 97 108 #SUP: 440
1 16 31 36 71 79 88 90 94 #SUP: 448
1 16 31 36 71 79 90 94 97 #SUP: 496
1 16 31 36 71 88 90 94 97 #SUP: 496
1 16 31 36 71 90 94 97 107 #SUP: 440
1 16 31 36 71 90 94 97 108 #SUP: 440
1 16 31 36 79 88 90 94 97 #SUP: 624
1 21 36 41 67 79 88 90 94 #SUP: 456
1 21 36 41 71 79 88 90 94 #SUP: 456
1 21 36 41 79 88 90 94 97 #SUP: 512
1 21 36 41 79 88 90 94 122 #SUP: 528
1 21 36 67 79 88 90 94 97 #SUP: 448
1 21 36 71 79 88 90 94 97 #SUP: 432
1 23 36 38 41 53 67 90 94 #SUP: 752
1 23 36 38 41 55 67 90 94 #SUP: 928
1 23 36 38 41 67 71 90 94 #SUP: 2464
1 23 36 38 41 67 79 90 94 #SUP: 1408
1 23 36 38 41 67 88 90 94 #SUP: 1408
1 23 36 38 41 67 90 94 104 #SUP: 2464
1 23 36 44 67 90 94 97 104 #SUP: 656
1 23 36 50 67 90 94 97 104 #SUP: 528
1 23 36 53 67 71 90 94 104 #SUP: 624
1 23 36 53 67 90 94 97 104 #SUP: 656
1 23 36 57 67 71 90 94 104 #SUP: 1856
1 23 36 67 71 79 88 90 94 #SUP: 880
1 23 36 67 71 79 90 94 104 #SUP: 1216
1 23 36 67 71 88 90 94 104 #SUP: 1216
1 23 36 67 71 90 94 97 104 #SUP: 2336
1 23 36 67 79 88 90 94 104 #SUP: 1024
1 23 36 67 79 90 94 97 104 #SUP: 1376
1 23 36 67 88 90 94 97 104 #SUP: 1376
1 23 36 67 90 94 97 104 108 #SUP: 1264
1 24 31 36 39 67 79 90 94 #SUP: 692
1 24 31 36 39 71 79 90 94 #SUP: 692
1 24 31 36 55 79 88 90 94 #SUP: 432
1 24 31 36 67 71 79 90 94 #SUP: 442
1 24 31 36 67 79 88 90 94 #SUP: 800
1 24 31 36 67 79 90 94 97 #SUP: 692
1 24 31 36 68 79 90 94 97 #SUP: 596
1 24 31 36 71 79 88 90 94 #SUP: 752
1 24 31 36 71 79 90 94 97 #SUP: 644
1 24 31 36 79 88 90 94 97 #SUP: 1168
1 31 36 38 41 57 90 94 104 #SUP: 1776
1 31 36 38 50 67 90 94 97 #SUP: 468
1 31 36 38 67 71 79 90 94 #SUP: 800
1 31 36 38 67 71 88 90 94 #SUP: 800
1 31 36 38 67 71 90 94 104 #SUP: 1856
1 31 36 38 67 79 90 94 97 #SUP: 720
1 31 36 38 67 88 90 94 97 #SUP: 720
1 31 36 38 67 90 94 97 120 #SUP: 936
1 31 36 38 67 90 94 97 121 #SUP: 936
1 31 36 38 67 90 94 97 128 #SUP: 1776
1 31 36 41 44 56 90 94 97 #SUP: 688
1 31 36 41 50 56 90 94 97 #SUP: 688
1 31 36 41 50 67 71 90 94 #SUP: 520
1 31 36 41 50 67 90 94 104 #SUP: 480
1 31 36 41 50 71 90 94 104 #SUP: 480
1 31 36 41 53 67 71 90 94 #SUP: 584
1 31 36 41 53 67 90 94 104 #SUP: 512
1 31 36 41 53 71 90 94 104 #SUP: 512
1 31 36 41 55 90 94 98 114 #SUP: 528
1 31 36 41 56 67 90 94 97 #SUP: 2240
1 31 36 41 56 71 90 94 97 #SUP: 2240
1 31 36 41 56 79 90 94 97 #SUP: 1600
1 31 36 41 56 88 90 94 97 #SUP: 1600
1 31 36 41 56 90 94 97 107 #SUP: 1376
1 31 36 41 56 90 94 97 108 #SUP: 1376
1 31 36 41 67 71 79 90 94 #SUP: 1032
1 31 36 41 67 71 88 90 94 #SUP: 1032
1 31 36 41 67 71 90 94 100 #SUP: 448
1 31 36 41 67 71 90 94 104 #SUP: 1832
1 31 36 41 67 79 88 90 94 #SUP: 928
1 31 36 41 67 79 90 94 100 #SUP: 608
1 31 36 41 67 79 90 94 104 #SUP: 752
1 31 36 41 67 88 90 94 100 #SUP: 608
1 31 36 41 67 88 90 94 104 #SUP: 752
1 31 36 41 71 79 88 90 94 #SUP: 928
1 31 36 41 71 79 90 94 100 #SUP: 608
1 31 36 41 71 79 90 94 104 #SUP: 752
1 31 36 41 71 88 90 94 100 #SUP: 608
1 31 36 41 71 88 90 94 104 #SUP: 752
1 31 36 41 79 88 90 94 100 #SUP: 1072
1 31 36 41 79 88 90 94 104 #SUP: 512
1 31 36 44 67 71 90 94 97 #SUP: 520
1 31 36 50 67 71 90 94 97 #SUP: 520
1 31 36 50 67 71 90 94 104 #SUP: 480
1 31 36 53 57 67 71 90 94 #SUP: 482
1 31 36 53 57 67 90 94 97 #SUP: 468
1 31 36 53 57 71 90 94 97 #SUP: 468
1 31 36 57 67 71 79 90 94 #SUP: 626
1 31 36 57 67 71 90 94 97 #SUP: 1746
1 31 36 57 67 71 90 94 120 #SUP: 898
1 31 36 57 67 79 90 94 97 #SUP: 612
1 31 36 57 67 90 94 97 120 #SUP: 900
1 31 36 57 71 79 90 94 97 #SUP: 612
1 31 36 57 71 90 94 97 120 #SUP: 900
1 31 36 67 71 79 88 90 94 #SUP: 696
1 31 36 67 71 79 90 94 97 #SUP: 946
1 31 36 67 71 79 90 94 104 #SUP: 776
1 31 36 67 71 88 90 94 97 #SUP: 928
1 31 36 67 71 88 90 94 104 #SUP: 776
1 31 36 67 71 90 94 97 107 #SUP: 1040
1 31 36 67 71 90 94 97 108 #SUP: 1040
1 31 36 67 71 90 94 97 120 #SUP: 930
1 31 36 67 79 88 90 94 97 #SUP: 848
1 31 36 67 79 88 90 94 104 #SUP: 464
1 31 36 67 79 90 94 97 107 #SUP: 592
1 31 36 67 79 90 94 97 108 #SUP: 592
1 31 36 67 88 90 94 97 107 #SUP: 592
1 31 36 67 88 90 94 97 108 #SUP: 592
1 31 36 71 79 88 90 94 97 #SUP: 800
1 31 36 71 79 88 90 94 104 #SUP: 464
1 31 36 71 79 90 94 97 107 #SUP: 592
1 31 36 71 79 90 94 97 108 #SUP: 592
1 31 36 71 88 90 94 97 107 #SUP: 592
1 31 36 71 88 90 94 97 108 #SUP: 592
1 31 36 79 88 90 94 97 107 #SUP: 656
1 31 36 79 88 90 94 97 108 #SUP: 656
1 31 38 41 67 71 90 97 104 #SUP: 1920
1 31 38 41 67 71 90 104 120 #SUP: 976
1 31 38 44 67 71 90 97 104 #SUP: 520
1 31 38 67 71 90 97 104 108 #SUP: 960
1 31 38 67 71 90 97 104 120 #SUP: 1008
1 36 38 44 67 90 94 97 104 #SUP: 648
1 36 38 50 67 90 94 97 104 #SUP: 520
1 36 38 55 67 71 79 90 94 #SUP: 736
1 36 38 55 67 71 88 90 94 #SUP: 736
1 36 38 55 67 79 88 90 94 #SUP: 928
1 36 38 67 71 79 88 90 94 #SUP: 880
1 36 38 67 71 79 90 94 104 #SUP: 1216
1 36 38 67 71 88 90 94 104 #SUP: 1216
1 36 38 67 71 90 94 97 104 #SUP: 2336
1 36 38 67 79 88 90 94 97 #SUP: 1040
1 36 38 67 79 88 90 94 104 #SUP: 1024
1 36 38 67 79 90 94 97 104 #SUP: 1376
1 36 38 67 79 90 94 97 121 #SUP: 456
1 36 38 67 79 90 94 104 121 #SUP: 448
1 36 38 67 88 90 94 97 104 #SUP: 1376
1 36 38 67 88 90 94 97 121 #SUP: 456
1 36 38 67 88 90 94 104 121 #SUP: 448
1 36 38 67 90 94 97 104 107 #SUP: 1264
1 36 38 67 90 94 97 104 108 #SUP: 1264
1 36 38 67 90 94 97 104 121 #SUP: 1008
1 36 39 56 79 88 90 94 97 #SUP: 1120
1 36 39 67 71 79 88 90 94 #SUP: 424
1 36 41 44 67 71 90 94 97 #SUP: 624
1 36 41 44 67 79 90 94 97 #SUP: 464
1 36 41 44 67 88 90 94 97 #SUP: 464
1 36 41 44 79 88 90 94 97 #SUP: 496
1 36 41 53 67 71 90 94 104 #SUP: 616
1 36 41 55 67 71 79 90 94 #SUP: 712
1 36 41 55 67 71 88 90 94 #SUP: 712
1 36 41 55 67 79 88 90 94 #SUP: 928
1 36 41 55 71 79 88 90 94 #SUP: 736
1 36 41 55 79 88 90 94 104 #SUP: 1024
1 36 41 67 71 79 88 90 94 #SUP: 1112
1 36 41 67 71 79 90 94 97 #SUP: 1344
1 36 41 67 71 79 90 94 104 #SUP: 1192
1 36 41 67 71 88 90 94 97 #SUP: 1344
1 36 41 67 71 88 90 94 104 #SUP: 1192
1 36 41 67 71 90 94 97 107 #SUP: 1248
1 36 41 67 71 90 94 97 108 #SUP: 1248
1 36 41 67 79 88 90 94 97 #SUP: 1408
1 36 41 67 79 88 90 94 104 #SUP: 1072
1 36 41 67 79 88 90 94 119 #SUP: 680
1 36 41 67 79 88 90 94 122 #SUP: 1008
1 36 41 67 79 90 94 97 107 #SUP: 896
1 36 41 67 79 90 94 97 108 #SUP: 896
1 36 41 67 88 90 94 97 107 #SUP: 896
1 36 41 67 88 90 94 97 108 #SUP: 896
1 36 41 71 79 88 90 94 97 #SUP: 1216
1 36 41 71 79 88 90 94 104 #SUP: 880
1 36 41 71 79 88 90 94 119 #SUP: 584
1 36 41 71 79 88 90 94 122 #SUP: 912
1 36 41 71 79 90 94 97 107 #SUP: 800
1 36 41 71 79 90 94 97 108 #SUP: 800
1 36 41 71 88 90 94 97 107 #SUP: 800
1 36 41 71 88 90 94 97 108 #SUP: 800
1 36 41 79 88 90 94 97 107 #SUP: 960
1 36 41 79 88 90 94 97 108 #SUP: 960
1 36 41 79 88 90 94 97 119 #SUP: 864
1 36 41 79 88 90 94 97 122 #SUP: 1376
1 36 41 79 88 90 94 119 122 #SUP: 832
1 36 44 56 67 71 90 94 97 #SUP: 528
1 36 44 67 71 90 94 97 104 #SUP: 616
1 36 44 67 79 88 90 94 97 #SUP: 424
1 36 50 56 67 71 90 94 97 #SUP: 528
1 36 50 67 71 90 94 97 104 #SUP: 488
1 36 53 57 67 71 90 94 97 #SUP: 482
1 36 55 67 71 79 88 90 94 #SUP: 760
1 36 55 67 71 79 90 94 97 #SUP: 626
1 36 55 67 79 88 90 94 104 #SUP: 976
1 36 55 71 79 88 90 94 104 #SUP: 784
1 36 56 67 71 79 90 94 97 #SUP: 928
1 36 56 67 71 88 90 94 97 #SUP: 928
1 36 56 67 71 90 94 97 108 #SUP: 1040
1 36 56 67 79 88 90 94 97 #SUP: 800
1 36 56 67 79 90 94 97 108 #SUP: 592
1 36 56 67 88 90 94 97 108 #SUP: 592
1 36 56 71 79 88 90 94 97 #SUP: 800
1 36 56 71 79 90 94 97 108 #SUP: 592
1 36 56 71 88 90 94 97 108 #SUP: 592
1 36 56 79 88 90 94 97 108 #SUP: 656
1 36 57 67 71 79 90 94 97 #SUP: 690
1 36 57 67 71 90 94 97 120 #SUP: 978
1 36 67 71 79 88 90 94 97 #SUP: 1152
1 36 67 71 79 88 90 94 104 #SUP: 1000
1 36 67 71 79 90 94 97 104 #SUP: 1280
1 36 67 71 79 90 94 97 107 #SUP: 720
1 36 67 71 79 90 94 97 108 #SUP: 768
1 36 67 71 79 90 94 97 120 #SUP: 450
1 36 67 71 79 90 94 104 120 #SUP: 448
1 36 67 71 88 90 94 97 104 #SUP: 1280
1 36 67 71 88 90 94 97 107 #SUP: 720
1 36 67 71 88 90 94 97 108 #SUP: 768
1 36 67 71 88 90 94 104 120 #SUP: 448
1 36 67 71 90 94 97 104 108 #SUP: 1216
1 36 67 71 90 94 97 104 120 #SUP: 1008
1 36 67 79 88 90 94 97 104 #SUP: 1088
1 36 67 79 88 90 94 97 107 #SUP: 752
1 36 67 79 88 90 94 97 108 #SUP: 800
1 36 67 79 90 94 97 104 108 #SUP: 736
1 36 67 88 90 94 97 104 108 #SUP: 736
1 36 71 79 88 90 94 97 107 #SUP: 656
1 36 71 79 88 90 94 97 108 #SUP: 704
1 38 41 44 67 71 90 97 104 #SUP: 624
1 38 41 55 67 71 90 97 104 #SUP: 704
1 38 41 67 71 90 97 104 108 #SUP: 1168
2 5 9 24 36 55 90 94 97 #SUP: 424
2 5 11 24 36 38 66 90 94 #SUP: 480
2 5 11 24 36 38 90 94 97 #SUP: 616
2 5 11 36 38 90 94 97 120 #SUP: 486
2 5 12 36 38 56 90 94 97 #SUP: 432
2 5 24 29 36 38 90 94 97 #SUP: 840
2 5 24 36 38 42 90 94 97 #SUP: 680
2 5 24 36 38 55 66 90 94 #SUP: 664
2 5 24 36 38 55 90 94 97 #SUP: 752
2 5 24 36 38 66 90 94 97 #SUP: 944
2 5 24 36 38 70 90 94 97 #SUP: 936
2 5 24 36 38 77 90 94 97 #SUP: 504
2 5 24 36 38 86 90 94 97 #SUP: 504
2 5 24 36 38 90 94 97 120 #SUP: 956
2 5 24 36 38 90 94 97 128 #SUP: 512
2 5 24 36 42 67 90 94 97 #SUP: 480
2 5 24 36 42 71 90 94 97 #SUP: 480
2 5 24 36 42 79 90 94 97 #SUP: 488
2 5 24 36 42 88 90 94 97 #SUP: 480
2 5 24 36 42 90 94 97 120 #SUP: 680
2 5 24 36 55 57 90 94 97 #SUP: 840
2 5 24 36 55 90 94 97 120 #SUP: 428
2 5 24 38 41 55 66 90 94 #SUP: 664
2 5 29 36 38 90 94 97 120 #SUP: 588
2 5 36 38 42 67 90 94 97 #SUP: 512
2 5 36 38 42 71 90 94 97 #SUP: 512
2 5 36 38 42 79 90 94 97 #SUP: 520
2 5 36 38 42 88 90 94 97 #SUP: 512
2 5 36 38 42 90 94 97 120 #SUP: 696
2 5 36 38 55 90 94 97 120 #SUP: 444
2 5 36 38 56 79 90 94 97 #SUP: 432
2 5 36 38 56 88 90 94 97 #SUP: 432
2 5 36 38 56 90 94 97 120 #SUP: 648
2 5 36 38 57 90 94 97 120 #SUP: 444
2 5 36 38 67 79 90 94 97 #SUP: 440
2 5 36 38 67 88 90 94 97 #SUP: 440
2 5 36 38 67 90 94 97 120 #SUP: 436
2 5 36 38 71 79 90 94 97 #SUP: 440
2 5 36 38 71 88 90 94 97 #SUP: 440
2 5 36 38 71 90 94 97 120 #SUP: 436
2 5 36 38 79 88 90 94 97 #SUP: 512
2 5 36 38 79 90 94 97 120 #SUP: 480
2 5 36 38 88 90 94 97 120 #SUP: 472
2 5 36 42 67 71 90 94 97 #SUP: 464
2 5 36 42 67 79 90 94 97 #SUP: 464
2 5 36 42 67 88 90 94 97 #SUP: 464
2 5 36 42 67 90 94 97 120 #SUP: 448
2 5 36 42 71 79 90 94 97 #SUP: 464
2 5 36 42 71 88 90 94 97 #SUP: 464
2 5 36 42 71 90 94 97 120 #SUP: 448
2 5 36 42 79 88 90 94 97 #SUP: 464
2 5 36 42 79 90 94 97 120 #SUP: 456
2 5 36 42 88 90 94 97 120 #SUP: 448
2 5 36 67 71 79 90 94 97 #SUP: 428
2 5 36 67 71 88 90 94 97 #SUP: 428
2 5 36 67 79 88 90 94 97 #SUP: 464
2 5 36 71 79 88 90 94 97 #SUP: 464
2 5 36 79 88 90 94 97 104 #SUP: 464
2 6 11 24 36 38 66 90 94 #SUP: 480
2 6 11 24 36 38 90 94 97 #SUP: 616
2 6 11 36 38 90 94 97 120 #SUP: 486
2 6 12 36 38 56 90 94 97 #SUP: 432
2 6 24 29 36 38 90 94 97 #SUP: 840
2 6 24 36 38 55 66 90 94 #SUP: 664
2 6 24 36 38 66 90 94 97 #SUP: 944
2 6 24 36 38 70 90 94 97 #SUP: 936
2 6 24 36 38 77 90 94 97 #SUP: 504
2 6 24 36 38 86 90 94 97 #SUP: 504
2 6 24 36 38 90 94 97 120 #SUP: 908
2 6 24 36 42 90 97 100 114 #SUP: 586
2 6 24 38 41 55 66 90 94 #SUP: 664
2 6 29 36 38 90 94 97 120 #SUP: 588
2 6 36 38 41 55 57 90 94 #SUP: 684
2 6 36 38 41 57 90 94 120 #SUP: 432
2 6 36 38 42 79 90 94 97 #SUP: 424
2 6 36 38 42 90 94 97 120 #SUP: 648
2 6 36 38 56 79 90 94 97 #SUP: 432
2 6 36 38 56 88 90 94 97 #SUP: 432
2 6 36 38 56 90 94 97 120 #SUP: 648
2 6 36 38 79 90 94 97 120 #SUP: 432
2 6 36 38 88 90 94 97 120 #SUP: 424
2 7 24 36 42 90 97 100 114 #SUP: 586
2 9 24 36 38 55 90 94 97 #SUP: 712
2 9 24 36 55 57 90 94 97 #SUP: 744
2 11 13 24 36 38 90 94 114 #SUP: 452
2 11 13 36 38 42 90 94 97 #SUP: 504
2 11 20 24 36 38 90 94 114 #SUP: 438
2 11 24 29 36 38 90 94 97 #SUP: 936
2 11 24 36 38 55 66 90 94 #SUP: 688
2 11 24 36 38 66 90 94 97 #SUP: 1096
2 11 24 36 38 66 90 94 114 #SUP: 472
2 11 24 36 38 70 90 94 97 #SUP: 1080
2 11 24 36 38 77 90 94 97 #SUP: 648
2 11 24 36 38 86 90 94 97 #SUP: 648
2 11 24 36 38 90 94 97 120 #SUP: 1204
2 11 24 36 38 90 94 97 125 #SUP: 504
2 11 24 36 38 90 94 97 128 #SUP: 520
2 11 24 36 42 90 97 100 114 #SUP: 888
2 11 24 38 41 55 66 90 94 #SUP: 696
2 11 36 38 41 55 57 90 94 #SUP: 684
2 11 36 38 42 67 90 94 97 #SUP: 560
2 11 36 38 42 71 90 94 97 #SUP: 560
2 11 36 38 42 79 90 94 97 #SUP: 576
2 11 36 38 42 88 90 94 97 #SUP: 560
2 11 36 38 42 90 94 97 120 #SUP: 944
2 11 36 42 67 90 94 97 114 #SUP: 436
2 11 36 42 71 90 94 97 114 #SUP: 436
2 11 36 42 79 90 94 97 114 #SUP: 452
2 11 36 42 88 90 94 97 114 #SUP: 436
2 12 13 36 38 42 90 94 97 #SUP: 496
2 12 24 36 38 42 90 94 97 #SUP: 912
2 12 24 36 42 67 90 94 97 #SUP: 528
2 12 24 36 42 71 90 94 97 #SUP: 528
2 12 24 36 42 79 90 94 97 #SUP: 528
2 12 24 36 42 88 90 94 97 #SUP: 528
2 12 24 36 42 90 94 97 120 #SUP: 912
2 12 29 36 38 56 90 94 97 #SUP: 576
2 12 36 38 42 67 90 94 97 #SUP: 608
2 12 36 38 42 71 90 94 97 #SUP: 608
2 12 36 38 42 79 90 94 97 #SUP: 608
2 12 36 38 42 88 90 94 97 #SUP: 608
2 12 36 38 42 90 94 97 120 #SUP: 952
2 12 36 38 56 67 90 94 97 #SUP: 576
2 12 36 38 56 71 90 94 97 #SUP: 576
2 12 36 38 56 79 90 94 97 #SUP: 720
2 12 36 38 56 88 90 94 97 #SUP: 720
2 12 36 38 56 90 94 97 120 #SUP: 1008
2 12 36 38 67 71 90 94 97 #SUP: 464
2 12 36 38 67 79 88 90 94 #SUP: 464
2 12 36 38 67 79 90 94 97 #SUP: 536
2 12 36 38 67 88 90 94 97 #SUP: 536
2 12 36 38 67 90 94 97 120 #SUP: 592
2 12 36 38 71 79 88 90 94 #SUP: 464
2 12 36 38 71 79 90 94 97 #SUP: 536
2 12 36 38 71 88 90 94 97 #SUP: 536
2 12 36 38 71 90 94 97 120 #SUP: 592
2 12 36 38 79 88 90 94 97 #SUP: 680
2 12 36 38 79 88 90 94 104 #SUP: 500
2 12 36 38 79 88 90 94 120 #SUP: 484
2 12 36 38 79 90 94 97 120 #SUP: 664
2 12 36 38 88 90 94 97 120 #SUP: 664
2 12 36 42 67 71 90 94 97 #SUP: 440
2 12 36 42 67 79 90 94 97 #SUP: 440
2 12 36 42 67 88 90 94 97 #SUP: 440
2 12 36 42 67 90 94 97 120 #SUP: 544
2 12 36 42 71 79 90 94 97 #SUP: 440
2 12 36 42 71 88 90 94 97 #SUP: 440
2 12 36 42 71 90 94 97 120 #SUP: 544
2 12 36 42 79 88 90 94 97 #SUP: 440
2 12 36 42 79 90 94 97 120 #SUP: 544
2 12 36 42 88 90 94 97 120 #SUP: 544
2 12 36 67 79 88 90 94 97 #SUP: 476
2 12 36 71 79 88 90 94 97 #SUP: 476
2 12 36 79 88 90 94 97 104 #SUP: 512
2 12 36 79 88 90 94 97 120 #SUP: 472
2 13 24 36 38 66 90 94 114 #SUP: 460
2 13 36 38 42 67 90 94 97 #SUP: 560
2 13 36 38 42 71 90 94 97 #SUP: 560
2 13 36 38 42 79 90 94 97 #SUP: 576
2 13 36 38 42 88 90 94 97 #SUP: 560
2 13 36 38 42 90 94 97 120 #SUP: 944
2 16 24 36 55 57 90 94 97 #SUP: 712
2 20 24 36 38 66 90 94 114 #SUP: 438
2 23 36 38 79 88 90 94 104 #SUP: 616
2 23 36 67 79 88 90 94 104 #SUP: 480
2 23 36 71 79 88 90 94 104 #SUP: 480
2 23 36 79 88 90 94 97 104 #SUP: 552
2 24 29 36 38 66 90 94 97 #SUP: 1584
2 24 29 36 38 70 90 94 97 #SUP: 1584
2 24 29 36 38 77 90 94 97 #SUP: 720
2 24 29 36 38 86 90 94 97 #SUP: 720
2 24 29 36 38 90 94 97 120 #SUP: 1224
2 24 29 36 38 90 94 97 125 #SUP: 624
2 24 29 36 38 90 94 97 128 #SUP: 624
2 24 36 38 41 55 66 90 94 #SUP: 1320
2 24 36 38 42 67 90 94 97 #SUP: 960
2 24 36 38 42 71 90 94 97 #SUP: 960
2 24 36 38 42 79 90 94 97 #SUP: 992
2 24 36 38 42 88 90 94 97 #SUP: 960
2 24 36 38 42 90 94 97 120 #SUP: 1808
2 24 36 38 42 90 94 97 128 #SUP: 704
2 24 36 38 55 57 90 94 97 #SUP: 1392
2 24 36 38 55 66 90 94 97 #SUP: 1328
2 24 36 38 55 66 90 94 128 #SUP: 488
2 24 36 38 55 90 94 97 120 #SUP: 728
2 24 36 38 55 90 94 97 128 #SUP: 560
2 24 36 38 66 70 90 94 97 #SUP: 1728
2 24 36 38 66 77 90 94 97 #SUP: 864
2 24 36 38 66 86 90 94 97 #SUP: 864
2 24 36 38 66 90 94 97 120 #SUP: 1544
2 24 36 38 66 90 94 97 125 #SUP: 720
2 24 36 38 66 90 94 97 128 #SUP: 752
2 24 36 38 70 77 90 94 97 #SUP: 864
2 24 36 38 70 86 90 94 97 #SUP: 864
2 24 36 38 70 90 94 97 120 #SUP: 1512
2 24 36 38 70 90 94 97 125 #SUP: 720
2 24 36 38 70 90 94 97 128 #SUP: 720
2 24 36 38 77 86 90 94 97 #SUP: 576
2 24 36 38 77 90 94 97 120 #SUP: 1080
2 24 36 38 77 90 94 97 125 #SUP: 432
2 24 36 38 77 90 94 97 128 #SUP: 432
2 24 36 38 86 90 94 97 120 #SUP: 1080
2 24 36 38 86 90 94 97 125 #SUP: 432
2 24 36 38 86 90 94 97 128 #SUP: 432
2 24 36 38 90 94 97 120 125 #SUP: 792
2 24 36 38 90 94 97 120 128 #SUP: 872
2 24 36 42 67 71 90 94 97 #SUP: 624
2 24 36 42 67 79 90 94 97 #SUP: 624
2 24 36 42 67 88 90 94 97 #SUP: 624
2 24 36 42 67 90 94 97 120 #SUP: 960
2 24 36 42 67 90 94 97 128 #SUP: 480
2 24 36 42 71 79 90 94 97 #SUP: 624
2 24 36 42 71 88 90 94 97 #SUP: 624
2 24 36 42 71 90 94 97 120 #SUP: 960
2 24 36 42 71 90 94 97 128 #SUP: 480
2 24 36 42 79 88 90 94 97 #SUP: 624
2 24 36 42 79 90 94 97 120 #SUP: 992
2 24 36 42 79 90 94 97 128 #SUP: 512
2 24 36 42 88 90 94 97 120 #SUP: 960
2 24 36 42 88 90 94 97 128 #SUP: 480
2 24 36 42 90 94 97 120 128 #SUP: 704
2 24 36 42 90 97 100 114 123 #SUP: 584
2 24 36 47 55 57 90 94 97 #SUP: 480
2 24 36 50 55 57 90 94 97 #SUP: 480
2 24 36 55 57 90 94 97 120 #SUP: 744
2 24 36 55 57 90 94 97 128 #SUP: 624
2 24 38 41 55 66 90 94 128 #SUP: 480
2 29 36 38 56 67 90 94 97 #SUP: 432
2 29 36 38 56 71 90 94 97 #SUP: 432
2 29 36 38 56 79 90 94 97 #SUP: 576
2 29 36 38 56 88 90 94 97 #SUP: 576
2 29 36 38 56 90 94 97 120 #SUP: 720
2 36 38 41 47 55 57 90 94 #SUP: 456
2 36 38 41 55 57 90 94 120 #SUP: 720
2 36 38 41 55 57 90 94 122 #SUP: 468
2 36 38 42 67 71 90 94 97 #SUP: 784
2 36 38 42 67 79 90 94 97 #SUP: 784
2 36 38 42 67 88 90 94 97 #SUP: 784
2 36 38 42 67 90 94 97 120 #SUP: 1040
2 36 38 42 71 79 90 94 97 #SUP: 784
2 36 38 42 71 88 90 94 97 #SUP: 784
2 36 38 42 71 90 94 97 120 #SUP: 1040
2 36 38 42 79 88 90 94 97 #SUP: 784
2 36 38 42 79 90 94 97 120 #SUP: 1072
2 36 38 42 88 90 94 97 120 #SUP: 1040
2 36 38 56 67 71 90 94 97 #SUP: 504
2 36 38 56 67 79 90 94 97 #SUP: 576
2 36 38 56 67 88 90 94 97 #SUP: 576
2 36 38 56 67 90 94 97 120 #SUP: 936
2 36 38 56 71 79 90 94 97 #SUP: 576
2 36 38 56 71 88 90 94 97 #SUP: 576
2 36 38 56 71 90 94 97 120 #SUP: 936
2 36 38 56 79 88 90 94 97 #SUP: 720
2 36 38 56 79 90 94 97 120 #SUP: 1008
2 36 38 56 88 90 94 97 120 #SUP: 1008
2 36 38 57 79 88 90 94 104 #SUP: 456
2 36 38 67 71 79 88 90 94 #SUP: 604
2 36 38 67 71 79 90 94 97 #SUP: 640
2 36 38 67 71 79 90 94 120 #SUP: 500
2 36 38 67 71 88 90 94 97 #SUP: 640
2 36 38 67 71 88 90 94 120 #SUP: 500
2 36 38 67 71 90 94 97 120 #SUP: 644
2 36 38 67 79 88 90 94 97 #SUP: 712
2 36 38 67 79 88 90 94 104 #SUP: 568
2 36 38 67 79 88 90 94 120 #SUP: 536
2 36 38 67 79 90 94 97 120 #SUP: 680
2 36 38 67 88 90 94 97 120 #SUP: 680
2 36 38 71 79 88 90 94 97 #SUP: 712
2 36 38 71 79 88 90 94 104 #SUP: 568
2 36 38 71 79 88 90 94 120 #SUP: 536
2 36 38 71 79 90 94 97 120 #SUP: 680
2 36 38 71 88 90 94 97 120 #SUP: 680
2 36 38 79 88 90 94 97 104 #SUP: 640
2 36 38 79 88 90 94 97 120 #SUP: 752
2 36 42 67 71 79 90 94 97 #SUP: 672
2 36 42 67 71 88 90 94 97 #SUP: 672
2 36 42 67 71 90 94 97 114 #SUP: 440
2 36 42 67 71 90 94 97 120 #SUP: 656
2 36 42 67 79 88 90 94 97 #SUP: 672
2 36 42 67 79 90 94 97 114 #SUP: 440
2 36 42 67 79 90 94 97 120 #SUP: 656
2 36 42 67 88 90 94 97 114 #SUP: 440
2 36 42 67 88 90 94 97 120 #SUP: 656
2 36 42 71 79 88 90 94 97 #SUP: 672
2 36 42 71 79 90 94 97 114 #SUP: 440
2 36 42 71 79 90 94 97 120 #SUP: 656
2 36 42 71 88 90 94 97 114 #SUP: 440
2 36 42 71 88 90 94 97 120 #SUP: 656
2 36 42 79 88 90 94 97 114 #SUP: 440
2 36 42 79 88 90 94 97 120 #SUP: 656
2 36 57 79 88 90 94 97 104 #SUP: 488
2 36 67 71 79 88 90 94 97 #SUP: 636
2 36 67 71 79 88 90 94 104 #SUP: 600
2 36 67 71 79 88 90 94 120 #SUP: 440
2 36 67 71 79 90 94 97 120 #SUP: 476
2 36 67 71 88 90 94 97 120 #SUP: 476
2 36 67 79 88 90 94 97 104 #SUP: 600
2 36 67 79 88 90 94 97 120 #SUP: 512
2 36 71 79 88 90 94 97 104 #SUP: 600
2 36 71 79 88 90 94 97 120 #SUP: 512
5 9 24 36 55 57 90 94 97 #SUP: 432
5 9 31 36 38 90 94 97 128 #SUP: 436
5 9 36 38 41 57 90 94 97 #SUP: 756
5 9 36 38 57 90 94 97 128 #SUP: 588
5 9 36 57 67 71 90 94 97 #SUP: 555
5 9 36 67 71 90 94 97 104 #SUP: 584
5 11 23 36 38 67 71 90 94 #SUP: 664
5 11 23 36 38 67 79 90 94 #SUP: 456
5 11 23 36 38 67 88 90 94 #SUP: 456
5 11 23 36 38 67 90 94 104 #SUP: 728
5 11 24 36 38 90 94 97 120 #SUP: 466
5 11 31 36 38 90 94 97 128 #SUP: 460
5 11 36 38 41 55 90 94 97 #SUP: 548
5 11 36 38 41 57 90 94 97 #SUP: 756
5 11 36 38 41 57 90 94 128 #SUP: 541
5 11 36 38 41 90 94 97 121 #SUP: 426
5 11 36 38 56 67 90 94 97 #SUP: 576
5 11 36 38 56 71 90 94 97 #SUP: 576
5 11 36 38 56 90 94 97 120 #SUP: 504
5 11 36 38 56 90 94 97 128 #SUP: 528
5 11 36 38 67 71 90 94 97 #SUP: 696
5 11 36 38 67 79 90 94 97 #SUP: 528
5 11 36 38 67 88 90 94 97 #SUP: 528
5 11 36 38 67 90 94 97 128 #SUP: 504
5 11 36 38 79 88 90 94 97 #SUP: 432
5 12 24 36 56 90 94 97 100 #SUP: 544
5 12 24 36 79 88 90 94 97 #SUP: 424
5 12 36 38 79 88 90 94 97 #SUP: 456
5 12 36 41 79 88 90 94 97 #SUP: 528
5 12 36 41 79 88 90 94 122 #SUP: 440
5 12 36 56 79 88 90 94 97 #SUP: 496
5 12 36 67 71 79 88 90 94 #SUP: 458
5 12 36 67 71 79 90 94 97 #SUP: 448
5 12 36 67 71 88 90 94 97 #SUP: 448
5 12 36 67 79 88 90 94 97 #SUP: 548
5 12 36 71 79 88 90 94 97 #SUP: 548
5 12 36 79 88 90 94 97 104 #SUP: 456
5 12 36 79 88 90 94 97 122 #SUP: 424
5 13 36 38 56 67 90 94 97 #SUP: 432
5 13 36 38 56 71 90 94 97 #SUP: 432
5 13 36 38 56 90 94 97 120 #SUP: 432
5 13 36 38 67 71 90 94 97 #SUP: 440
5 16 36 38 41 57 90 94 97 #SUP: 660
5 16 36 38 57 90 94 97 128 #SUP: 428
5 16 36 41 56 67 90 94 97 #SUP: 440
5 16 36 41 56 71 90 94 97 #SUP: 440
5 20 36 38 56 67 90 94 97 #SUP: 432
5 20 36 38 56 71 90 94 97 #SUP: 432
5 20 36 38 56 90 94 97 120 #SUP: 432
5 22 36 38 41 55 90 94 97 #SUP: 500
5 23 36 38 41 57 90 94 104 #SUP: 1024
5 23 36 38 41 67 71 90 94 #SUP: 1236
5 23 36 38 41 67 79 90 94 #SUP: 760
5 23 36 38 41 67 88 90 94 #SUP: 760
5 23 36 38 41 67 90 94 104 #SUP: 1304
5 23 36 38 41 71 79 90 94 #SUP: 664
5 23 36 38 41 71 88 90 94 #SUP: 664
5 23 36 38 41 71 90 94 104 #SUP: 1208
5 23 36 38 41 79 88 90 94 #SUP: 624
5 23 36 38 41 79 90 94 104 #SUP: 800
5 23 36 38 41 88 90 94 104 #SUP: 800
5 23 36 38 41 90 94 97 104 #SUP: 1360
5 23 36 38 55 67 71 90 94 #SUP: 464
5 23 36 38 55 67 79 90 94 #SUP: 528
5 23 36 38 55 67 88 90 94 #SUP: 528
5 23 36 38 67 71 79 90 94 #SUP: 756
5 23 36 38 67 71 88 90 94 #SUP: 756
5 23 36 38 67 71 90 94 104 #SUP: 1300
5 23 36 38 67 79 88 90 94 #SUP: 680
5 23 36 38 67 79 90 94 104 #SUP: 856
5 23 36 38 67 88 90 94 104 #SUP: 856
5 23 36 38 67 90 94 97 104 #SUP: 1416
5 23 36 38 67 90 94 104 120 #SUP: 540
5 23 36 38 71 79 88 90 94 #SUP: 584
5 23 36 38 71 79 90 94 104 #SUP: 760
5 23 36 38 71 88 90 94 104 #SUP: 760
5 23 36 38 71 90 94 97 104 #SUP: 1320
5 23 36 38 71 90 94 104 120 #SUP: 540
5 23 36 38 79 88 90 94 104 #SUP: 736
5 23 36 38 79 90 94 97 104 #SUP: 912
5 23 36 38 88 90 94 97 104 #SUP: 912
5 23 36 38 90 94 97 104 120 #SUP: 568
5 23 36 56 57 90 94 97 104 #SUP: 1056
5 23 36 57 67 71 90 94 104 #SUP: 964
5 23 36 57 67 79 90 94 104 #SUP: 424
5 23 36 57 67 88 90 94 104 #SUP: 424
5 23 36 57 67 90 94 104 120 #SUP: 524
5 23 36 57 71 79 90 94 104 #SUP: 424
5 23 36 57 71 88 90 94 104 #SUP: 424
5 23 36 57 71 90 94 104 120 #SUP: 524
5 23 36 67 71 79 88 90 94 #SUP: 596
5 23 36 67 71 79 90 94 104 #SUP: 772
5 23 36 67 71 88 90 94 104 #SUP: 772
5 23 36 67 71 90 94 97 104 #SUP: 1332
5 23 36 67 71 90 94 104 120 #SUP: 570
5 23 36 67 79 88 90 94 104 #SUP: 712
5 23 36 67 79 90 94 97 104 #SUP: 888
5 23 36 67 88 90 94 97 104 #SUP: 888
5 23 36 67 90 94 97 104 108 #SUP: 696
5 23 36 67 90 94 97 104 120 #SUP: 580
5 23 36 71 79 88 90 94 104 #SUP: 616
5 23 36 71 79 90 94 97 104 #SUP: 792
5 23 36 71 88 90 94 97 104 #SUP: 792
5 23 36 71 90 94 97 104 120 #SUP: 580
5 23 36 79 88 90 94 97 104 #SUP: 768
5 24 31 36 79 90 94 97 100 #SUP: 544
5 24 36 38 41 55 57 90 94 #SUP: 652
5 24 36 38 42 63 90 94 97 #SUP: 608
5 24 36 38 42 67 90 94 97 #SUP: 440
5 24 36 38 42 79 90 94 97 #SUP: 448
5 24 36 38 42 88 90 94 97 #SUP: 440
5 24 36 38 42 90 94 97 120 #SUP: 660
5 24 36 38 55 90 94 97 110 #SUP: 672
5 24 36 39 79 88 90 94 97 #SUP: 608
5 24 36 41 55 66 70 90 94 #SUP: 672
5 24 36 42 67 90 94 97 120 #SUP: 424
5 24 36 42 79 90 94 97 120 #SUP: 444
5 24 36 55 57 90 94 97 120 #SUP: 444
5 24 36 56 67 90 94 97 100 #SUP: 544
5 24 36 56 71 90 94 97 100 #SUP: 544
5 24 36 56 79 90 94 97 100 #SUP: 800
5 24 36 56 88 90 94 97 100 #SUP: 800
5 24 36 67 71 79 90 94 97 #SUP: 430
5 24 36 67 71 88 90 94 97 #SUP: 424
5 24 36 67 79 88 90 94 97 #SUP: 576
5 24 36 71 79 88 90 94 97 #SUP: 552
5 31 36 38 90 94 97 120 128 #SUP: 452
5 36 38 41 50 57 90 94 97 #SUP: 480
5 36 38 41 57 77 90 94 97 #SUP: 504
5 36 38 41 57 86 90 94 97 #SUP: 504
5 36 38 41 57 90 94 97 120 #SUP: 828
5 36 38 41 57 90 94 97 121 #SUP: 756
5 36 38 41 57 90 94 97 128 #SUP: 1080
5 36 38 41 57 90 94 121 128 #SUP: 542
5 36 38 42 67 79 90 94 97 #SUP: 424
5 36 38 42 67 88 90 94 97 #SUP: 424
5 36 38 42 67 90 94 97 120 #SUP: 428
5 36 38 42 79 88 90 94 97 #SUP: 424
5 36 38 42 79 90 94 97 120 #SUP: 436
5 36 38 42 88 90 94 97 120 #SUP: 428
5 36 38 55 67 71 79 90 94 #SUP: 560
5 36 38 55 67 71 88 90 94 #SUP: 560
5 36 38 55 67 79 88 90 94 #SUP: 664
5 36 38 56 67 71 90 94 97 #SUP: 1044
5 36 38 56 67 77 90 94 97 #SUP: 432
5 36 38 56 67 79 90 94 97 #SUP: 504
5 36 38 56 67 86 90 94 97 #SUP: 432
5 36 38 56 67 88 90 94 97 #SUP: 504
5 36 38 56 67 90 94 97 120 #SUP: 756
5 36 38 56 67 90 94 97 128 #SUP: 960
5 36 38 56 71 77 90 94 97 #SUP: 432
5 36 38 56 71 79 90 94 97 #SUP: 504
5 36 38 56 71 86 90 94 97 #SUP: 432
5 36 38 56 71 88 90 94 97 #SUP: 504
5 36 38 56 71 90 94 97 120 #SUP: 756
5 36 38 56 71 90 94 97 128 #SUP: 960
5 36 38 56 77 90 94 97 120 #SUP: 432
5 36 38 56 79 90 94 97 120 #SUP: 504
5 36 38 56 86 90 94 97 120 #SUP: 432
5 36 38 56 88 90 94 97 120 #SUP: 504
5 36 38 56 90 94 97 120 128 #SUP: 624
5 36 38 57 67 71 90 94 104 #SUP: 1012
5 36 38 57 67 79 90 94 104 #SUP: 472
5 36 38 57 67 88 90 94 104 #SUP: 472
5 36 38 57 67 90 94 97 104 #SUP: 1032
5 36 38 57 67 90 94 104 120 #SUP: 524
5 36 38 57 71 79 90 94 104 #SUP: 472
5 36 38 57 71 88 90 94 104 #SUP: 472
5 36 38 57 71 90 94 97 104 #SUP: 1032
5 36 38 57 71 90 94 104 120 #SUP: 524
5 36 38 57 79 90 94 97 104 #SUP: 528
5 36 38 57 88 90 94 97 104 #SUP: 528
5 36 38 57 90 94 97 104 120 #SUP: 552
5 36 38 57 90 94 97 120 128 #SUP: 588
5 36 38 67 71 79 88 90 94 #SUP: 712
5 36 38 67 71 79 90 94 97 #SUP: 908
5 36 38 67 71 79 90 94 104 #SUP: 852
5 36 38 67 71 88 90 94 97 #SUP: 908
5 36 38 67 71 88 90 94 104 #SUP: 852
5 36 38 67 71 90 94 97 104 #SUP: 1412
5 36 38 67 71 90 94 97 120 #SUP: 722
5 36 38 67 71 90 94 97 128 #SUP: 1008
5 36 38 67 71 90 94 104 120 #SUP: 586
5 36 38 67 79 88 90 94 97 #SUP: 872
5 36 38 67 79 88 90 94 104 #SUP: 792
5 36 38 67 79 90 94 97 104 #SUP: 968
5 36 38 67 79 90 94 97 120 #SUP: 464
5 36 38 67 79 90 94 97 128 #SUP: 456
5 36 38 67 88 90 94 97 104 #SUP: 968
5 36 38 67 88 90 94 97 120 #SUP: 464
5 36 38 67 88 90 94 97 128 #SUP: 456
5 36 38 67 90 94 97 104 107 #SUP: 736
5 36 38 67 90 94 97 104 108 #SUP: 736
5 36 38 67 90 94 97 104 120 #SUP: 596
5 36 38 67 90 94 97 120 128 #SUP: 588
5 36 38 71 79 88 90 94 97 #SUP: 752
5 36 38 71 79 88 90 94 104 #SUP: 696
5 36 38 71 79 90 94 97 104 #SUP: 872
5 36 38 71 79 90 94 97 120 #SUP: 452
5 36 38 71 79 90 94 97 128 #SUP: 432
5 36 38 71 88 90 94 97 104 #SUP: 872
5 36 38 71 88 90 94 97 120 #SUP: 452
5 36 38 71 88 90 94 97 128 #SUP: 432
5 36 38 71 90 94 97 104 120 #SUP: 596
5 36 38 71 90 94 97 120 128 #SUP: 576
5 36 38 79 88 90 94 97 104 #SUP: 848
5 36 41 56 67 71 90 94 97 #SUP: 1028
5 36 41 56 67 79 90 94 97 #SUP: 616
5 36 41 56 67 88 90 94 97 #SUP: 616
5 36 41 56 71 79 90 94 97 #SUP: 616
5 36 41 56 71 88 90 94 97 #SUP: 616
5 36 41 56 79 88 90 94 97 #SUP: 752
5 36 41 67 71 79 88 90 94 #SUP: 572
5 36 41 67 71 79 90 94 97 #SUP: 708
5 36 41 67 71 79 90 94 104 #SUP: 620
5 36 41 67 71 88 90 94 97 #SUP: 708
5 36 41 67 71 88 90 94 104 #SUP: 620
5 36 41 67 79 88 90 94 97 #SUP: 776
5 36 41 67 79 88 90 94 104 #SUP: 584
5 36 41 67 79 88 90 94 122 #SUP: 516
5 36 41 71 79 88 90 94 97 #SUP: 680
5 36 41 71 79 88 90 94 104 #SUP: 488
5 36 41 71 79 88 90 94 122 #SUP: 468
5 36 41 79 88 90 94 97 119 #SUP: 504
5 36 41 79 88 90 94 97 122 #SUP: 760
5 36 41 79 88 90 94 119 122 #SUP: 428
5 36 42 67 71 79 90 94 97 #SUP: 478
5 36 42 67 71 88 90 94 97 #SUP: 472
5 36 42 67 79 88 90 94 97 #SUP: 496
5 36 42 71 79 88 90 94 97 #SUP: 472
5 36 55 67 71 79 88 90 94 #SUP: 664
5 36 55 67 71 79 90 94 97 #SUP: 614
5 36 55 67 79 88 90 94 97 #SUP: 728
5 36 55 67 79 88 90 94 104 #SUP: 768
5 36 55 71 79 88 90 94 104 #SUP: 672
5 36 56 67 71 79 90 94 97 #SUP: 572
5 36 56 67 71 88 90 94 97 #SUP: 572
5 36 56 67 71 90 94 97 120 #SUP: 642
5 36 56 67 71 90 94 97 128 #SUP: 960
5 36 56 67 79 88 90 94 97 #SUP: 544
5 36 56 67 90 94 97 120 128 #SUP: 576
5 36 56 71 79 88 90 94 97 #SUP: 544
5 36 56 71 90 94 97 120 128 #SUP: 576
5 36 57 67 71 79 90 94 97 #SUP: 570
5 36 57 67 71 79 90 94 104 #SUP: 580
5 36 57 67 71 88 90 94 104 #SUP: 580
5 36 57 67 71 90 94 97 104 #SUP: 1140
5 36 57 67 71 90 94 97 120 #SUP: 600
5 36 57 67 71 90 94 104 120 #SUP: 602
5 36 57 67 79 88 90 94 104 #SUP: 424
5 36 57 67 79 90 94 97 104 #SUP: 600
5 36 57 67 88 90 94 97 104 #SUP: 600
5 36 57 67 90 94 97 104 120 #SUP: 612
5 36 57 71 79 88 90 94 104 #SUP: 424
5 36 57 71 79 90 94 97 104 #SUP: 600
5 36 57 71 88 90 94 97 104 #SUP: 600
5 36 57 71 90 94 97 104 120 #SUP: 612
5 36 57 79 88 90 94 97 104 #SUP: 480
5 36 60 79 88 90 94 97 122 #SUP: 576
5 36 67 71 79 88 90 94 97 #SUP: 952
5 36 67 71 79 88 90 94 104 #SUP: 828
5 36 67 71 79 90 94 97 104 #SUP: 980
5 36 67 71 79 90 94 97 107 #SUP: 512
5 36 67 71 79 90 94 97 108 #SUP: 536
5 36 67 71 79 90 94 97 120 #SUP: 464
5 36 67 71 79 90 94 97 128 #SUP: 552
5 36 67 71 88 90 94 97 104 #SUP: 980
5 36 67 71 88 90 94 97 107 #SUP: 512
5 36 67 71 88 90 94 97 108 #SUP: 536
5 36 67 71 88 90 94 97 120 #SUP: 458
5 36 67 71 88 90 94 97 128 #SUP: 552
5 36 67 71 90 94 97 104 107 #SUP: 736
5 36 67 71 90 94 97 104 108 #SUP: 760
5 36 67 71 90 94 97 104 120 #SUP: 674
5 36 67 71 90 94 97 120 128 #SUP: 624
5 36 67 79 88 90 94 97 104 #SUP: 920
5 36 67 79 88 90 94 97 107 #SUP: 528
5 36 67 79 88 90 94 97 108 #SUP: 552
5 36 67 79 88 90 94 97 119 #SUP: 500
5 36 67 79 88 90 94 97 122 #SUP: 532
5 36 67 79 90 94 97 104 107 #SUP: 496
5 36 67 79 90 94 97 104 108 #SUP: 520
5 36 67 88 90 94 97 104 107 #SUP: 496
5 36 67 88 90 94 97 104 108 #SUP: 520
5 36 71 79 88 90 94 97 104 #SUP: 824
5 36 71 79 88 90 94 97 107 #SUP: 480
5 36 71 79 88 90 94 97 108 #SUP: 504
5 36 71 79 88 90 94 97 119 #SUP: 452
5 36 71 79 88 90 94 97 122 #SUP: 484
5 38 41 67 71 90 97 104 120 #SUP: 474
6 9 31 36 38 90 94 97 128 #SUP: 436
6 9 36 38 41 57 90 94 97 #SUP: 756
6 11 23 31 36 67 71 90 94 #SUP: 491
6 11 23 36 38 41 67 90 94 #SUP: 586
6 11 23 36 38 67 71 90 94 #SUP: 554
6 11 23 36 38 67 90 94 104 #SUP: 618
6 11 23 36 67 71 90 94 104 #SUP: 523
6 11 23 36 67 90 94 97 104 #SUP: 593
6 11 24 36 38 90 94 97 120 #SUP: 466
6 11 31 36 38 90 94 97 128 #SUP: 460
6 11 31 36 57 67 71 90 94 #SUP: 462
6 11 31 36 57 67 90 94 97 #SUP: 439
6 11 31 36 57 71 90 94 97 #SUP: 439
6 11 36 38 41 57 90 94 97 #SUP: 756
6 11 36 38 41 57 90 94 128 #SUP: 541
6 11 36 38 41 90 94 97 121 #SUP: 426
6 11 36 38 56 67 90 94 97 #SUP: 576
6 11 36 38 56 71 90 94 97 #SUP: 576
6 11 36 38 56 90 94 97 120 #SUP: 504
6 11 36 38 56 90 94 97 128 #SUP: 528
6 11 36 38 67 71 90 94 97 #SUP: 568
6 11 36 38 67 90 94 97 128 #SUP: 504
6 12 24 36 56 90 94 97 100 #SUP: 544
6 12 36 56 79 88 90 94 97 #SUP: 496
6 13 36 38 56 67 90 94 97 #SUP: 432
6 13 36 38 56 71 90 94 97 #SUP: 432
6 13 36 38 56 90 94 97 120 #SUP: 432
6 13 36 38 67 71 90 94 97 #SUP: 440
6 16 36 38 41 57 90 94 97 #SUP: 660
6 16 36 41 56 67 90 94 97 #SUP: 440
6 16 36 41 56 71 90 94 97 #SUP: 440
6 20 36 38 56 67 90 94 97 #SUP: 432
6 20 36 38 56 71 90 94 97 #SUP: 432
6 20 36 38 56 90 94 97 120 #SUP: 432
6 23 36 38 41 57 90 94 104 #SUP: 1060
6 23 36 38 41 67 71 90 94 #SUP: 1016
6 23 36 38 41 67 79 90 94 #SUP: 540
6 23 36 38 41 67 88 90 94 #SUP: 540
6 23 36 38 41 67 90 94 104 #SUP: 1084
6 23 36 38 41 71 79 90 94 #SUP: 444
6 23 36 38 41 71 88 90 94 #SUP: 444
6 23 36 38 41 79 90 94 104 #SUP: 580
6 23 36 38 41 88 90 94 104 #SUP: 580
6 23 36 38 41 90 94 97 104 #SUP: 1104
6 23 36 38 67 71 79 90 94 #SUP: 536
6 23 36 38 67 71 88 90 94 #SUP: 536
6 23 36 38 67 71 90 94 104 #SUP: 1080
6 23 36 38 67 79 88 90 94 #SUP: 460
6 23 36 38 67 79 90 94 104 #SUP: 636
6 23 36 38 67 88 90 94 104 #SUP: 636
6 23 36 38 67 90 94 97 104 #SUP: 1160
6 23 36 38 67 90 94 104 120 #SUP: 576
6 23 36 38 71 79 90 94 104 #SUP: 540
6 23 36 38 71 88 90 94 104 #SUP: 540
6 23 36 38 71 90 94 97 104 #SUP: 1064
6 23 36 38 71 90 94 104 120 #SUP: 576
6 23 36 38 79 88 90 94 104 #SUP: 516
6 23 36 38 79 90 94 97 104 #SUP: 656
6 23 36 38 88 90 94 97 104 #SUP: 656
6 23 36 38 90 94 97 104 120 #SUP: 568
6 23 36 56 57 90 94 97 104 #SUP: 1056
6 23 36 57 67 71 90 94 104 #SUP: 1002
6 23 36 57 67 79 90 94 104 #SUP: 462
6 23 36 57 67 88 90 94 104 #SUP: 462
6 23 36 57 67 90 94 97 104 #SUP: 986
6 23 36 57 67 90 94 104 120 #SUP: 560
6 23 36 57 71 79 90 94 104 #SUP: 462
6 23 36 57 71 88 90 94 104 #SUP: 462
6 23 36 57 71 90 94 97 104 #SUP: 986
6 23 36 57 71 90 94 104 120 #SUP: 560
6 23 36 57 79 90 94 97 104 #SUP: 482
6 23 36 57 88 90 94 97 104 #SUP: 482
6 23 36 67 71 79 90 94 104 #SUP: 554
6 23 36 67 71 88 90 94 104 #SUP: 554
6 23 36 67 71 90 94 97 104 #SUP: 1078
6 23 36 67 71 90 94 104 120 #SUP: 606
6 23 36 67 79 88 90 94 104 #SUP: 494
6 23 36 67 79 90 94 97 104 #SUP: 634
6 23 36 67 88 90 94 97 104 #SUP: 634
6 23 36 67 90 94 97 104 108 #SUP: 568
6 23 36 67 90 94 97 104 120 #SUP: 580
6 23 36 71 79 90 94 97 104 #SUP: 538
6 23 36 71 88 90 94 97 104 #SUP: 538
6 23 36 71 90 94 97 104 120 #SUP: 580
6 23 36 79 88 90 94 97 104 #SUP: 514
6 24 31 36 79 90 94 97 100 #SUP: 544
6 24 36 38 41 55 57 90 94 #SUP: 652
6 24 36 38 42 63 90 94 97 #SUP: 608
6 24 36 38 42 90 94 97 120 #SUP: 612
6 24 36 38 55 90 94 97 110 #SUP: 672
6 24 36 56 67 90 94 97 100 #SUP: 544
6 24 36 56 71 90 94 97 100 #SUP: 544
6 24 36 56 79 90 94 97 100 #SUP: 800
6 24 36 56 88 90 94 97 100 #SUP: 800
6 31 36 38 41 57 90 94 104 #SUP: 920
6 31 36 38 67 71 90 94 104 #SUP: 948
6 31 36 38 90 94 97 120 128 #SUP: 452
6 31 36 39 79 88 90 94 97 #SUP: 514
6 31 36 41 67 71 79 90 94 #SUP: 500
6 31 36 41 67 71 88 90 94 #SUP: 500
6 31 36 41 79 88 90 94 122 #SUP: 530
6 31 36 57 67 71 90 94 97 #SUP: 872
6 31 36 57 67 71 90 94 120 #SUP: 482
6 31 36 67 71 79 90 94 97 #SUP: 456
6 31 36 67 71 88 90 94 97 #SUP: 450
6 31 36 67 71 90 94 97 104 #SUP: 898
6 31 38 41 67 71 90 104 120 #SUP: 500
6 36 38 41 50 57 90 94 97 #SUP: 480
6 36 38 41 57 77 90 94 97 #SUP: 504
6 36 38 41 57 86 90 94 97 #SUP: 504
6 36 38 41 57 90 94 97 120 #SUP: 828
6 36 38 41 57 90 94 97 121 #SUP: 756
6 36 38 41 57 90 94 97 128 #SUP: 1080
6 36 38 41 57 90 94 121 128 #SUP: 542
6 36 38 56 67 71 90 94 97 #SUP: 1044
6 36 38 56 67 77 90 94 97 #SUP: 432
6 36 38 56 67 79 90 94 97 #SUP: 504
6 36 38 56 67 86 90 94 97 #SUP: 432
6 36 38 56 67 88 90 94 97 #SUP: 504
6 36 38 56 67 90 94 97 120 #SUP: 756
6 36 38 56 67 90 94 97 128 #SUP: 960
6 36 38 56 71 77 90 94 97 #SUP: 432
6 36 38 56 71 79 90 94 97 #SUP: 504
6 36 38 56 71 86 90 94 97 #SUP: 432
6 36 38 56 71 88 90 94 97 #SUP: 504
6 36 38 56 71 90 94 97 120 #SUP: 756
6 36 38 56 71 90 94 97 128 #SUP: 960
6 36 38 56 77 90 94 97 120 #SUP: 432
6 36 38 56 79 90 94 97 120 #SUP: 504
6 36 38 56 86 90 94 97 120 #SUP: 432
6 36 38 56 88 90 94 97 120 #SUP: 504
6 36 38 56 90 94 97 120 128 #SUP: 624
6 36 38 67 71 79 90 94 97 #SUP: 556
6 36 38 67 71 79 90 94 104 #SUP: 536
6 36 38 67 71 88 90 94 97 #SUP: 556
6 36 38 67 71 88 90 94 104 #SUP: 536
6 36 38 67 71 90 94 97 104 #SUP: 1060
6 36 38 67 71 90 94 97 120 #SUP: 674
6 36 38 67 71 90 94 104 120 #SUP: 574
6 36 38 67 79 88 90 94 97 #SUP: 520
6 36 38 67 79 88 90 94 104 #SUP: 476
6 36 38 67 79 90 94 97 104 #SUP: 616
6 36 38 67 88 90 94 97 104 #SUP: 616
6 36 38 67 90 94 97 104 107 #SUP: 560
6 36 38 67 90 94 97 104 108 #SUP: 560
6 36 38 67 90 94 97 104 120 #SUP: 548
6 36 38 67 90 94 97 120 128 #SUP: 540
6 36 38 71 79 90 94 97 104 #SUP: 520
6 36 38 71 88 90 94 97 104 #SUP: 520
6 36 38 71 90 94 97 104 120 #SUP: 548
6 36 38 79 88 90 94 97 104 #SUP: 496
6 36 41 56 67 71 90 94 97 #SUP: 1028
6 36 41 56 67 79 90 94 97 #SUP: 616
6 36 41 56 67 88 90 94 97 #SUP: 616
6 36 41 56 71 79 90 94 97 #SUP: 616
6 36 41 56 71 88 90 94 97 #SUP: 616
6 36 41 56 79 88 90 94 97 #SUP: 752
6 36 41 67 79 88 90 94 97 #SUP: 520
6 36 41 79 88 90 94 97 122 #SUP: 632
6 36 56 67 71 79 90 94 97 #SUP: 572
6 36 56 67 71 88 90 94 97 #SUP: 572
6 36 56 67 71 90 94 97 120 #SUP: 642
6 36 56 67 71 90 94 97 128 #SUP: 960
6 36 56 67 79 88 90 94 97 #SUP: 544
6 36 56 67 90 94 97 120 128 #SUP: 576
6 36 56 71 79 88 90 94 97 #SUP: 544
6 36 56 71 90 94 97 120 128 #SUP: 576
6 36 57 67 71 90 94 97 120 #SUP: 504
6 36 60 79 88 90 94 97 122 #SUP: 576
6 36 67 71 79 88 90 94 97 #SUP: 506
6 36 67 71 79 90 94 97 104 #SUP: 534
6 36 67 71 88 90 94 97 104 #SUP: 534
6 36 67 71 90 94 97 104 108 #SUP: 536
6 36 67 71 90 94 97 104 120 #SUP: 578
6 36 67 79 88 90 94 97 104 #SUP: 474
6 38 41 67 71 90 97 104 120 #SUP: 474
9 16 36 38 41 57 90 94 97 #SUP: 612
9 24 31 36 79 90 94 97 100 #SUP: 564
9 24 36 39 79 88 90 94 97 #SUP: 560
9 24 36 41 55 66 70 90 94 #SUP: 684
9 24 36 67 79 88 90 94 97 #SUP: 448
9 24 36 71 79 88 90 94 97 #SUP: 448
9 31 36 38 90 94 97 120 128 #SUP: 448
9 36 38 41 50 57 90 94 97 #SUP: 432
9 36 38 41 57 77 90 94 97 #SUP: 504
9 36 38 41 57 86 90 94 97 #SUP: 504
9 36 38 41 57 90 94 97 120 #SUP: 756
9 36 38 41 57 90 94 97 121 #SUP: 756
9 36 38 41 57 90 94 97 128 #SUP: 1080
9 36 38 57 90 94 97 120 128 #SUP: 564
9 36 38 67 71 90 94 97 104 #SUP: 1008
9 36 57 67 71 79 90 94 97 #SUP: 441
9 36 57 67 71 90 94 97 120 #SUP: 537
9 36 67 71 79 88 90 94 97 #SUP: 464
9 36 67 71 79 90 94 97 104 #SUP: 528
9 36 67 71 88 90 94 97 104 #SUP: 528
9 36 67 71 90 94 97 104 107 #SUP: 528
9 36 67 71 90 94 97 104 108 #SUP: 552
9 36 67 71 90 94 97 104 120 #SUP: 576
11 13 23 36 38 67 90 94 104 #SUP: 452
11 13 36 38 56 67 90 94 97 #SUP: 504
11 13 36 38 56 71 90 94 97 #SUP: 504
11 13 36 38 56 90 94 97 120 #SUP: 576
11 13 36 38 56 90 94 97 128 #SUP: 432
11 13 36 38 63 90 94 100 114 #SUP: 464
11 13 36 38 67 71 90 94 97 #SUP: 460
11 16 36 38 41 57 90 94 97 #SUP: 612
11 20 36 38 56 67 90 94 97 #SUP: 504
11 20 36 38 56 71 90 94 97 #SUP: 504
11 20 36 38 56 90 94 97 120 #SUP: 576
11 20 36 38 56 90 94 97 128 #SUP: 432
11 20 36 38 63 90 94 100 114 #SUP: 456
11 22 36 38 41 55 90 94 97 #SUP: 548
11 23 36 38 41 55 67 90 94 #SUP: 596
11 23 36 38 41 67 71 90 94 #SUP: 1268
11 23 36 38 41 67 79 90 94 #SUP: 836
11 23 36 38 41 67 88 90 94 #SUP: 836
11 23 36 38 41 67 90 94 104 #SUP: 1364
11 23 36 38 55 67 71 90 94 #SUP: 532
11 23 36 38 55 67 79 90 94 #SUP: 676
11 23 36 38 55 67 88 90 94 #SUP: 676
11 23 36 38 67 71 79 90 94 #SUP: 772
11 23 36 38 67 71 88 90 94 #SUP: 772
11 23 36 38 67 71 90 94 104 #SUP: 1300
11 23 36 38 67 79 88 90 94 #SUP: 748
11 23 36 38 67 79 90 94 104 #SUP: 916
11 23 36 38 67 88 90 94 104 #SUP: 916
11 23 36 38 67 90 94 97 104 #SUP: 1440
11 23 36 55 67 71 79 90 94 #SUP: 488
11 23 36 55 67 71 88 90 94 #SUP: 488
11 23 36 55 67 79 88 90 94 #SUP: 656
11 23 36 67 71 79 88 90 94 #SUP: 560
11 23 36 67 71 79 90 94 104 #SUP: 728
11 23 36 67 71 88 90 94 104 #SUP: 728
11 23 36 67 71 90 94 97 104 #SUP: 1252
11 23 36 67 79 88 90 94 104 #SUP: 728
11 23 36 67 79 90 94 97 104 #SUP: 868
11 23 36 67 88 90 94 97 104 #SUP: 868
11 24 36 38 41 55 57 90 94 #SUP: 656
11 24 36 38 42 63 90 94 97 #SUP: 928
11 24 36 38 55 90 94 97 110 #SUP: 696
11 24 36 38 90 94 97 120 128 #SUP: 436
11 24 36 42 67 90 94 97 120 #SUP: 474
11 24 36 42 79 90 94 97 120 #SUP: 508
11 31 36 38 41 57 90 94 104 #SUP: 924
11 31 36 38 90 94 97 120 128 #SUP: 472
11 31 36 57 67 71 90 94 97 #SUP: 877
11 31 36 57 67 71 90 94 120 #SUP: 485
11 36 38 41 50 57 90 94 97 #SUP: 432
11 36 38 41 55 90 94 97 122 #SUP: 440
11 36 38 41 57 77 90 94 97 #SUP: 504
11 36 38 41 57 86 90 94 97 #SUP: 504
11 36 38 41 57 90 94 97 120 #SUP: 756
11 36 38 41 57 90 94 97 121 #SUP: 756
11 36 38 41 57 90 94 97 128 #SUP: 1080
11 36 38 41 57 90 94 121 128 #SUP: 544
11 36 38 42 67 90 94 97 120 #SUP: 520
11 36 38 42 79 90 94 97 120 #SUP: 536
11 36 38 42 88 90 94 97 120 #SUP: 520
11 36 38 55 67 79 88 90 94 #SUP: 700
11 36 38 56 67 71 90 94 97 #SUP: 1080
11 36 38 56 67 77 90 94 97 #SUP: 504
11 36 38 56 67 79 90 94 97 #SUP: 504
11 36 38 56 67 86 90 94 97 #SUP: 504
11 36 38 56 67 88 90 94 97 #SUP: 504
11 36 38 56 67 90 94 97 120 #SUP: 864
11 36 38 56 67 90 94 97 128 #SUP: 1008
11 36 38 56 71 77 90 94 97 #SUP: 504
11 36 38 56 71 79 90 94 97 #SUP: 504
11 36 38 56 71 86 90 94 97 #SUP: 504
11 36 38 56 71 88 90 94 97 #SUP: 504
11 36 38 56 71 90 94 97 120 #SUP: 864
11 36 38 56 71 90 94 97 128 #SUP: 1008
11 36 38 56 77 90 94 97 120 #SUP: 576
11 36 38 56 77 90 94 97 128 #SUP: 432
11 36 38 56 79 90 94 97 120 #SUP: 576
11 36 38 56 79 90 94 97 128 #SUP: 432
11 36 38 56 86 90 94 97 120 #SUP: 576
11 36 38 56 86 90 94 97 128 #SUP: 432
11 36 38 56 88 90 94 97 120 #SUP: 576
11 36 38 56 88 90 94 97 128 #SUP: 432
11 36 38 56 90 94 97 120 128 #SUP: 720
11 36 38 63 67 90 94 100 114 #SUP: 528
11 36 38 63 71 90 94 100 114 #SUP: 528
11 36 38 63 79 90 94 100 114 #SUP: 496
11 36 38 63 88 90 94 100 114 #SUP: 480
11 36 38 67 71 79 88 90 94 #SUP: 610
11 36 38 67 71 79 90 94 97 #SUP: 780
11 36 38 67 71 88 90 94 97 #SUP: 780
11 36 38 67 71 90 94 97 120 #SUP: 712
11 36 38 67 79 88 90 94 97 #SUP: 828
11 36 38 67 79 90 94 97 120 #SUP: 448
11 36 38 67 88 90 94 97 120 #SUP: 448
11 36 38 67 90 94 97 120 128 #SUP: 600
11 36 38 71 79 88 90 94 97 #SUP: 588
11 36 38 71 79 90 94 97 120 #SUP: 424
11 36 38 71 88 90 94 97 120 #SUP: 424
11 36 55 67 79 88 90 94 97 #SUP: 628
11 36 67 71 79 88 90 94 97 #SUP: 538
12 13 24 36 56 90 94 97 100 #SUP: 560
12 13 36 38 63 90 94 100 114 #SUP: 456
12 20 36 38 63 90 94 100 114 #SUP: 456
12 23 36 38 41 67 71 90 94 #SUP: 476
12 23 36 38 41 67 79 90 94 #SUP: 500
12 23 36 38 41 67 88 90 94 #SUP: 500
12 23 36 38 41 71 79 90 94 #SUP: 500
12 23 36 38 41 71 88 90 94 #SUP: 500
12 23 36 38 41 79 88 90 94 #SUP: 620
12 23 36 38 55 67 71 90 94 #SUP: 532
12 23 36 38 67 71 79 90 94 #SUP: 556
12 23 36 38 67 71 88 90 94 #SUP: 556
12 23 36 38 67 79 88 90 94 #SUP: 604
12 23 36 38 71 79 88 90 94 #SUP: 604
12 23 36 38 79 88 90 94 104 #SUP: 724
12 23 36 67 71 79 88 90 94 #SUP: 580
12 23 36 67 79 88 90 94 104 #SUP: 628
12 23 36 71 79 88 90 94 104 #SUP: 628
12 23 36 79 88 90 94 97 104 #SUP: 720
12 24 36 39 79 88 90 94 97 #SUP: 560
12 24 36 56 67 90 94 97 100 #SUP: 688
12 24 36 56 71 90 94 97 100 #SUP: 688
12 24 36 56 79 90 94 97 100 #SUP: 944
12 24 36 56 88 90 94 97 100 #SUP: 944
12 24 36 67 79 88 90 94 97 #SUP: 460
12 24 36 71 79 88 90 94 97 #SUP: 460
12 31 36 41 79 88 90 94 122 #SUP: 674
12 36 38 55 67 71 79 90 94 #SUP: 532
12 36 38 55 67 71 88 90 94 #SUP: 532
12 36 38 63 67 90 94 100 114 #SUP: 528
12 36 38 63 71 90 94 100 114 #SUP: 528
12 36 38 63 79 90 94 100 114 #SUP: 480
12 36 38 63 88 90 94 100 114 #SUP: 480
12 36 38 67 71 79 88 90 94 #SUP: 634
12 36 38 67 71 79 90 94 97 #SUP: 612
12 36 38 67 71 88 90 94 97 #SUP: 612
12 36 38 67 79 88 90 94 97 #SUP: 684
12 36 38 67 79 88 90 94 104 #SUP: 628
12 36 38 71 79 88 90 94 97 #SUP: 684
12 36 38 71 79 88 90 94 104 #SUP: 628
12 36 38 79 88 90 94 97 104 #SUP: 720
12 36 41 55 79 88 90 94 104 #SUP: 452
12 36 41 56 79 88 90 94 97 #SUP: 800
12 36 41 67 71 79 88 90 94 #SUP: 568
12 36 41 67 79 88 90 94 97 #SUP: 656
12 36 41 67 79 88 90 94 104 #SUP: 524
12 36 41 67 79 88 90 94 122 #SUP: 546
12 36 41 71 79 88 90 94 97 #SUP: 656
12 36 41 71 79 88 90 94 104 #SUP: 524
12 36 41 71 79 88 90 94 122 #SUP: 546
12 36 41 79 88 90 94 97 119 #SUP: 528
12 36 41 79 88 90 94 97 122 #SUP: 784
12 36 41 79 88 90 94 104 122 #SUP: 434
12 36 41 79 88 90 94 119 122 #SUP: 464
12 36 42 56 67 90 94 97 120 #SUP: 480
12 36 42 56 71 90 94 97 120 #SUP: 480
12 36 42 56 79 90 94 97 120 #SUP: 480
12 36 42 56 88 90 94 97 120 #SUP: 480
12 36 55 67 71 79 88 90 94 #SUP: 592
12 36 55 67 79 88 90 94 104 #SUP: 604
12 36 55 71 79 88 90 94 104 #SUP: 604
12 36 56 67 79 88 90 94 97 #SUP: 556
12 36 56 71 79 88 90 94 97 #SUP: 556
12 36 57 79 88 90 94 97 104 #SUP: 432
12 36 60 79 88 90 94 97 122 #SUP: 576
12 36 67 71 79 88 90 94 97 #SUP: 782
12 36 67 71 79 88 90 94 104 #SUP: 688
12 36 67 79 88 90 94 97 104 #SUP: 672
12 36 67 79 88 90 94 97 119 #SUP: 440
12 36 67 79 88 90 94 97 122 #SUP: 520
12 36 71 79 88 90 94 97 104 #SUP: 672
12 36 71 79 88 90 94 97 119 #SUP: 440
12 36 71 79 88 90 94 97 122 #SUP: 520
12 36 79 88 90 94 97 119 122 #SUP: 424
13 23 36 38 67 71 90 94 104 #SUP: 712
13 23 36 38 67 79 90 94 104 #SUP: 424
13 23 36 38 67 88 90 94 104 #SUP: 424
13 23 36 38 67 90 94 97 104 #SUP: 800
13 24 36 38 42 67 90 94 97 #SUP: 480
13 24 36 38 42 71 90 94 97 #SUP: 480
13 24 36 38 42 79 90 94 97 #SUP: 496
13 24 36 38 42 88 90 94 97 #SUP: 480
13 24 36 38 42 90 94 97 120 #SUP: 904
13 24 36 42 67 90 94 97 120 #SUP: 480
13 24 36 42 71 90 94 97 120 #SUP: 480
13 24 36 42 79 90 94 97 120 #SUP: 520
13 24 36 56 67 90 94 97 100 #SUP: 560
13 24 36 56 71 90 94 97 100 #SUP: 560
13 24 36 56 79 90 94 97 100 #SUP: 688
13 24 36 56 88 90 94 97 100 #SUP: 688
13 36 38 42 67 90 94 97 120 #SUP: 520
13 36 38 42 71 90 94 97 120 #SUP: 520
13 36 38 42 79 90 94 97 120 #SUP: 536
13 36 38 42 88 90 94 97 120 #SUP: 520
13 36 38 56 67 71 90 94 97 #SUP: 792
13 36 38 56 67 90 94 97 120 #SUP: 720
13 36 38 56 67 90 94 97 128 #SUP: 720
13 36 38 56 71 90 94 97 120 #SUP: 720
13 36 38 56 71 90 94 97 128 #SUP: 720
13 36 38 56 77 90 94 97 120 #SUP: 528
13 36 38 56 79 90 94 97 120 #SUP: 528
13 36 38 56 86 90 94 97 120 #SUP: 528
13 36 38 56 88 90 94 97 120 #SUP: 528
13 36 38 56 90 94 97 120 128 #SUP: 576
13 36 38 63 67 90 94 100 114 #SUP: 480
13 36 38 63 71 90 94 100 114 #SUP: 480
13 36 38 63 79 90 94 100 114 #SUP: 472
13 36 38 63 88 90 94 100 114 #SUP: 456
13 36 38 67 71 79 90 94 97 #SUP: 476
13 36 38 67 71 88 90 94 97 #SUP: 476
13 36 38 67 71 90 94 97 104 #SUP: 752
13 36 38 67 71 90 94 97 120 #SUP: 592
13 36 38 67 79 88 90 94 97 #SUP: 444
13 36 38 67 79 90 94 97 104 #SUP: 464
13 36 38 67 88 90 94 97 104 #SUP: 464
13 36 38 67 90 94 97 104 107 #SUP: 424
13 36 38 67 90 94 97 104 108 #SUP: 424
16 23 36 38 41 57 90 94 104 #SUP: 680
16 24 36 39 79 88 90 94 97 #SUP: 544
16 24 36 41 55 66 70 90 94 #SUP: 684
16 36 38 41 57 90 94 97 120 #SUP: 660
16 36 38 41 57 90 94 97 121 #SUP: 612
16 36 38 41 57 90 94 97 128 #SUP: 792
16 36 38 57 67 71 90 94 104 #SUP: 640
16 36 38 57 67 90 94 97 104 #SUP: 656
16 36 38 57 71 90 94 97 104 #SUP: 656
16 36 38 67 71 90 94 97 104 #SUP: 680
16 36 41 56 67 71 90 94 97 #SUP: 728
16 36 41 56 67 79 90 94 97 #SUP: 496
16 36 41 56 67 88 90 94 97 #SUP: 496
16 36 41 56 71 79 90 94 97 #SUP: 496
16 36 41 56 71 88 90 94 97 #SUP: 496
16 36 41 56 79 88 90 94 97 #SUP: 672
16 36 57 67 71 90 94 97 104 #SUP: 664
20 36 38 56 67 71 90 94 97 #SUP: 792
20 36 38 56 67 90 94 97 120 #SUP: 720
20 36 38 56 67 90 94 97 128 #SUP: 720
20 36 38 56 71 90 94 97 120 #SUP: 720
20 36 38 56 71 90 94 97 128 #SUP: 720
20 36 38 56 77 90 94 97 120 #SUP: 528
20 36 38 56 79 90 94 97 120 #SUP: 528
20 36 38 56 86 90 94 97 120 #SUP: 528
20 36 38 56 88 90 94 97 120 #SUP: 528
20 36 38 56 90 94 97 120 128 #SUP: 576
20 36 38 63 67 90 94 100 114 #SUP: 480
20 36 38 63 71 90 94 100 114 #SUP: 480
20 36 38 63 79 90 94 100 114 #SUP: 456
20 36 38 63 88 90 94 100 114 #SUP: 456
21 23 36 38 79 88 90 94 104 #SUP: 504
21 23 36 67 79 88 90 94 104 #SUP: 512
21 23 36 71 79 88 90 94 104 #SUP: 512
21 23 36 79 88 90 94 97 104 #SUP: 536
21 36 38 55 67 79 88 90 94 #SUP: 456
21 36 38 67 79 88 90 94 97 #SUP: 480
21 36 38 67 79 88 90 94 104 #SUP: 488
21 36 38 71 79 88 90 94 104 #SUP: 488
21 36 38 79 88 90 94 97 104 #SUP: 512
21 36 41 55 79 88 90 94 104 #SUP: 424
21 36 41 67 79 88 90 94 97 #SUP: 432
21 36 41 71 79 88 90 94 97 #SUP: 432
21 36 41 79 88 90 94 97 122 #SUP: 432
21 36 55 67 79 88 90 94 97 #SUP: 472
21 36 55 67 79 88 90 94 104 #SUP: 552
21 36 55 71 79 88 90 94 104 #SUP: 552
21 36 67 71 79 88 90 94 97 #SUP: 592
21 36 67 71 79 88 90 94 104 #SUP: 588
21 36 67 79 88 90 94 97 104 #SUP: 552
21 36 71 79 88 90 94 97 104 #SUP: 552
23 31 36 38 41 67 71 90 94 #SUP: 2024
23 31 36 57 67 71 90 94 104 #SUP: 1840
23 36 38 41 50 90 94 97 104 #SUP: 592
23 36 38 41 53 57 90 94 104 #SUP: 584
23 36 38 41 53 67 71 90 94 #SUP: 736
23 36 38 41 53 67 79 90 94 #SUP: 488
23 36 38 41 53 67 88 90 94 #SUP: 488
23 36 38 41 53 67 90 94 104 #SUP: 728
23 36 38 41 53 71 79 90 94 #SUP: 424
23 36 38 41 53 71 88 90 94 #SUP: 424
23 36 38 41 53 71 90 94 104 #SUP: 664
23 36 38 41 53 79 90 94 104 #SUP: 488
23 36 38 41 53 88 90 94 104 #SUP: 488
23 36 38 41 53 90 94 97 104 #SUP: 720
23 36 38 41 55 67 71 90 94 #SUP: 808
23 36 38 41 55 67 79 90 94 #SUP: 904
23 36 38 41 55 67 88 90 94 #SUP: 904
23 36 38 41 57 67 90 94 104 #SUP: 1976
23 36 38 41 57 71 90 94 104 #SUP: 1976
23 36 38 41 57 79 90 94 104 #SUP: 968
23 36 38 41 57 88 90 94 104 #SUP: 968
23 36 38 41 57 90 94 104 120 #SUP: 1096
23 36 38 41 67 71 79 90 94 #SUP: 1360
23 36 38 41 67 71 88 90 94 #SUP: 1360
23 36 38 41 67 71 90 94 104 #SUP: 2416
23 36 38 41 67 79 88 90 94 #SUP: 1192
23 36 38 41 67 79 90 94 104 #SUP: 1528
23 36 38 41 67 88 90 94 104 #SUP: 1528
23 36 38 41 67 90 94 97 104 #SUP: 2576
23 36 38 41 71 79 88 90 94 #SUP: 1000
23 36 38 41 71 79 90 94 104 #SUP: 1336
23 36 38 41 71 88 90 94 104 #SUP: 1336
23 36 38 41 71 90 94 97 104 #SUP: 2384
23 36 38 41 79 88 90 94 104 #SUP: 1288
23 36 38 41 79 90 94 97 104 #SUP: 1568
23 36 38 41 88 90 94 97 104 #SUP: 1568
23 36 38 44 67 90 94 97 104 #SUP: 688
23 36 38 50 67 90 94 97 104 #SUP: 608
23 36 38 50 71 90 94 97 104 #SUP: 544
23 36 38 53 67 71 79 90 94 #SUP: 464
23 36 38 53 67 71 88 90 94 #SUP: 464
23 36 38 53 67 71 90 94 104 #SUP: 704
23 36 38 53 67 79 88 90 94 #SUP: 432
23 36 38 53 67 79 90 94 104 #SUP: 504
23 36 38 53 67 88 90 94 104 #SUP: 504
23 36 38 53 67 90 94 97 104 #SUP: 736
23 36 38 53 71 79 90 94 104 #SUP: 440
23 36 38 53 71 88 90 94 104 #SUP: 440
23 36 38 53 71 90 94 97 104 #SUP: 672
23 36 38 53 79 88 90 94 104 #SUP: 456
23 36 38 53 79 90 94 97 104 #SUP: 496
23 36 38 53 88 90 94 97 104 #SUP: 496
23 36 38 55 67 71 79 90 94 #SUP: 968
23 36 38 55 67 71 88 90 94 #SUP: 968
23 36 38 55 67 79 88 90 94 #SUP: 1112
23 36 38 67 71 79 88 90 94 #SUP: 1184
23 36 38 67 71 79 90 94 104 #SUP: 1520
23 36 38 67 71 88 90 94 104 #SUP: 1520
23 36 38 67 71 90 94 97 104 #SUP: 2568
23 36 38 67 71 90 94 104 120 #SUP: 1116
23 36 38 67 79 88 90 94 104 #SUP: 1400
23 36 38 67 79 90 94 97 104 #SUP: 1680
23 36 38 67 79 90 94 104 120 #SUP: 576
23 36 38 67 88 90 94 97 104 #SUP: 1680
23 36 38 67 88 90 94 104 120 #SUP: 576
23 36 38 67 90 94 97 104 107 #SUP: 1344
23 36 38 67 90 94 97 104 108 #SUP: 1344
23 36 38 67 90 94 97 104 120 #SUP: 1064
23 36 38 71 79 88 90 94 104 #SUP: 1208
23 36 38 71 79 90 94 97 104 #SUP: 1488
23 36 38 71 79 90 94 104 120 #SUP: 576
23 36 38 71 88 90 94 97 104 #SUP: 1488
23 36 38 71 88 90 94 104 120 #SUP: 576
23 36 38 71 90 94 97 104 120 #SUP: 1064
23 36 38 79 88 90 94 97 104 #SUP: 1440
23 36 38 79 88 90 94 104 120 #SUP: 456
23 36 38 79 88 90 94 104 122 #SUP: 660
23 36 38 79 90 94 97 104 120 #SUP: 560
23 36 38 88 90 94 97 104 120 #SUP: 560
23 36 44 67 71 90 94 97 104 #SUP: 656
23 36 44 67 79 90 94 97 104 #SUP: 432
23 36 44 67 88 90 94 97 104 #SUP: 432
23 36 50 56 57 90 94 97 104 #SUP: 560
23 36 50 67 71 90 94 97 104 #SUP: 552
23 36 53 56 57 90 94 97 104 #SUP: 560
23 36 53 57 67 71 90 94 104 #SUP: 552
23 36 53 57 67 90 94 97 104 #SUP: 520
23 36 53 57 71 90 94 97 104 #SUP: 520
23 36 53 67 71 79 90 94 104 #SUP: 456
23 36 53 67 71 88 90 94 104 #SUP: 456
23 36 53 67 71 90 94 97 104 #SUP: 688
23 36 53 67 79 88 90 94 104 #SUP: 448
23 36 53 67 79 90 94 97 104 #SUP: 488
23 36 53 67 88 90 94 97 104 #SUP: 488
23 36 53 71 79 90 94 97 104 #SUP: 424
23 36 53 71 88 90 94 97 104 #SUP: 424
23 36 53 79 88 90 94 97 104 #SUP: 440
23 36 55 67 71 79 88 90 94 #SUP: 928
23 36 55 67 79 88 90 94 104 #SUP: 1072
23 36 56 57 67 90 94 97 104 #SUP: 1968
23 36 56 57 71 90 94 97 104 #SUP: 1968
23 36 56 57 79 90 94 97 104 #SUP: 960
23 36 56 57 88 90 94 97 104 #SUP: 960
23 36 56 57 90 94 97 104 120 #SUP: 1104
23 36 57 67 71 79 90 94 104 #SUP: 856
23 36 57 67 71 88 90 94 104 #SUP: 856
23 36 57 67 71 90 94 97 104 #SUP: 1904
23 36 57 67 71 90 94 104 120 #SUP: 1084
23 36 57 67 79 88 90 94 104 #SUP: 544
23 36 57 67 79 90 94 97 104 #SUP: 824
23 36 57 67 79 90 94 104 120 #SUP: 544
23 36 57 67 88 90 94 97 104 #SUP: 824
23 36 57 67 88 90 94 104 120 #SUP: 544
23 36 57 71 79 88 90 94 104 #SUP: 544
23 36 57 71 79 90 94 97 104 #SUP: 824
23 36 57 71 79 90 94 104 120 #SUP: 544
23 36 57 71 88 90 94 97 104 #SUP: 824
23 36 57 71 88 90 94 104 120 #SUP: 544
23 36 57 79 88 90 94 97 104 #SUP: 584
23 36 57 79 88 90 94 104 120 #SUP: 424
23 36 67 71 79 88 90 94 104 #SUP: 1240
23 36 67 71 79 90 94 97 104 #SUP: 1520
23 36 67 71 79 90 94 104 120 #SUP: 636
23 36 67 71 88 90 94 97 104 #SUP: 1520
23 36 67 71 88 90 94 104 120 #SUP: 636
23 36 67 71 90 94 97 104 108 #SUP: 1296
23 36 67 71 90 94 97 104 120 #SUP: 1124
23 36 67 79 88 90 94 97 104 #SUP: 1400
23 36 67 79 88 90 94 104 120 #SUP: 480
23 36 67 79 90 94 97 104 108 #SUP: 816
23 36 67 79 90 94 97 104 120 #SUP: 584
23 36 67 88 90 94 97 104 108 #SUP: 816
23 36 67 88 90 94 97 104 120 #SUP: 584
23 36 71 79 88 90 94 97 104 #SUP: 1208
23 36 71 79 88 90 94 104 120 #SUP: 480
23 36 71 79 90 94 97 104 120 #SUP: 584
23 36 71 88 90 94 97 104 120 #SUP: 584
23 36 79 88 90 94 97 104 120 #SUP: 464
24 36 38 41 55 57 72 90 94 #SUP: 448
24 36 38 41 55 57 81 90 94 #SUP: 448
24 36 38 41 55 57 90 94 121 #SUP: 664
24 36 38 41 55 57 90 94 125 #SUP: 440
24 36 38 41 55 57 90 94 128 #SUP: 440
24 36 38 42 63 67 90 94 97 #SUP: 912
24 36 38 42 63 79 90 94 97 #SUP: 944
24 36 38 42 63 88 90 94 97 #SUP: 912
24 36 38 42 63 90 94 97 120 #SUP: 1784
24 36 38 42 63 90 94 97 128 #SUP: 656
24 36 38 42 67 71 90 94 97 #SUP: 624
24 36 38 42 67 79 90 94 97 #SUP: 672
24 36 38 42 67 88 90 94 97 #SUP: 672
24 36 38 42 67 90 94 97 120 #SUP: 984
24 36 38 42 67 90 94 97 128 #SUP: 432
24 36 38 42 71 79 90 94 97 #SUP: 624
24 36 38 42 71 88 90 94 97 #SUP: 624
24 36 38 42 71 90 94 97 120 #SUP: 960
24 36 38 42 79 88 90 94 97 #SUP: 672
24 36 38 42 79 90 94 97 120 #SUP: 1016
24 36 38 42 79 90 94 97 128 #SUP: 464
24 36 38 42 88 90 94 97 120 #SUP: 984
24 36 38 42 88 90 94 97 128 #SUP: 432
24 36 38 42 90 94 97 120 128 #SUP: 680
24 36 38 46 55 90 94 97 110 #SUP: 444
24 36 38 50 55 90 94 97 110 #SUP: 444
24 36 38 55 90 94 97 110 120 #SUP: 672
24 36 38 55 90 94 97 110 121 #SUP: 672
24 36 38 55 90 94 97 110 128 #SUP: 480
24 36 39 67 71 79 88 90 94 #SUP: 424
24 36 39 67 79 88 90 94 97 #SUP: 608
24 36 39 71 79 88 90 94 97 #SUP: 608
24 36 39 79 88 90 94 97 107 #SUP: 560
24 36 39 79 88 90 94 97 108 #SUP: 560
24 36 39 79 88 90 94 97 119 #SUP: 560
24 36 41 47 55 66 70 90 94 #SUP: 456
24 36 41 50 55 66 70 90 94 #SUP: 456
24 36 41 55 66 70 90 94 122 #SUP: 504
24 36 42 67 71 79 90 94 97 #SUP: 522
24 36 42 67 71 88 90 94 97 #SUP: 504
24 36 42 67 71 90 94 97 120 #SUP: 594
24 36 42 67 79 88 90 94 97 #SUP: 552
24 36 42 67 79 90 94 97 120 #SUP: 636
24 36 42 67 88 90 94 97 120 #SUP: 600
24 36 42 71 79 88 90 94 97 #SUP: 504
24 36 42 71 79 90 94 97 120 #SUP: 612
24 36 42 71 88 90 94 97 120 #SUP: 576
24 36 42 79 88 90 94 97 120 #SUP: 600
24 36 42 79 90 94 97 120 128 #SUP: 440
24 36 42 90 94 97 100 114 120 #SUP: 1832
24 36 55 67 79 88 90 94 104 #SUP: 432
24 36 55 71 79 88 90 94 104 #SUP: 432
24 36 56 67 71 90 94 97 100 #SUP: 688
24 36 56 67 79 90 94 97 100 #SUP: 944
24 36 56 67 88 90 94 97 100 #SUP: 944
24 36 56 71 79 90 94 97 100 #SUP: 944
24 36 56 71 88 90 94 97 100 #SUP: 944
24 36 56 79 88 90 94 97 100 #SUP: 1456
24 36 67 71 79 88 90 94 97 #SUP: 652
24 36 67 71 79 90 94 97 100 #SUP: 490
31 36 38 41 53 57 90 94 104 #SUP: 504
31 36 38 67 71 79 88 90 94 #SUP: 440
31 36 38 67 71 79 90 94 104 #SUP: 776
31 36 38 67 71 88 90 94 104 #SUP: 776
31 36 38 67 71 90 94 104 120 #SUP: 1000
31 36 39 67 79 88 90 94 97 #SUP: 520
31 36 39 71 79 88 90 94 97 #SUP: 520
31 36 41 53 67 71 90 94 104 #SUP: 512
31 36 41 55 79 88 90 94 98 #SUP: 440
31 36 41 67 71 79 88 90 94 #SUP: 672
31 36 41 67 71 79 90 94 104 #SUP: 752
31 36 41 67 71 88 90 94 104 #SUP: 752
31 36 41 67 79 88 90 94 104 #SUP: 440
31 36 41 67 79 88 90 94 122 #SUP: 692
31 36 41 71 79 88 90 94 104 #SUP: 440
31 36 41 71 79 88 90 94 122 #SUP: 692
31 36 53 57 67 71 90 94 97 #SUP: 458
31 36 57 67 71 79 90 94 97 #SUP: 602
31 36 67 71 79 88 90 94 97 #SUP: 552
31 36 67 71 79 88 90 94 104 #SUP: 472
31 36 67 71 79 90 94 97 104 #SUP: 680
31 36 67 71 88 90 94 97 104 #SUP: 680
36 38 41 50 57 90 94 97 120 #SUP: 480
36 38 41 50 57 90 94 97 121 #SUP: 432
36 38 41 50 57 90 94 97 128 #SUP: 576
36 38 41 57 77 90 94 97 120 #SUP: 504
36 38 41 57 77 90 94 97 121 #SUP: 504
36 38 41 57 77 90 94 97 128 #SUP: 720
36 38 41 57 86 90 94 97 120 #SUP: 504
36 38 41 57 86 90 94 97 121 #SUP: 504
36 38 41 57 86 90 94 97 128 #SUP: 720
36 38 41 57 90 94 97 120 128 #SUP: 1080
36 38 41 57 90 94 97 121 128 #SUP: 1080
36 38 42 67 71 79 90 94 97 #SUP: 664
36 38 42 67 71 88 90 94 97 #SUP: 664
36 38 42 67 71 90 94 97 120 #SUP: 656
36 38 42 67 79 88 90 94 97 #SUP: 712
36 38 42 67 79 90 94 97 120 #SUP: 680
36 38 42 67 88 90 94 97 120 #SUP: 680
36 38 42 71 79 88 90 94 97 #SUP: 664
36 38 42 71 79 90 94 97 120 #SUP: 656
36 38 42 71 88 90 94 97 120 #SUP: 656
36 38 42 79 88 90 94 97 120 #SUP: 680
36 38 44 67 71 90 94 97 104 #SUP: 672
36 38 44 67 79 90 94 97 104 #SUP: 448
36 38 44 67 88 90 94 97 104 #SUP: 448
36 38 50 57 67 90 94 97 104 #SUP: 504
36 38 50 57 71 90 94 97 104 #SUP: 504
36 38 50 67 71 90 94 97 104 #SUP: 568
36 38 55 67 71 79 88 90 94 #SUP: 1112
36 38 55 67 79 88 90 94 97 #SUP: 1200
36 38 55 67 79 88 90 94 104 #SUP: 1256
36 38 56 67 71 77 90 94 97 #SUP: 792
36 38 56 67 71 79 90 94 97 #SUP: 864
36 38 56 67 71 86 90 94 97 #SUP: 792
36 38 56 67 71 88 90 94 97 #SUP: 864
36 38 56 67 71 90 94 97 120 #SUP: 1332
36 38 56 67 71 90 94 97 128 #SUP: 1872
36 38 56 67 77 90 94 97 120 #SUP: 720
36 38 56 67 77 90 94 97 128 #SUP: 720
36 38 56 67 79 88 90 94 97 #SUP: 552
36 38 56 67 79 90 94 97 120 #SUP: 792
36 38 56 67 79 90 94 97 128 #SUP: 720
36 38 56 67 86 90 94 97 120 #SUP: 720
36 38 56 67 86 90 94 97 128 #SUP: 720
36 38 56 67 88 90 94 97 120 #SUP: 792
36 38 56 67 88 90 94 97 128 #SUP: 720
36 38 56 67 90 94 97 120 128 #SUP: 1152
36 38 56 71 77 90 94 97 120 #SUP: 720
36 38 56 71 77 90 94 97 128 #SUP: 720
36 38 56 71 79 88 90 94 97 #SUP: 552
36 38 56 71 79 90 94 97 120 #SUP: 792
36 38 56 71 79 90 94 97 128 #SUP: 720
36 38 56 71 86 90 94 97 120 #SUP: 720
36 38 56 71 86 90 94 97 128 #SUP: 720
36 38 56 71 88 90 94 97 120 #SUP: 792
36 38 56 71 88 90 94 97 128 #SUP: 720
36 38 56 71 90 94 97 120 128 #SUP: 1152
36 38 56 77 86 90 94 97 120 #SUP: 528
36 38 56 77 88 90 94 97 120 #SUP: 528
36 38 56 77 90 94 97 120 128 #SUP: 576
36 38 56 79 86 90 94 97 120 #SUP: 528
36 38 56 79 88 90 94 97 120 #SUP: 672
36 38 56 79 90 94 97 120 128 #SUP: 576
36 38 56 86 90 94 97 120 128 #SUP: 576
36 38 56 88 90 94 97 120 128 #SUP: 576
36 38 57 67 71 79 90 94 104 #SUP: 848
36 38 57 67 71 88 90 94 104 #SUP: 848
36 38 57 67 71 90 94 97 104 #SUP: 1896
36 38 57 67 71 90 94 104 120 #SUP: 1036
36 38 57 67 79 88 90 94 104 #SUP: 536
36 38 57 67 79 90 94 97 104 #SUP: 816
36 38 57 67 79 90 94 104 120 #SUP: 496
36 38 57 67 88 90 94 97 104 #SUP: 816
36 38 57 67 88 90 94 104 120 #SUP: 496
36 38 57 67 90 94 97 104 120 #SUP: 984
36 38 57 71 79 88 90 94 104 #SUP: 536
36 38 57 71 79 90 94 97 104 #SUP: 816
36 38 57 71 79 90 94 104 120 #SUP: 496
36 38 57 71 88 90 94 97 104 #SUP: 816
36 38 57 71 88 90 94 104 120 #SUP: 496
36 38 57 71 90 94 97 104 120 #SUP: 984
36 38 57 79 88 90 94 97 104 #SUP: 576
36 38 57 79 90 94 97 104 120 #SUP: 480
36 38 57 88 90 94 97 104 120 #SUP: 480
36 38 63 67 71 90 94 100 114 #SUP: 624
36 38 63 67 79 90 94 100 114 #SUP: 528
36 38 63 67 88 90 94 100 114 #SUP: 528
36 38 63 71 79 90 94 100 114 #SUP: 528
36 38 63 71 88 90 94 100 114 #SUP: 528
36 38 63 79 88 90 94 100 114 #SUP: 480
36 38 67 71 79 88 90 94 97 #SUP: 1332
36 38 67 71 79 88 90 94 104 #SUP: 1328
36 38 67 71 79 88 90 94 120 #SUP: 552
36 38 67 71 79 90 94 97 104 #SUP: 1608
36 38 67 71 79 90 94 97 120 #SUP: 764
36 38 67 71 79 90 94 97 128 #SUP: 744
36 38 67 71 79 90 94 104 120 #SUP: 636
36 38 67 71 88 90 94 97 104 #SUP: 1608
36 38 67 71 88 90 94 97 120 #SUP: 764
36 38 67 71 88 90 94 97 128 #SUP: 744
36 38 67 71 88 90 94 104 120 #SUP: 636
36 38 67 71 90 94 97 104 107 #SUP: 1344
36 38 67 71 90 94 97 104 108 #SUP: 1344
36 38 67 71 90 94 97 104 120 #SUP: 1124
36 38 67 71 90 94 97 120 128 #SUP: 1056
36 38 67 79 88 90 94 97 104 #SUP: 1488
36 38 67 79 88 90 94 97 120 #SUP: 632
36 38 67 79 88 90 94 104 120 #SUP: 480
36 38 67 79 90 94 97 104 107 #SUP: 864
36 38 67 79 90 94 97 104 108 #SUP: 864
36 38 67 79 90 94 97 104 120 #SUP: 584
36 38 67 79 90 94 97 120 128 #SUP: 504
36 38 67 88 90 94 97 104 107 #SUP: 864
36 38 67 88 90 94 97 104 108 #SUP: 864
36 38 67 88 90 94 97 104 120 #SUP: 584
36 38 67 88 90 94 97 120 128 #SUP: 504
36 38 71 79 88 90 94 97 104 #SUP: 1296
36 38 71 79 88 90 94 97 120 #SUP: 608
36 38 71 79 88 90 94 104 120 #SUP: 480
36 38 71 79 90 94 97 104 120 #SUP: 584
36 38 71 79 90 94 97 120 128 #SUP: 480
36 38 71 88 90 94 97 104 120 #SUP: 584
36 38 71 88 90 94 97 120 128 #SUP: 480
36 38 79 88 90 94 97 104 119 #SUP: 672
36 38 79 88 90 94 97 104 120 #SUP: 464
36 39 67 71 79 88 90 94 97 #SUP: 456
36 41 50 56 67 71 90 94 97 #SUP: 520
36 41 55 67 71 79 88 90 94 #SUP: 736
36 41 55 67 79 88 90 94 104 #SUP: 952
36 41 55 71 79 88 90 94 104 #SUP: 760
36 41 55 79 88 90 94 104 122 #SUP: 676
36 41 56 64 79 88 90 94 97 #SUP: 656
36 41 56 67 71 79 90 94 97 #SUP: 904
36 41 56 67 71 88 90 94 97 #SUP: 904
36 41 56 67 79 88 90 94 97 #SUP: 848
36 41 56 68 79 88 90 94 97 #SUP: 656
36 41 56 71 79 88 90 94 97 #SUP: 848
36 41 56 79 88 90 94 97 119 #SUP: 656
36 41 56 79 88 90 94 97 122 #SUP: 1168
36 41 67 71 79 88 90 94 97 #SUP: 1032
36 41 67 71 79 88 90 94 104 #SUP: 952
36 41 67 71 79 88 90 94 119 #SUP: 456
36 41 67 71 79 88 90 94 122 #SUP: 656
36 41 67 79 88 90 94 97 119 #SUP: 680
36 41 67 79 88 90 94 97 122 #SUP: 936
36 41 67 79 88 90 94 104 119 #SUP: 496
36 41 67 79 88 90 94 104 122 #SUP: 604
36 41 67 79 88 90 94 119 122 #SUP: 540
36 41 71 79 88 90 94 97 119 #SUP: 584
36 41 71 79 88 90 94 97 122 #SUP: 840
36 41 71 79 88 90 94 104 122 #SUP: 508
36 41 71 79 88 90 94 119 122 #SUP: 492
36 41 79 88 90 94 97 119 122 #SUP: 760
36 42 55 67 71 79 90 94 97 #SUP: 570
36 42 55 67 79 88 90 94 97 #SUP: 600
36 42 56 67 71 90 94 97 120 #SUP: 528
36 42 56 67 79 90 94 97 120 #SUP: 528
36 42 56 67 88 90 94 97 120 #SUP: 528
36 42 56 71 79 90 94 97 120 #SUP: 528
36 42 56 71 88 90 94 97 120 #SUP: 528
36 42 56 79 88 90 94 97 120 #SUP: 528
36 42 67 71 79 88 90 94 97 #SUP: 756
36 42 67 71 79 90 94 97 120 #SUP: 602
36 42 67 71 88 90 94 97 120 #SUP: 584
36 42 67 79 88 90 94 97 120 #SUP: 608
36 42 71 79 88 90 94 97 120 #SUP: 584
36 44 67 71 79 90 94 97 104 #SUP: 440
36 44 67 71 88 90 94 97 104 #SUP: 440
36 50 57 67 71 90 94 97 104 #SUP: 536
36 55 67 71 79 88 90 94 104 #SUP: 1240
36 55 67 79 88 90 94 97 104 #SUP: 1256
36 55 67 79 88 90 94 104 119 #SUP: 648
36 55 67 79 88 90 94 104 122 #SUP: 660
36 55 71 79 88 90 94 104 119 #SUP: 552
36 55 71 79 88 90 94 104 122 #SUP: 564
36 56 67 71 79 88 90 94 97 #SUP: 724
36 56 67 71 79 90 94 97 120 #SUP: 636
36 56 67 71 79 90 94 97 128 #SUP: 744
36 56 67 71 88 90 94 97 120 #SUP: 636
36 56 67 71 88 90 94 97 128 #SUP: 744
36 56 67 71 90 94 97 120 128 #SUP: 1104
36 56 67 79 88 90 94 97 120 #SUP: 480
36 56 67 79 90 94 97 120 128 #SUP: 528
36 56 67 88 90 94 97 120 128 #SUP: 528
36 56 71 79 88 90 94 97 120 #SUP: 480
36 56 71 79 90 94 97 120 128 #SUP: 528
36 56 71 88 90 94 97 120 128 #SUP: 528
36 57 67 71 79 88 90 94 104 #SUP: 664
36 57 67 71 79 90 94 97 104 #SUP: 944
36 57 67 71 79 90 94 97 120 #SUP: 534
36 57 67 71 79 90 94 104 120 #SUP: 604
36 57 67 71 88 90 94 97 104 #SUP: 944
36 57 67 71 88 90 94 104 120 #SUP: 604
36 57 67 71 90 94 97 104 120 #SUP: 1092
36 57 67 71 90 94 97 104 128 #SUP: 2016
36 57 67 79 88 90 94 97 104 #SUP: 632
36 57 67 79 88 90 94 104 120 #SUP: 448
36 57 67 79 90 94 97 104 120 #SUP: 552
36 57 67 88 90 94 97 104 120 #SUP: 552
36 57 71 79 88 90 94 97 104 #SUP: 632
36 57 71 79 88 90 94 104 120 #SUP: 448
36 57 71 79 90 94 97 104 120 #SUP: 552
36 57 71 88 90 94 97 104 120 #SUP: 552
36 57 79 88 90 94 97 104 120 #SUP: 432
36 60 67 71 79 88 90 94 97 #SUP: 608
36 60 67 79 88 90 94 97 107 #SUP: 432
36 60 67 79 88 90 94 97 108 #SUP: 432
36 60 67 79 88 90 94 97 122 #SUP: 640
36 60 71 79 88 90 94 97 107 #SUP: 432
36 60 71 79 88 90 94 97 108 #SUP: 432
36 60 71 79 88 90 94 97 122 #SUP: 640
36 60 79 88 90 94 97 107 122 #SUP: 576
36 60 79 88 90 94 97 108 122 #SUP: 576
36 60 79 88 90 94 97 119 122 #SUP: 576
36 67 71 79 88 90 94 97 104 #SUP: 1424
36 67 71 79 88 90 94 97 107 #SUP: 752
36 67 71 79 88 90 94 97 108 #SUP: 800
36 67 71 79 88 90 94 97 119 #SUP: 644
36 67 71 79 88 90 94 97 120 #SUP: 608
36 67 71 79 88 90 94 97 122 #SUP: 676
36 67 71 79 88 90 94 97 128 #SUP: 516
36 67 71 79 88 90 94 104 119 #SUP: 552
36 67 71 79 88 90 94 104 120 #SUP: 588
36 67 71 79 88 90 94 104 122 #SUP: 528
36 67 71 79 90 94 97 104 107 #SUP: 816
36 67 71 79 90 94 97 104 108 #SUP: 864
36 67 71 79 90 94 97 104 120 #SUP: 692
36 67 71 79 90 94 97 120 128 #SUP: 552
36 67 71 88 90 94 97 104 107 #SUP: 816
36 67 71 88 90 94 97 104 108 #SUP: 864
36 67 71 88 90 94 97 104 120 #SUP: 692
36 67 71 88 90 94 97 120 128 #SUP: 552
36 67 71 90 94 97 104 107 120 #SUP: 568
36 67 71 90 94 97 104 108 120 #SUP: 616
36 67 79 88 90 94 97 104 107 #SUP: 720
36 67 79 88 90 94 97 104 108 #SUP: 768
36 67 79 88 90 94 97 104 119 #SUP: 648
36 67 79 88 90 94 97 104 120 #SUP: 536
36 67 79 88 90 94 97 107 122 #SUP: 496
36 67 79 88 90 94 97 108 122 #SUP: 496
36 67 79 88 90 94 97 119 122 #SUP: 532
36 71 79 88 90 94 97 104 119 #SUP: 552
36 71 79 88 90 94 97 104 120 #SUP: 536
36 71 79 88 90 94 97 107 122 #SUP: 448
36 71 79 88 90 94 97 108 122 #SUP: 448
36 71 79 88 90 94 97 119 122 #SUP: 484
1 5 9 31 36 41 56 90 94 97 #SUP: 688
1 5 9 31 36 41 67 71 90 94 #SUP: 508
1 5 9 31 36 41 67 90 94 104 #SUP: 456
1 5 9 31 36 41 71 90 94 104 #SUP: 456
1 5 9 31 36 57 67 90 94 97 #SUP: 438
1 5 9 31 36 57 71 90 94 97 #SUP: 438
1 5 9 31 36 67 71 90 94 97 #SUP: 531
1 5 9 31 36 67 71 90 94 104 #SUP: 476
1 5 9 36 56 67 71 90 94 97 #SUP: 520
1 5 9 36 57 67 71 90 94 97 #SUP: 459
1 5 9 36 67 71 90 94 97 104 #SUP: 488
1 5 11 23 36 38 41 67 90 94 #SUP: 696
1 5 11 31 36 57 67 71 90 94 #SUP: 443
1 5 11 31 36 57 67 90 94 97 #SUP: 438
1 5 11 31 36 57 71 90 94 97 #SUP: 438
1 5 16 31 36 41 56 90 94 97 #SUP: 544
1 5 23 36 38 41 55 67 90 94 #SUP: 432
1 5 23 36 38 41 67 71 90 94 #SUP: 1200
1 5 23 36 38 41 67 79 90 94 #SUP: 688
1 5 23 36 38 41 67 88 90 94 #SUP: 688
1 5 23 36 38 41 67 90 94 104 #SUP: 1232
1 5 23 36 57 67 71 90 94 104 #SUP: 928
1 5 23 36 67 71 79 88 90 94 #SUP: 432
1 5 23 36 67 71 79 90 94 104 #SUP: 608
1 5 23 36 67 71 88 90 94 104 #SUP: 608
1 5 23 36 67 71 90 94 97 104 #SUP: 1168
1 5 23 36 67 79 88 90 94 104 #SUP: 512
1 5 23 36 67 79 90 94 97 104 #SUP: 688
1 5 23 36 67 88 90 94 97 104 #SUP: 688
1 5 23 36 67 90 94 97 104 108 #SUP: 632
1 5 24 31 36 79 88 90 94 97 #SUP: 568
1 5 31 36 38 41 57 90 94 104 #SUP: 884
1 5 31 36 38 67 71 90 94 104 #SUP: 912
1 5 31 36 38 67 90 94 97 120 #SUP: 460
1 5 31 36 38 67 90 94 97 121 #SUP: 460
1 5 31 36 38 67 90 94 97 128 #SUP: 888
1 5 31 36 41 56 67 90 94 97 #SUP: 1120
1 5 31 36 41 56 71 90 94 97 #SUP: 1120
1 5 31 36 41 56 79 90 94 97 #SUP: 800
1 5 31 36 41 56 88 90 94 97 #SUP: 800
1 5 31 36 41 56 90 94 97 107 #SUP: 688
1 5 31 36 41 56 90 94 97 108 #SUP: 688
1 5 31 36 41 67 71 79 90 94 #SUP: 488
1 5 31 36 41 67 71 88 90 94 #SUP: 488
1 5 31 36 41 67 71 90 94 104 #SUP: 904
1 5 31 36 41 67 79 88 90 94 #SUP: 432
1 5 31 36 41 71 79 88 90 94 #SUP: 432
1 5 31 36 41 79 88 90 94 100 #SUP: 528
1 5 31 36 57 67 71 90 94 97 #SUP: 870
1 5 31 36 57 67 71 90 94 120 #SUP: 446
1 5 31 36 57 67 90 94 97 120 #SUP: 444
1 5 31 36 57 71 90 94 97 120 #SUP: 444
1 5 31 36 67 71 79 90 94 97 #SUP: 454
1 5 31 36 67 71 88 90 94 97 #SUP: 448
1 5 31 36 67 71 90 94 97 107 #SUP: 512
1 5 31 36 67 71 90 94 97 108 #SUP: 512
1 5 31 36 67 71 90 94 97 120 #SUP: 454
1 5 31 38 41 67 71 90 97 104 #SUP: 912
1 5 31 38 41 67 71 90 104 120 #SUP: 464
1 5 31 38 67 71 90 97 104 108 #SUP: 460
1 5 31 38 67 71 90 97 104 120 #SUP: 472
1 5 36 38 55 67 79 88 90 94 #SUP: 440
1 5 36 38 67 71 79 90 94 104 #SUP: 592
1 5 36 38 67 71 88 90 94 104 #SUP: 592
1 5 36 38 67 71 90 94 97 104 #SUP: 1152
1 5 36 38 67 79 88 90 94 97 #SUP: 504
1 5 36 38 67 79 88 90 94 104 #SUP: 496
1 5 36 38 67 79 90 94 97 104 #SUP: 672
1 5 36 38 67 88 90 94 97 104 #SUP: 672
1 5 36 38 67 90 94 97 104 107 #SUP: 624
1 5 36 38 67 90 94 97 104 108 #SUP: 624
1 5 36 38 67 90 94 97 104 121 #SUP: 496
1 5 36 39 56 79 88 90 94 97 #SUP: 560
1 5 36 41 55 67 79 88 90 94 #SUP: 432
1 5 36 41 55 79 88 90 94 104 #SUP: 464
1 5 36 41 67 71 79 88 90 94 #SUP: 536
1 5 36 41 67 71 79 90 94 97 #SUP: 672
1 5 36 41 67 71 79 90 94 104 #SUP: 584
1 5 36 41 67 71 88 90 94 97 #SUP: 672
1 5 36 41 67 71 88 90 94 104 #SUP: 584
1 5 36 41 67 71 90 94 97 107 #SUP: 624
1 5 36 41 67 71 90 94 97 108 #SUP: 624
1 5 36 41 67 79 88 90 94 97 #SUP: 704
1 5 36 41 67 79 88 90 94 104 #SUP: 512
1 5 36 41 67 79 88 90 94 122 #SUP: 480
1 5 36 41 67 79 90 94 97 107 #SUP: 448
1 5 36 41 67 79 90 94 97 108 #SUP: 448
1 5 36 41 67 88 90 94 97 107 #SUP: 448
1 5 36 41 67 88 90 94 97 108 #SUP: 448
1 5 36 41 71 79 88 90 94 97 #SUP: 608
1 5 36 41 71 79 88 90 94 122 #SUP: 432
1 5 36 41 79 88 90 94 97 107 #SUP: 480
1 5 36 41 79 88 90 94 97 108 #SUP: 480
1 5 36 41 79 88 90 94 97 119 #SUP: 432
1 5 36 41 79 88 90 94 97 122 #SUP: 688
1 5 36 55 67 79 88 90 94 104 #SUP: 448
1 5 36 56 67 71 79 90 94 97 #SUP: 464
1 5 36 56 67 71 88 90 94 97 #SUP: 464
1 5 36 56 67 71 90 94 97 108 #SUP: 520
1 5 36 57 67 71 90 94 97 120 #SUP: 486
1 5 36 67 71 79 88 90 94 97 #SUP: 560
1 5 36 67 71 79 88 90 94 104 #SUP: 472
1 5 36 67 71 79 90 94 97 104 #SUP: 624
1 5 36 67 71 88 90 94 97 104 #SUP: 624
1 5 36 67 71 90 94 97 104 108 #SUP: 600
1 5 36 67 71 90 94 97 104 120 #SUP: 496
1 5 36 67 79 88 90 94 97 104 #SUP: 528
1 5 38 41 67 71 90 97 104 108 #SUP: 572
1 6 9 31 36 41 56 90 94 97 #SUP: 688
1 6 9 31 36 57 67 90 94 97 #SUP: 438
1 6 9 31 36 57 71 90 94 97 #SUP: 438
1 6 9 31 36 67 71 90 94 97 #SUP: 531
1 6 9 36 56 67 71 90 94 97 #SUP: 520
1 6 9 36 57 67 71 90 94 97 #SUP: 459
1 6 9 36 67 71 90 94 97 104 #SUP: 488
1 6 11 23 36 38 41 67 90 94 #SUP: 568
1 6 11 31 36 57 67 71 90 94 #SUP: 443
1 6 11 31 36 57 67 90 94 97 #SUP: 438
1 6 11 31 36 57 71 90 94 97 #SUP: 438
1 6 16 31 36 41 56 90 94 97 #SUP: 544
1 6 23 36 38 41 67 79 90 94 #SUP: 432
1 6 23 36 38 41 67 88 90 94 #SUP: 432
1 6 23 36 38 41 67 90 94 104 #SUP: 976
1 6 23 36 57 67 71 90 94 104 #SUP: 928
1 6 23 36 67 79 90 94 97 104 #SUP: 432
1 6 23 36 67 88 90 94 97 104 #SUP: 432
1 6 23 36 67 90 94 97 104 108 #SUP: 504
1 6 24 31 36 79 88 90 94 97 #SUP: 568
1 6 31 36 38 41 57 90 94 104 #SUP: 884
1 6 31 36 38 67 71 90 94 104 #SUP: 912
1 6 31 36 38 67 90 94 97 120 #SUP: 460
1 6 31 36 38 67 90 94 97 121 #SUP: 460
1 6 31 36 38 67 90 94 97 128 #SUP: 888
1 6 31 36 41 56 67 90 94 97 #SUP: 1120
1 6 31 36 41 56 71 90 94 97 #SUP: 1120
1 6 31 36 41 56 79 90 94 97 #SUP: 800
1 6 31 36 41 56 88 90 94 97 #SUP: 800
1 6 31 36 41 56 90 94 97 107 #SUP: 688
1 6 31 36 41 56 90 94 97 108 #SUP: 688
1 6 31 36 41 67 71 79 90 94 #SUP: 464
1 6 31 36 41 67 71 88 90 94 #SUP: 464
1 6 31 36 41 79 88 90 94 100 #SUP: 528
1 6 31 36 57 67 71 90 94 97 #SUP: 870
1 6 31 36 57 67 71 90 94 120 #SUP: 446
1 6 31 36 57 67 90 94 97 120 #SUP: 444
1 6 31 36 57 71 90 94 97 120 #SUP: 444
1 6 31 36 67 71 79 90 94 97 #SUP: 454
1 6 31 36 67 71 88 90 94 97 #SUP: 448
1 6 31 36 67 71 90 94 97 107 #SUP: 512
1 6 31 36 67 71 90 94 97 108 #SUP: 512
1 6 31 36 67 71 90 94 97 120 #SUP: 454
1 6 31 38 41 67 71 90 97 104 #SUP: 912
1 6 31 38 41 67 71 90 104 120 #SUP: 464
1 6 31 38 67 71 90 97 104 108 #SUP: 460
1 6 31 38 67 71 90 97 104 120 #SUP: 472
1 6 36 38 67 90 94 97 104 107 #SUP: 496
1 6 36 38 67 90 94 97 104 108 #SUP: 496
1 6 36 38 67 90 94 97 104 121 #SUP: 496
1 6 36 39 56 79 88 90 94 97 #SUP: 560
1 6 36 41 67 79 88 90 94 97 #SUP: 448
1 6 36 41 79 88 90 94 97 122 #SUP: 560
1 6 36 56 67 71 79 90 94 97 #SUP: 464
1 6 36 56 67 71 88 90 94 97 #SUP: 464
1 6 36 56 67 71 90 94 97 108 #SUP: 520
1 6 36 57 67 71 90 94 97 120 #SUP: 486
1 6 36 67 71 90 94 97 104 108 #SUP: 472
1 6 36 67 71 90 94 97 104 120 #SUP: 496
1 9 16 31 36 41 56 90 94 97 #SUP: 544
1 9 24 31 36 67 79 88 90 94 #SUP: 424
1 9 24 31 36 71 79 88 90 94 #SUP: 424
1 9 31 36 41 56 67 90 94 97 #SUP: 1120
1 9 31 36 41 56 71 90 94 97 #SUP: 1120
1 9 31 36 41 56 79 90 94 97 #SUP: 800
1 9 31 36 41 56 88 90 94 97 #SUP: 800
1 9 31 36 41 56 90 94 97 107 #SUP: 688
1 9 31 36 41 56 90 94 97 108 #SUP: 688
1 9 31 36 41 67 71 79 90 94 #SUP: 452
1 9 31 36 41 67 71 88 90 94 #SUP: 452
1 9 31 36 41 67 71 90 94 104 #SUP: 900
1 9 31 36 41 67 79 88 90 94 #SUP: 424
1 9 31 36 41 71 79 88 90 94 #SUP: 424
1 9 31 36 57 67 71 90 94 97 #SUP: 873
1 9 31 36 57 67 90 94 97 120 #SUP: 450
1 9 31 36 57 71 90 94 97 120 #SUP: 450
1 9 31 36 67 71 79 90 94 97 #SUP: 521
1 9 31 36 67 71 88 90 94 97 #SUP: 512
1 9 31 36 67 71 90 94 97 107 #SUP: 544
1 9 31 36 67 71 90 94 97 108 #SUP: 544
1 9 31 36 67 71 90 94 97 120 #SUP: 489
1 9 31 36 67 79 88 90 94 97 #SUP: 448
1 9 31 36 71 79 88 90 94 97 #SUP: 448
1 9 36 39 56 79 88 90 94 97 #SUP: 560
1 9 36 56 67 71 79 90 94 97 #SUP: 464
1 9 36 56 67 71 88 90 94 97 #SUP: 464
1 9 36 56 67 71 90 94 97 108 #SUP: 520
1 9 36 57 67 71 90 94 97 120 #SUP: 489
1 9 36 67 71 79 90 94 97 104 #SUP: 432
1 9 36 67 71 88 90 94 97 104 #SUP: 432
1 9 36 67 71 90 94 97 104 108 #SUP: 504
1 9 36 67 71 90 94 97 104 120 #SUP: 528
1 11 23 36 38 41 55 67 90 94 #SUP: 560
1 11 23 36 38 41 67 71 90 94 #SUP: 1232
1 11 23 36 38 41 67 79 90 94 #SUP: 800
1 11 23 36 38 41 67 88 90 94 #SUP: 800
1 11 23 36 38 41 67 90 94 104 #SUP: 1328
1 11 31 36 38 41 57 90 94 104 #SUP: 888
1 11 31 36 38 67 90 94 97 128 #SUP: 912
1 11 31 36 57 67 71 90 94 97 #SUP: 873
1 11 31 36 57 67 71 90 94 120 #SUP: 449
1 11 31 36 57 67 90 94 97 120 #SUP: 450
1 11 31 36 57 71 90 94 97 120 #SUP: 450
1 11 36 38 55 67 79 88 90 94 #SUP: 536
1 11 36 38 67 79 88 90 94 97 #SUP: 592
1 12 31 36 41 79 88 90 94 100 #SUP: 536
1 12 36 39 56 79 88 90 94 97 #SUP: 560
1 12 36 41 67 71 79 88 90 94 #SUP: 460
1 12 36 41 67 79 88 90 94 97 #SUP: 512
1 12 36 41 67 79 88 90 94 122 #SUP: 456
1 12 36 41 71 79 88 90 94 97 #SUP: 512
1 12 36 41 71 79 88 90 94 122 #SUP: 456
1 12 36 41 79 88 90 94 97 122 #SUP: 640
1 12 36 67 71 79 88 90 94 97 #SUP: 432
1 12 38 41 55 67 71 90 97 104 #SUP: 448
1 13 23 36 38 41 67 90 94 104 #SUP: 680
1 13 31 36 38 41 57 90 94 104 #SUP: 600
1 13 31 36 38 67 71 90 94 104 #SUP: 632
1 13 31 36 41 56 67 90 94 97 #SUP: 704
1 13 31 36 41 56 71 90 94 97 #SUP: 704
1 13 31 36 41 56 79 90 94 97 #SUP: 448
1 13 31 36 41 56 88 90 94 97 #SUP: 448
1 13 31 36 57 67 71 90 94 97 #SUP: 588
1 13 31 38 41 67 71 90 97 104 #SUP: 768
1 16 31 36 38 67 71 90 94 104 #SUP: 632
1 16 31 36 41 56 67 90 94 97 #SUP: 832
1 16 31 36 41 56 71 90 94 97 #SUP: 832
1 16 31 36 41 56 79 90 94 97 #SUP: 704
1 16 31 36 41 56 88 90 94 97 #SUP: 704
1 16 31 36 41 56 90 94 97 107 #SUP: 544
1 16 31 36 41 56 90 94 97 108 #SUP: 544
1 16 31 36 41 67 71 90 94 104 #SUP: 620
1 23 31 36 38 41 67 71 90 94 #SUP: 1952
1 23 36 38 41 53 67 71 90 94 #SUP: 688
1 23 36 38 41 53 67 90 94 104 #SUP: 656
1 23 36 38 41 55 67 71 90 94 #SUP: 736
1 23 36 38 41 55 67 79 90 94 #SUP: 832
1 23 36 38 41 55 67 88 90 94 #SUP: 832
1 23 36 38 41 67 71 79 90 94 #SUP: 1216
1 23 36 38 41 67 71 88 90 94 #SUP: 1216
1 23 36 38 41 67 71 90 94 104 #SUP: 2272
1 23 36 38 41 67 79 88 90 94 #SUP: 976
1 23 36 38 41 67 79 90 94 104 #SUP: 1312
1 23 36 38 41 67 88 90 94 104 #SUP: 1312
1 23 36 38 41 67 90 94 97 104 #SUP: 2432
1 23 36 38 41 67 90 94 104 121 #SUP: 976
1 23 36 44 67 71 90 94 97 104 #SUP: 592
1 23 36 53 57 67 71 90 94 104 #SUP: 496
1 23 36 53 67 71 90 94 97 104 #SUP: 592
1 23 36 57 67 71 79 90 94 104 #SUP: 704
1 23 36 57 67 71 88 90 94 104 #SUP: 704
1 23 36 57 67 71 90 94 104 120 #SUP: 976
1 23 36 67 71 79 88 90 94 104 #SUP: 832
1 23 36 67 71 79 90 94 97 104 #SUP: 1184
1 23 36 67 71 88 90 94 97 104 #SUP: 1184
1 23 36 67 71 90 94 97 104 108 #SUP: 1168
1 23 36 67 79 88 90 94 97 104 #SUP: 992
1 23 36 67 79 90 94 97 104 108 #SUP: 688
1 23 36 67 88 90 94 97 104 108 #SUP: 688
1 24 31 36 39 79 90 94 97 100 #SUP: 1096
1 24 31 36 60 79 88 90 94 97 #SUP: 1120
1 24 31 36 67 71 79 88 90 94 #SUP: 424
1 24 31 36 67 79 88 90 94 97 #SUP: 656
1 24 31 36 68 79 88 90 94 97 #SUP: 560
1 31 36 38 41 53 57 90 94 104 #SUP: 480
1 31 36 38 41 57 90 94 104 121 #SUP: 896
1 31 36 38 41 57 90 94 104 128 #SUP: 1736
1 31 36 38 50 67 90 94 97 128 #SUP: 444
1 31 36 38 51 67 90 94 97 128 #SUP: 444
1 31 36 38 53 67 90 94 97 128 #SUP: 444
1 31 36 38 67 71 79 90 94 104 #SUP: 704
1 31 36 38 67 71 88 90 94 104 #SUP: 704
1 31 36 38 67 71 90 94 97 104 #SUP: 1824
1 31 36 38 67 71 90 94 104 120 #SUP: 928
1 31 36 38 67 71 90 94 104 121 #SUP: 928
1 31 36 38 67 79 90 94 97 128 #SUP: 624
1 31 36 38 67 88 90 94 97 128 #SUP: 624
1 31 36 38 67 90 94 97 120 128 #SUP: 888
1 31 36 38 67 90 94 97 121 128 #SUP: 888
1 31 36 41 44 56 67 90 94 97 #SUP: 560
1 31 36 41 44 56 71 90 94 97 #SUP: 560
1 31 36 41 50 56 67 90 94 97 #SUP: 560
1 31 36 41 50 56 71 90 94 97 #SUP: 560
1 31 36 41 50 67 71 90 94 104 #SUP: 456
1 31 36 41 53 67 71 90 94 104 #SUP: 488
1 31 36 41 55 63 90 94 98 114 #SUP: 480
1 31 36 41 56 67 71 90 94 97 #SUP: 1984
1 31 36 41 56 67 79 90 94 97 #SUP: 1088
1 31 36 41 56 67 88 90 94 97 #SUP: 1088
1 31 36 41 56 67 90 94 97 107 #SUP: 1120
1 31 36 41 56 67 90 94 97 108 #SUP: 1120
1 31 36 41 56 71 79 90 94 97 #SUP: 1088
1 31 36 41 56 71 88 90 94 97 #SUP: 1088
1 31 36 41 56 71 90 94 97 107 #SUP: 1120
1 31 36 41 56 71 90 94 97 108 #SUP: 1120
1 31 36 41 56 79 88 90 94 97 #SUP: 1216
1 31 36 41 56 79 90 94 97 107 #SUP: 800
1 31 36 41 56 79 90 94 97 108 #SUP: 800
1 31 36 41 56 88 90 94 97 107 #SUP: 800
1 31 36 41 56 88 90 94 97 108 #SUP: 800
1 31 36 41 67 71 79 88 90 94 #SUP: 600
1 31 36 41 67 71 79 90 94 104 #SUP: 680
1 31 36 41 67 71 88 90 94 104 #SUP: 680
1 31 36 41 67 79 88 90 94 100 #SUP: 560
1 31 36 41 71 79 88 90 94 100 #SUP: 560
1 31 36 53 57 67 71 90 94 97 #SUP: 450
1 31 36 57 67 71 79 90 94 97 #SUP: 594
1 31 36 57 67 71 90 94 97 120 #SUP: 882
1 31 36 67 71 79 88 90 94 97 #SUP: 544
1 31 36 67 71 79 90 94 97 107 #SUP: 464
1 31 36 67 71 79 90 94 97 108 #SUP: 464
1 31 36 67 71 88 90 94 97 107 #SUP: 464
1 31 36 67 71 88 90 94 97 108 #SUP: 464
1 31 38 41 44 67 71 90 97 104 #SUP: 496
1 31 38 41 67 71 90 97 104 108 #SUP: 912
1 31 38 41 67 71 90 97 104 120 #SUP: 960
1 31 38 67 71 90 97 104 108 120 #SUP: 480
1 36 38 44 67 71 90 94 97 104 #SUP: 584
1 36 38 55 67 71 79 88 90 94 #SUP: 688
1 36 38 55 67 79 88 90 94 97 #SUP: 848
1 36 38 55 67 79 88 90 94 104 #SUP: 832
1 36 38 67 71 79 88 90 94 104 #SUP: 832
1 36 38 67 71 79 90 94 97 104 #SUP: 1184
1 36 38 67 71 88 90 94 97 104 #SUP: 1184
1 36 38 67 71 90 94 97 104 107 #SUP: 1168
1 36 38 67 71 90 94 97 104 108 #SUP: 1168
1 36 38 67 79 88 90 94 97 104 #SUP: 992
1 36 38 67 79 90 94 97 104 107 #SUP: 688
1 36 38 67 79 90 94 97 104 108 #SUP: 688
1 36 38 67 79 90 94 97 104 121 #SUP: 432
1 36 38 67 88 90 94 97 104 107 #SUP: 688
1 36 38 67 88 90 94 97 104 108 #SUP: 688
1 36 38 67 88 90 94 97 104 121 #SUP: 432
1 36 38 67 90 94 97 104 107 121 #SUP: 504
1 36 38 67 90 94 97 104 108 121 #SUP: 504
1 36 39 56 67 79 88 90 94 97 #SUP: 608
1 36 39 56 71 79 88 90 94 97 #SUP: 608
1 36 39 56 79 88 90 94 97 108 #SUP: 560
1 36 41 55 67 71 79 88 90 94 #SUP: 664
1 36 41 55 67 79 88 90 94 104 #SUP: 880
1 36 41 55 71 79 88 90 94 104 #SUP: 688
1 36 41 55 79 88 90 94 104 119 #SUP: 496
1 36 41 55 79 88 90 94 104 122 #SUP: 640
1 36 41 67 71 79 88 90 94 97 #SUP: 960
1 36 41 67 71 79 88 90 94 104 #SUP: 808
1 36 41 67 71 79 88 90 94 122 #SUP: 584
1 36 41 67 71 79 90 94 97 107 #SUP: 672
1 36 41 67 71 79 90 94 97 108 #SUP: 672
1 36 41 67 71 88 90 94 97 107 #SUP: 672
1 36 41 67 71 88 90 94 97 108 #SUP: 672
1 36 41 67 79 88 90 94 97 107 #SUP: 704
1 36 41 67 79 88 90 94 97 108 #SUP: 704
1 36 41 67 79 88 90 94 97 119 #SUP: 608
1 36 41 67 79 88 90 94 97 122 #SUP: 864
1 36 41 67 79 88 90 94 119 122 #SUP: 504
1 36 41 71 79 88 90 94 97 107 #SUP: 608
1 36 41 71 79 88 90 94 97 108 #SUP: 608
1 36 41 71 79 88 90 94 97 119 #SUP: 512
1 36 41 71 79 88 90 94 97 122 #SUP: 768
1 36 41 71 79 88 90 94 119 122 #SUP: 456
1 36 41 79 88 90 94 97 107 119 #SUP: 432
1 36 41 79 88 90 94 97 107 122 #SUP: 688
1 36 41 79 88 90 94 97 108 119 #SUP: 432
1 36 41 79 88 90 94 97 108 122 #SUP: 688
1 36 41 79 88 90 94 97 119 122 #SUP: 688
1 36 55 67 71 79 88 90 94 104 #SUP: 712
1 36 56 67 71 79 88 90 94 97 #SUP: 544
1 36 56 67 71 79 90 94 97 108 #SUP: 464
1 36 56 67 71 88 90 94 97 108 #SUP: 464
1 36 67 71 79 88 90 94 97 104 #SUP: 896
1 36 67 71 79 88 90 94 97 107 #SUP: 528
1 36 67 71 79 88 90 94 97 108 #SUP: 576
1 36 67 71 79 90 94 97 104 108 #SUP: 640
1 36 67 71 79 90 94 97 104 120 #SUP: 432
1 36 67 71 88 90 94 97 104 108 #SUP: 640
1 36 67 71 88 90 94 97 104 120 #SUP: 432
1 36 67 71 90 94 97 104 108 120 #SUP: 504
1 36 67 79 88 90 94 97 104 108 #SUP: 544
2 5 11 24 36 38 66 90 94 97 #SUP: 472
2 5 11 24 36 38 70 90 94 97 #SUP: 468
2 5 11 24 36 38 90 94 97 120 #SUP: 454
2 5 24 29 36 38 66 90 94 97 #SUP: 744
2 5 24 29 36 38 70 90 94 97 #SUP: 744
2 5 24 29 36 38 90 94 97 120 #SUP: 516
2 5 24 36 38 41 55 66 90 94 #SUP: 656
2 5 24 36 38 42 90 94 97 120 #SUP: 632
2 5 24 36 38 55 57 90 94 97 #SUP: 744
2 5 24 36 38 55 66 90 94 97 #SUP: 656
2 5 24 36 38 66 70 90 94 97 #SUP: 792
2 5 24 36 38 66 90 94 97 120 #SUP: 620
2 5 24 36 38 70 90 94 97 120 #SUP: 612
2 6 11 24 36 38 66 90 94 97 #SUP: 472
2 6 11 24 36 38 70 90 94 97 #SUP: 468
2 6 11 24 36 38 90 94 97 120 #SUP: 454
2 6 24 29 36 38 66 90 94 97 #SUP: 744
2 6 24 29 36 38 70 90 94 97 #SUP: 744
2 6 24 29 36 38 90 94 97 120 #SUP: 516
2 6 24 36 38 41 55 66 90 94 #SUP: 656
2 6 24 36 38 55 66 90 94 97 #SUP: 656
2 6 24 36 38 66 70 90 94 97 #SUP: 792
2 6 24 36 38 66 90 94 97 120 #SUP: 620
2 6 24 36 38 70 90 94 97 120 #SUP: 612
2 9 24 36 38 55 57 90 94 97 #SUP: 696
2 9 24 36 38 55 66 90 94 97 #SUP: 664
2 11 13 36 38 42 90 94 97 120 #SUP: 472
2 11 24 29 36 38 66 90 94 97 #SUP: 792
2 11 24 29 36 38 70 90 94 97 #SUP: 792
2 11 24 29 36 38 90 94 97 120 #SUP: 612
2 11 24 36 38 41 55 66 90 94 #SUP: 672
2 11 24 36 38 55 66 90 94 97 #SUP: 664
2 11 24 36 38 66 70 90 94 97 #SUP: 864
2 11 24 36 38 66 77 90 94 97 #SUP: 432
2 11 24 36 38 66 86 90 94 97 #SUP: 432
2 11 24 36 38 66 90 94 97 120 #SUP: 772
2 11 24 36 38 70 77 90 94 97 #SUP: 432
2 11 24 36 38 70 86 90 94 97 #SUP: 432
2 11 24 36 38 70 90 94 97 120 #SUP: 756
2 11 24 36 38 77 90 94 97 120 #SUP: 540
2 11 24 36 38 86 90 94 97 120 #SUP: 540
2 11 36 38 42 67 90 94 97 120 #SUP: 496
2 11 36 38 42 71 90 94 97 120 #SUP: 496
2 11 36 38 42 79 90 94 97 120 #SUP: 512
2 11 36 38 42 88 90 94 97 120 #SUP: 496
2 12 13 36 38 42 90 94 97 120 #SUP: 464
2 12 23 36 38 79 88 90 94 104 #SUP: 452
2 12 24 36 38 42 67 90 94 97 #SUP: 480
2 12 24 36 38 42 71 90 94 97 #SUP: 480
2 12 24 36 38 42 79 90 94 97 #SUP: 480
2 12 24 36 38 42 88 90 94 97 #SUP: 480
2 12 24 36 38 42 90 94 97 120 #SUP: 888
2 12 24 36 42 67 90 94 97 120 #SUP: 480
2 12 24 36 42 71 90 94 97 120 #SUP: 480
2 12 24 36 42 79 90 94 97 120 #SUP: 480
2 12 24 36 42 88 90 94 97 120 #SUP: 480
2 12 29 36 38 56 79 90 94 97 #SUP: 432
2 12 29 36 38 56 88 90 94 97 #SUP: 432
2 12 29 36 38 56 90 94 97 120 #SUP: 432
2 12 36 38 42 67 90 94 97 120 #SUP: 520
2 12 36 38 42 71 90 94 97 120 #SUP: 520
2 12 36 38 42 79 90 94 97 120 #SUP: 520
2 12 36 38 42 88 90 94 97 120 #SUP: 520
2 12 36 38 56 67 90 94 97 120 #SUP: 504
2 12 36 38 56 71 90 94 97 120 #SUP: 504
2 12 36 38 56 79 88 90 94 97 #SUP: 504
2 12 36 38 56 79 90 94 97 120 #SUP: 576
2 12 36 38 56 88 90 94 97 120 #SUP: 576
2 12 36 38 67 79 88 90 94 97 #SUP: 428
2 12 36 38 71 79 88 90 94 97 #SUP: 428
2 12 36 38 79 88 90 94 97 104 #SUP: 464
2 12 36 38 79 88 90 94 97 120 #SUP: 448
2 13 36 38 42 67 90 94 97 120 #SUP: 496
2 13 36 38 42 71 90 94 97 120 #SUP: 496
2 13 36 38 42 79 90 94 97 120 #SUP: 512
2 13 36 38 42 88 90 94 97 120 #SUP: 496
2 16 24 36 38 55 57 90 94 97 #SUP: 680
2 22 24 36 38 55 66 90 94 97 #SUP: 664
2 23 36 38 67 79 88 90 94 104 #SUP: 472
2 23 36 38 71 79 88 90 94 104 #SUP: 472
2 23 36 38 79 88 90 94 97 104 #SUP: 544
2 24 29 36 38 66 70 90 94 97 #SUP: 1440
2 24 29 36 38 66 77 90 94 97 #SUP: 576
2 24 29 36 38 66 86 90 94 97 #SUP: 576
2 24 29 36 38 66 90 94 97 120 #SUP: 936
2 24 29 36 38 66 90 94 97 125 #SUP: 528
2 24 29 36 38 66 90 94 97 128 #SUP: 528
2 24 29 36 38 70 77 90 94 97 #SUP: 576
2 24 29 36 38 70 86 90 94 97 #SUP: 576
2 24 29 36 38 70 90 94 97 120 #SUP: 936
2 24 29 36 38 70 90 94 97 125 #SUP: 528
2 24 29 36 38 70 90 94 97 128 #SUP: 528
2 24 29 36 38 77 90 94 97 120 #SUP: 504
2 24 29 36 38 86 90 94 97 120 #SUP: 504
2 24 36 38 41 55 66 90 94 128 #SUP: 456
2 24 36 38 42 67 71 90 94 97 #SUP: 528
2 24 36 38 42 67 79 90 94 97 #SUP: 528
2 24 36 38 42 67 88 90 94 97 #SUP: 528
2 24 36 38 42 67 90 94 97 120 #SUP: 912
2 24 36 38 42 71 79 90 94 97 #SUP: 528
2 24 36 38 42 71 88 90 94 97 #SUP: 528
2 24 36 38 42 71 90 94 97 120 #SUP: 912
2 24 36 38 42 79 88 90 94 97 #SUP: 528
2 24 36 38 42 79 90 94 97 120 #SUP: 944
2 24 36 38 42 88 90 94 97 120 #SUP: 912
2 24 36 38 42 90 94 97 120 128 #SUP: 656
2 24 36 38 47 55 57 90 94 97 #SUP: 456
2 24 36 38 50 55 57 90 94 97 #SUP: 456
2 24 36 38 55 57 90 94 97 120 #SUP: 696
2 24 36 38 55 57 90 94 97 128 #SUP: 528
2 24 36 38 55 66 81 90 94 97 #SUP: 448
2 24 36 38 55 66 90 94 97 120 #SUP: 680
2 24 36 38 55 66 90 94 97 128 #SUP: 464
2 24 36 38 66 70 77 90 94 97 #SUP: 648
2 24 36 38 66 70 86 90 94 97 #SUP: 648
2 24 36 38 66 70 90 94 97 120 #SUP: 1080
2 24 36 38 66 70 90 94 97 125 #SUP: 576
2 24 36 38 66 70 90 94 97 128 #SUP: 576
2 24 36 38 66 77 90 94 97 120 #SUP: 648
2 24 36 38 66 86 90 94 97 120 #SUP: 648
2 24 36 38 66 90 94 97 120 125 #SUP: 504
2 24 36 38 66 90 94 97 120 128 #SUP: 536
2 24 36 38 70 77 90 94 97 120 #SUP: 648
2 24 36 38 70 86 90 94 97 120 #SUP: 648
2 24 36 38 70 90 94 97 120 125 #SUP: 504
2 24 36 38 70 90 94 97 120 128 #SUP: 504
2 24 36 38 77 86 90 94 97 120 #SUP: 504
2 24 36 42 67 71 90 94 97 120 #SUP: 528
2 24 36 42 67 79 90 94 97 120 #SUP: 528
2 24 36 42 67 88 90 94 97 120 #SUP: 528
2 24 36 42 71 79 90 94 97 120 #SUP: 528
2 24 36 42 71 88 90 94 97 120 #SUP: 528
2 24 36 42 79 88 90 94 97 120 #SUP: 528
2 29 36 38 41 57 90 94 97 110 #SUP: 1584
2 29 36 38 56 79 88 90 94 97 #SUP: 432
2 29 36 38 56 79 90 94 97 120 #SUP: 432
2 29 36 38 56 88 90 94 97 120 #SUP: 432
2 36 38 42 67 71 79 90 94 97 #SUP: 568
2 36 38 42 67 71 88 90 94 97 #SUP: 568
2 36 38 42 67 71 90 94 97 120 #SUP: 608
2 36 38 42 67 79 88 90 94 97 #SUP: 568
2 36 38 42 67 79 90 94 97 120 #SUP: 608
2 36 38 42 67 88 90 94 97 120 #SUP: 608
2 36 38 42 71 79 88 90 94 97 #SUP: 568
2 36 38 42 71 79 90 94 97 120 #SUP: 608
2 36 38 42 71 88 90 94 97 120 #SUP: 608
2 36 38 42 79 88 90 94 97 120 #SUP: 608
2 36 38 56 67 71 90 94 97 120 #SUP: 468
2 36 38 56 67 79 90 94 97 120 #SUP: 504
2 36 38 56 67 88 90 94 97 120 #SUP: 504
2 36 38 56 71 79 90 94 97 120 #SUP: 504
2 36 38 56 71 88 90 94 97 120 #SUP: 504
2 36 38 56 79 88 90 94 97 120 #SUP: 576
2 36 38 67 71 79 88 90 94 97 #SUP: 532
2 36 38 67 71 79 88 90 94 104 #SUP: 496
2 36 38 67 71 79 90 94 97 120 #SUP: 428
2 36 38 67 71 88 90 94 97 120 #SUP: 428
2 36 38 67 79 88 90 94 97 104 #SUP: 496
2 36 38 67 79 88 90 94 97 120 #SUP: 464
2 36 38 71 79 88 90 94 97 104 #SUP: 496
2 36 38 71 79 88 90 94 97 120 #SUP: 464
2 36 42 67 71 79 88 90 94 97 #SUP: 564
2 36 42 67 71 79 90 94 97 120 #SUP: 440
2 36 42 67 71 88 90 94 97 120 #SUP: 440
2 36 42 67 79 88 90 94 97 120 #SUP: 440
2 36 42 71 79 88 90 94 97 120 #SUP: 440
2 36 55 67 71 79 88 90 94 104 #SUP: 528
2 36 67 71 79 88 90 94 97 104 #SUP: 528
5 9 36 38 41 57 90 94 97 128 #SUP: 540
5 9 36 38 67 71 90 94 97 104 #SUP: 512
5 11 23 36 38 67 71 90 94 104 #SUP: 632
5 11 23 36 38 67 79 90 94 104 #SUP: 440
5 11 23 36 38 67 88 90 94 104 #SUP: 440
5 11 23 36 38 67 90 94 97 104 #SUP: 720
5 11 36 38 41 57 90 94 97 128 #SUP: 540
5 11 36 38 56 67 71 90 94 97 #SUP: 504
5 11 36 38 56 67 90 94 97 128 #SUP: 480
5 11 36 38 56 71 90 94 97 128 #SUP: 480
5 12 36 67 71 79 88 90 94 97 #SUP: 430
5 23 36 38 41 57 67 90 94 104 #SUP: 952
5 23 36 38 41 57 71 90 94 104 #SUP: 952
5 23 36 38 41 57 79 90 94 104 #SUP: 448
5 23 36 38 41 57 88 90 94 104 #SUP: 448
5 23 36 38 41 57 90 94 104 120 #SUP: 512
5 23 36 38 41 67 71 79 90 94 #SUP: 628
5 23 36 38 41 67 71 88 90 94 #SUP: 628
5 23 36 38 41 67 71 90 94 104 #SUP: 1172
5 23 36 38 41 67 79 88 90 94 #SUP: 552
5 23 36 38 41 67 79 90 94 104 #SUP: 728
5 23 36 38 41 67 88 90 94 104 #SUP: 728
5 23 36 38 41 67 90 94 97 104 #SUP: 1288
5 23 36 38 41 71 79 88 90 94 #SUP: 456
5 23 36 38 41 71 79 90 94 104 #SUP: 632
5 23 36 38 41 71 88 90 94 104 #SUP: 632
5 23 36 38 41 71 90 94 97 104 #SUP: 1192
5 23 36 38 41 79 88 90 94 104 #SUP: 608
5 23 36 38 41 79 90 94 97 104 #SUP: 784
5 23 36 38 41 88 90 94 97 104 #SUP: 784
5 23 36 38 55 67 71 79 90 94 #SUP: 432
5 23 36 38 55 67 71 88 90 94 #SUP: 432
5 23 36 38 55 67 79 88 90 94 #SUP: 512
5 23 36 38 67 71 79 88 90 94 #SUP: 548
5 23 36 38 67 71 79 90 94 104 #SUP: 724
5 23 36 38 67 71 88 90 94 104 #SUP: 724
5 23 36 38 67 71 90 94 97 104 #SUP: 1284
5 23 36 38 67 71 90 94 104 120 #SUP: 522
5 23 36 38 67 79 88 90 94 104 #SUP: 664
5 23 36 38 67 79 90 94 97 104 #SUP: 840
5 23 36 38 67 88 90 94 97 104 #SUP: 840
5 23 36 38 67 90 94 97 104 107 #SUP: 672
5 23 36 38 67 90 94 97 104 108 #SUP: 672
5 23 36 38 67 90 94 97 104 120 #SUP: 532
5 23 36 38 71 79 88 90 94 104 #SUP: 568
5 23 36 38 71 79 90 94 97 104 #SUP: 744
5 23 36 38 71 88 90 94 97 104 #SUP: 744
5 23 36 38 71 90 94 97 104 120 #SUP: 532
5 23 36 38 79 88 90 94 97 104 #SUP: 720
5 23 36 56 57 67 90 94 97 104 #SUP: 984
5 23 36 56 57 71 90 94 97 104 #SUP: 984
5 23 36 56 57 79 90 94 97 104 #SUP: 480
5 23 36 56 57 88 90 94 97 104 #SUP: 480
5 23 36 56 57 90 94 97 104 120 #SUP: 552
5 23 36 57 67 71 90 94 104 120 #SUP: 506
5 23 36 67 71 79 88 90 94 104 #SUP: 580
5 23 36 67 71 79 90 94 97 104 #SUP: 756
5 23 36 67 71 88 90 94 97 104 #SUP: 756
5 23 36 67 71 90 94 97 104 108 #SUP: 648
5 23 36 67 71 90 94 97 104 120 #SUP: 562
5 23 36 67 79 88 90 94 97 104 #SUP: 696
5 23 36 71 79 88 90 94 97 104 #SUP: 600
5 24 36 38 42 63 90 94 97 120 #SUP: 596
5 24 36 42 90 94 97 100 114 120 #SUP: 608
5 24 36 56 79 88 90 94 97 100 #SUP: 656
5 36 38 41 57 90 94 97 120 128 #SUP: 540
5 36 38 41 57 90 94 97 121 128 #SUP: 540
5 36 38 55 67 71 79 88 90 94 #SUP: 544
5 36 38 55 67 79 88 90 94 97 #SUP: 632
5 36 38 55 67 79 88 90 94 104 #SUP: 624
5 36 38 56 67 71 90 94 97 120 #SUP: 594
5 36 38 56 67 71 90 94 97 128 #SUP: 912
5 36 38 56 67 90 94 97 120 128 #SUP: 528
5 36 38 56 71 90 94 97 120 128 #SUP: 528
5 36 38 57 67 71 79 90 94 104 #SUP: 436
5 36 38 57 67 71 88 90 94 104 #SUP: 436
5 36 38 57 67 71 90 94 97 104 #SUP: 996
5 36 38 57 67 71 90 94 104 120 #SUP: 506
5 36 38 57 67 79 90 94 97 104 #SUP: 456
5 36 38 57 67 88 90 94 97 104 #SUP: 456
5 36 38 57 67 90 94 97 104 120 #SUP: 516
5 36 38 57 71 79 90 94 97 104 #SUP: 456
5 36 38 57 71 88 90 94 97 104 #SUP: 456
5 36 38 57 71 90 94 97 104 120 #SUP: 516
5 36 38 67 71 79 88 90 94 97 #SUP: 680
5 36 38 67 71 79 88 90 94 104 #SUP: 660
5 36 38 67 71 79 90 94 97 104 #SUP: 836
5 36 38 67 71 88 90 94 97 104 #SUP: 836
5 36 38 67 71 90 94 97 104 107 #SUP: 688
5 36 38 67 71 90 94 97 104 108 #SUP: 688
5 36 38 67 71 90 94 97 104 120 #SUP: 578
5 36 38 67 71 90 94 97 120 128 #SUP: 528
5 36 38 67 79 88 90 94 97 104 #SUP: 776
5 36 38 67 79 90 94 97 104 107 #SUP: 448
5 36 38 67 79 90 94 97 104 108 #SUP: 448
5 36 38 67 88 90 94 97 104 107 #SUP: 448
5 36 38 67 88 90 94 97 104 108 #SUP: 448
5 36 38 71 79 88 90 94 97 104 #SUP: 680
5 36 41 56 67 71 79 90 94 97 #SUP: 452
5 36 41 56 67 71 88 90 94 97 #SUP: 452
5 36 41 56 67 79 88 90 94 97 #SUP: 424
5 36 41 56 71 79 88 90 94 97 #SUP: 424
5 36 41 56 79 88 90 94 97 122 #SUP: 584
5 36 41 67 71 79 88 90 94 97 #SUP: 516
5 36 41 67 71 79 88 90 94 104 #SUP: 428
5 36 41 67 79 88 90 94 97 122 #SUP: 468
5 36 42 67 71 79 88 90 94 97 #SUP: 436
5 36 55 67 71 79 88 90 94 104 #SUP: 648
5 36 55 67 79 88 90 94 97 104 #SUP: 704
5 36 56 67 71 90 94 97 120 128 #SUP: 528
5 36 57 67 71 79 90 94 97 104 #SUP: 564
5 36 57 67 71 88 90 94 97 104 #SUP: 564
5 36 57 67 71 90 94 97 104 120 #SUP: 594
5 36 57 67 71 90 94 97 104 128 #SUP: 1104
5 36 67 71 79 88 90 94 97 104 #SUP: 788
5 36 67 71 79 88 90 94 97 108 #SUP: 440
5 36 67 71 79 90 94 97 104 107 #SUP: 448
5 36 67 71 79 90 94 97 104 108 #SUP: 472
5 36 67 71 88 90 94 97 104 107 #SUP: 448
5 36 67 71 88 90 94 97 104 108 #SUP: 472
5 36 67 79 88 90 94 97 104 108 #SUP: 424
6 9 36 38 41 57 90 94 97 128 #SUP: 540
6 11 23 36 38 41 67 90 94 104 #SUP: 554
6 11 23 36 38 67 71 90 94 104 #SUP: 522
6 11 23 36 38 67 90 94 97 104 #SUP: 592
6 11 23 36 67 71 90 94 97 104 #SUP: 497
6 11 31 36 38 41 57 90 94 104 #SUP: 460
6 11 31 36 57 67 71 90 94 97 #SUP: 436
6 11 36 38 41 57 90 94 97 128 #SUP: 540
6 11 36 38 56 67 71 90 94 97 #SUP: 504
6 11 36 38 56 67 90 94 97 128 #SUP: 480
6 11 36 38 56 71 90 94 97 128 #SUP: 480
6 23 31 36 38 41 67 71 90 94 #SUP: 980
6 23 31 36 57 67 71 90 94 104 #SUP: 918
6 23 36 38 41 57 67 90 94 104 #SUP: 988
6 23 36 38 41 57 71 90 94 104 #SUP: 988
6 23 36 38 41 57 79 90 94 104 #SUP: 484
6 23 36 38 41 57 88 90 94 104 #SUP: 484
6 23 36 38 41 57 90 94 104 120 #SUP: 548
6 23 36 38 41 67 79 90 94 104 #SUP: 508
6 23 36 38 41 67 88 90 94 104 #SUP: 508
6 23 36 38 41 67 90 94 97 104 #SUP: 1032
6 23 36 38 41 79 90 94 97 104 #SUP: 528
6 23 36 38 41 88 90 94 97 104 #SUP: 528
6 23 36 38 67 71 79 90 94 104 #SUP: 504
6 23 36 38 67 71 88 90 94 104 #SUP: 504
6 23 36 38 67 71 90 94 97 104 #SUP: 1028
6 23 36 38 67 71 90 94 104 120 #SUP: 558
6 23 36 38 67 79 88 90 94 104 #SUP: 444
6 23 36 38 67 79 90 94 97 104 #SUP: 584
6 23 36 38 67 88 90 94 97 104 #SUP: 584
6 23 36 38 67 90 94 97 104 107 #SUP: 544
6 23 36 38 67 90 94 97 104 108 #SUP: 544
6 23 36 38 67 90 94 97 104 120 #SUP: 532
6 23 36 38 71 79 90 94 97 104 #SUP: 488
6 23 36 38 71 88 90 94 97 104 #SUP: 488
6 23 36 38 71 90 94 97 104 120 #SUP: 532
6 23 36 38 79 88 90 94 97 104 #SUP: 464
6 23 36 56 57 67 90 94 97 104 #SUP: 984
6 23 36 56 57 71 90 94 97 104 #SUP: 984
6 23 36 56 57 79 90 94 97 104 #SUP: 480
6 23 36 56 57 88 90 94 97 104 #SUP: 480
6 23 36 56 57 90 94 97 104 120 #SUP: 552
6 23 36 57 67 71 79 90 94 104 #SUP: 426
6 23 36 57 67 71 88 90 94 104 #SUP: 426
6 23 36 57 67 71 90 94 97 104 #SUP: 950
6 23 36 57 67 71 90 94 104 120 #SUP: 542
6 23 36 67 71 79 90 94 97 104 #SUP: 502
6 23 36 67 71 88 90 94 97 104 #SUP: 502
6 23 36 67 71 90 94 97 104 108 #SUP: 520
6 23 36 67 71 90 94 97 104 120 #SUP: 562
6 23 36 67 79 88 90 94 97 104 #SUP: 442
6 24 36 38 42 63 90 94 97 120 #SUP: 596
6 24 36 42 90 94 97 100 114 120 #SUP: 608
6 24 36 56 79 88 90 94 97 100 #SUP: 656
6 31 36 38 67 71 90 94 104 120 #SUP: 492
6 36 38 41 57 90 94 97 120 128 #SUP: 540
6 36 38 41 57 90 94 97 121 128 #SUP: 540
6 36 38 56 67 71 90 94 97 120 #SUP: 594
6 36 38 56 67 71 90 94 97 128 #SUP: 912
6 36 38 56 67 90 94 97 120 128 #SUP: 528
6 36 38 56 71 90 94 97 120 128 #SUP: 528
6 36 38 67 71 79 90 94 97 104 #SUP: 484
6 36 38 67 71 88 90 94 97 104 #SUP: 484
6 36 38 67 71 90 94 97 104 107 #SUP: 512
6 36 38 67 71 90 94 97 104 108 #SUP: 512
6 36 38 67 71 90 94 97 104 120 #SUP: 530
6 36 38 67 79 88 90 94 97 104 #SUP: 424
6 36 41 56 67 71 79 90 94 97 #SUP: 452
6 36 41 56 67 71 88 90 94 97 #SUP: 452
6 36 41 56 67 79 88 90 94 97 #SUP: 424
6 36 41 56 71 79 88 90 94 97 #SUP: 424
6 36 41 56 79 88 90 94 97 122 #SUP: 584
6 36 56 67 71 90 94 97 120 128 #SUP: 528
7 24 36 42 90 94 97 100 114 120 #SUP: 608
9 36 38 41 57 90 94 97 120 128 #SUP: 540
9 36 38 41 57 90 94 97 121 128 #SUP: 540
9 36 38 67 71 79 90 94 97 104 #SUP: 432
9 36 38 67 71 88 90 94 97 104 #SUP: 432
9 36 38 67 71 90 94 97 104 107 #SUP: 504
9 36 38 67 71 90 94 97 104 108 #SUP: 504
9 36 38 67 71 90 94 97 104 120 #SUP: 504
9 36 57 67 71 90 94 97 104 128 #SUP: 1008
11 13 23 36 38 67 90 94 97 104 #SUP: 448
11 23 31 36 38 41 67 71 90 94 #SUP: 1012
11 23 31 36 57 67 71 90 94 104 #SUP: 920
11 23 36 38 41 55 67 79 90 94 #SUP: 548
11 23 36 38 41 55 67 88 90 94 #SUP: 548
11 23 36 38 41 67 71 79 90 94 #SUP: 644
11 23 36 38 41 67 71 88 90 94 #SUP: 644
11 23 36 38 41 67 71 90 94 104 #SUP: 1172
11 23 36 38 41 67 79 88 90 94 #SUP: 620
11 23 36 38 41 67 79 90 94 104 #SUP: 788
11 23 36 38 41 67 88 90 94 104 #SUP: 788
11 23 36 38 55 67 71 79 90 94 #SUP: 484
11 23 36 38 55 67 71 88 90 94 #SUP: 484
11 23 36 38 55 67 79 88 90 94 #SUP: 652
11 23 36 38 67 71 79 88 90 94 #SUP: 556
11 23 36 38 67 71 79 90 94 104 #SUP: 724
11 23 36 38 67 71 88 90 94 104 #SUP: 724
11 23 36 38 67 71 90 94 97 104 #SUP: 1248
11 23 36 38 67 71 90 94 104 120 #SUP: 540
11 23 36 38 67 79 88 90 94 104 #SUP: 724
11 23 36 38 67 79 90 94 97 104 #SUP: 864
11 23 36 38 67 88 90 94 97 104 #SUP: 864
11 23 36 38 67 90 94 97 104 107 #SUP: 720
11 23 36 38 67 90 94 97 104 108 #SUP: 720
11 23 36 55 67 71 79 88 90 94 #SUP: 464
11 23 36 55 67 79 88 90 94 104 #SUP: 632
11 23 36 67 71 79 88 90 94 104 #SUP: 536
11 23 36 67 71 79 90 94 97 104 #SUP: 676
11 23 36 67 71 88 90 94 97 104 #SUP: 676
11 23 36 67 79 88 90 94 97 104 #SUP: 676
11 24 36 38 42 63 67 90 94 97 #SUP: 480
11 24 36 38 42 63 79 90 94 97 #SUP: 496
11 24 36 38 42 63 88 90 94 97 #SUP: 480
11 24 36 38 42 63 90 94 97 120 #SUP: 904
11 24 36 42 90 94 97 100 114 120 #SUP: 916
11 36 38 41 57 90 94 97 120 128 #SUP: 540
11 36 38 41 57 90 94 97 121 128 #SUP: 540
11 36 38 55 67 79 88 90 94 97 #SUP: 624
11 36 38 56 67 71 90 94 97 120 #SUP: 648
11 36 38 56 67 71 90 94 97 128 #SUP: 936
11 36 38 56 67 90 94 97 120 128 #SUP: 576
11 36 38 56 71 90 94 97 120 128 #SUP: 576
11 36 38 67 71 79 88 90 94 97 #SUP: 534
12 23 36 38 41 67 71 79 90 94 #SUP: 428
12 23 36 38 41 67 71 88 90 94 #SUP: 428
12 23 36 38 41 67 79 88 90 94 #SUP: 476
12 23 36 38 41 71 79 88 90 94 #SUP: 476
12 23 36 38 41 79 88 90 94 104 #SUP: 596
12 23 36 38 55 67 71 79 90 94 #SUP: 484
12 23 36 38 55 67 71 88 90 94 #SUP: 484
12 23 36 38 67 71 79 88 90 94 #SUP: 532
12 23 36 38 67 79 88 90 94 104 #SUP: 580
12 23 36 38 71 79 88 90 94 104 #SUP: 580
12 23 36 38 79 88 90 94 97 104 #SUP: 672
12 23 36 67 71 79 88 90 94 104 #SUP: 556
12 23 36 67 79 88 90 94 97 104 #SUP: 576
12 23 36 71 79 88 90 94 97 104 #SUP: 576
12 24 36 56 67 79 90 94 97 100 #SUP: 472
12 24 36 56 67 88 90 94 97 100 #SUP: 472
12 24 36 56 71 79 90 94 97 100 #SUP: 472
12 24 36 56 71 88 90 94 97 100 #SUP: 472
12 24 36 56 79 88 90 94 97 100 #SUP: 728
12 36 38 55 67 71 79 88 90 94 #SUP: 508
12 36 38 67 71 79 88 90 94 97 #SUP: 558
12 36 38 67 71 79 88 90 94 104 #SUP: 556
12 36 38 67 79 88 90 94 97 104 #SUP: 576
12 36 38 71 79 88 90 94 97 104 #SUP: 576
12 36 41 56 79 88 90 94 97 122 #SUP: 656
12 36 41 67 71 79 88 90 94 97 #SUP: 456
12 36 41 67 79 88 90 94 97 122 #SUP: 456
12 36 41 71 79 88 90 94 97 122 #SUP: 456
12 36 55 67 71 79 88 90 94 104 #SUP: 568
12 36 67 71 79 88 90 94 97 104 #SUP: 600
13 23 36 38 67 71 90 94 97 104 #SUP: 704
13 24 36 38 42 67 90 94 97 120 #SUP: 456
13 24 36 38 42 71 90 94 97 120 #SUP: 456
13 24 36 38 42 79 90 94 97 120 #SUP: 472
13 24 36 38 42 88 90 94 97 120 #SUP: 456
13 24 36 42 90 94 97 100 114 120 #SUP: 928
13 24 36 56 79 88 90 94 97 100 #SUP: 472
13 36 38 56 67 71 90 94 97 120 #SUP: 504
13 36 38 56 67 71 90 94 97 128 #SUP: 648
13 36 38 56 67 90 94 97 120 128 #SUP: 432
13 36 38 56 71 90 94 97 120 128 #SUP: 432
16 23 36 38 41 57 67 90 94 104 #SUP: 632
16 23 36 38 41 57 71 90 94 104 #SUP: 632
16 36 38 57 67 71 90 94 97 104 #SUP: 632
16 36 41 56 79 88 90 94 97 122 #SUP: 560
16 36 57 67 71 90 94 97 104 128 #SUP: 640
20 36 38 56 67 71 90 94 97 120 #SUP: 504
20 36 38 56 67 71 90 94 97 128 #SUP: 648
20 36 38 56 67 90 94 97 120 128 #SUP: 432
20 36 38 56 71 90 94 97 120 128 #SUP: 432
21 23 36 38 67 79 88 90 94 104 #SUP: 456
21 23 36 38 71 79 88 90 94 104 #SUP: 456
21 23 36 38 79 88 90 94 97 104 #SUP: 480
21 23 36 67 71 79 88 90 94 104 #SUP: 488
21 23 36 67 79 88 90 94 97 104 #SUP: 488
21 23 36 71 79 88 90 94 97 104 #SUP: 488
21 36 38 55 67 79 88 90 94 97 #SUP: 432
21 36 38 67 71 79 88 90 94 104 #SUP: 464
21 36 38 67 79 88 90 94 97 104 #SUP: 464
21 36 38 71 79 88 90 94 97 104 #SUP: 464
21 36 55 67 71 79 88 90 94 104 #SUP: 516
21 36 67 71 79 88 90 94 97 104 #SUP: 528
23 31 36 38 41 53 67 71 90 94 #SUP: 584
23 31 36 38 41 67 71 79 90 94 #SUP: 776
23 31 36 38 41 67 71 88 90 94 #SUP: 776
23 31 36 53 57 67 71 90 94 104 #SUP: 496
23 31 36 57 67 71 79 90 94 104 #SUP: 688
23 31 36 57 67 71 88 90 94 104 #SUP: 688
23 31 36 57 67 71 90 94 97 104 #SUP: 1736
23 36 38 41 50 67 90 94 97 104 #SUP: 544
23 36 38 41 53 57 67 90 94 104 #SUP: 536
23 36 38 41 53 57 71 90 94 104 #SUP: 536
23 36 38 41 53 67 71 90 94 104 #SUP: 640
23 36 38 41 53 67 79 90 94 104 #SUP: 440
23 36 38 41 53 67 88 90 94 104 #SUP: 440
23 36 38 41 53 67 90 94 97 104 #SUP: 672
23 36 38 41 53 71 90 94 97 104 #SUP: 608
23 36 38 41 53 79 90 94 97 104 #SUP: 432
23 36 38 41 53 88 90 94 97 104 #SUP: 432
23 36 38 41 55 67 71 79 90 94 #SUP: 712
23 36 38 41 55 67 71 88 90 94 #SUP: 712
23 36 38 41 55 67 79 88 90 94 #SUP: 856
23 36 38 41 56 57 90 94 97 104 #SUP: 2016
23 36 38 41 57 67 71 90 94 104 #SUP: 1904
23 36 38 41 57 67 79 90 94 104 #SUP: 824
23 36 38 41 57 67 88 90 94 104 #SUP: 824
23 36 38 41 57 67 90 94 104 120 #SUP: 1024
23 36 38 41 57 71 79 90 94 104 #SUP: 824
23 36 38 41 57 71 88 90 94 104 #SUP: 824
23 36 38 41 57 71 90 94 104 120 #SUP: 1024
23 36 38 41 57 79 88 90 94 104 #SUP: 584
23 36 38 41 57 79 90 94 104 120 #SUP: 520
23 36 38 41 57 88 90 94 104 120 #SUP: 520
23 36 38 41 67 71 79 88 90 94 #SUP: 928
23 36 38 41 67 71 79 90 94 104 #SUP: 1264
23 36 38 41 67 71 88 90 94 104 #SUP: 1264
23 36 38 41 67 71 90 94 97 104 #SUP: 2312
23 36 38 41 67 79 88 90 94 104 #SUP: 1144
23 36 38 41 67 79 90 94 97 104 #SUP: 1424
23 36 38 41 67 88 90 94 97 104 #SUP: 1424
23 36 38 41 71 79 88 90 94 104 #SUP: 952
23 36 38 41 71 79 90 94 97 104 #SUP: 1232
23 36 38 41 71 88 90 94 97 104 #SUP: 1232
23 36 38 41 79 88 90 94 97 104 #SUP: 1184
23 36 38 41 79 88 90 94 104 122 #SUP: 532
23 36 38 44 67 71 90 94 97 104 #SUP: 624
23 36 38 50 67 71 90 94 97 104 #SUP: 520
23 36 38 53 67 71 90 94 97 104 #SUP: 648
23 36 38 53 67 79 90 94 97 104 #SUP: 448
23 36 38 53 67 88 90 94 97 104 #SUP: 448
23 36 38 55 67 71 79 88 90 94 #SUP: 920
23 36 38 55 67 79 88 90 94 104 #SUP: 1064
23 36 38 67 71 79 88 90 94 104 #SUP: 1136
23 36 38 67 71 79 90 94 97 104 #SUP: 1416
23 36 38 67 71 79 90 94 104 120 #SUP: 540
23 36 38 67 71 88 90 94 97 104 #SUP: 1416
23 36 38 67 71 88 90 94 104 120 #SUP: 540
23 36 38 67 71 90 94 97 104 107 #SUP: 1248
23 36 38 67 71 90 94 97 104 108 #SUP: 1248
23 36 38 67 71 90 94 97 104 120 #SUP: 1028
23 36 38 67 79 88 90 94 97 104 #SUP: 1296
23 36 38 67 79 88 90 94 104 122 #SUP: 588
23 36 38 67 79 90 94 97 104 107 #SUP: 768
23 36 38 67 79 90 94 97 104 108 #SUP: 768
23 36 38 67 79 90 94 97 104 120 #SUP: 488
23 36 38 67 88 90 94 97 104 107 #SUP: 768
23 36 38 67 88 90 94 97 104 108 #SUP: 768
23 36 38 67 88 90 94 97 104 120 #SUP: 488
23 36 38 71 79 88 90 94 97 104 #SUP: 1104
23 36 38 71 79 88 90 94 104 122 #SUP: 492
23 36 38 71 79 90 94 97 104 120 #SUP: 488
23 36 38 71 88 90 94 97 104 120 #SUP: 488
23 36 38 79 88 90 94 97 104 119 #SUP: 624
23 36 38 79 88 90 94 97 104 122 #SUP: 624
23 36 50 56 57 67 90 94 97 104 #SUP: 512
23 36 50 56 57 71 90 94 97 104 #SUP: 512
23 36 53 56 57 67 90 94 97 104 #SUP: 512
23 36 53 56 57 71 90 94 97 104 #SUP: 512
23 36 53 57 67 71 90 94 97 104 #SUP: 496
23 36 55 67 71 79 88 90 94 104 #SUP: 880
23 36 55 67 79 88 90 94 97 104 #SUP: 968
23 36 56 57 67 71 90 94 97 104 #SUP: 1896
23 36 56 57 67 79 90 94 97 104 #SUP: 816
23 36 56 57 67 88 90 94 97 104 #SUP: 816
23 36 56 57 67 90 94 97 104 120 #SUP: 1032
23 36 56 57 71 79 90 94 97 104 #SUP: 816
23 36 56 57 71 88 90 94 97 104 #SUP: 816
23 36 56 57 71 90 94 97 104 120 #SUP: 1032
23 36 56 57 79 88 90 94 97 104 #SUP: 576
23 36 56 57 79 90 94 97 104 120 #SUP: 528
23 36 56 57 88 90 94 97 104 120 #SUP: 528
23 36 57 67 71 79 88 90 94 104 #SUP: 472
23 36 57 67 71 79 90 94 97 104 #SUP: 752
23 36 57 67 71 79 90 94 104 120 #SUP: 508
23 36 57 67 71 88 90 94 97 104 #SUP: 752
23 36 57 67 71 88 90 94 104 120 #SUP: 508
23 36 57 67 79 88 90 94 97 104 #SUP: 440
23 36 57 71 79 88 90 94 97 104 #SUP: 440
23 36 67 71 79 88 90 94 97 104 #SUP: 1136
23 36 67 71 79 88 90 94 104 120 #SUP: 444
23 36 67 71 79 90 94 97 104 108 #SUP: 720
23 36 67 71 79 90 94 97 104 120 #SUP: 548
23 36 67 71 88 90 94 97 104 108 #SUP: 720
23 36 67 71 88 90 94 97 104 120 #SUP: 548
23 36 67 71 90 94 97 104 108 120 #SUP: 544
23 36 67 79 88 90 94 97 104 108 #SUP: 624
24 36 38 42 63 67 79 90 94 97 #SUP: 480
24 36 38 42 63 67 88 90 94 97 #SUP: 480
24 36 38 42 63 67 90 94 97 120 #SUP: 888
24 36 38 42 63 79 88 90 94 97 #SUP: 480
24 36 38 42 63 79 90 94 97 120 #SUP: 920
24 36 38 42 63 88 90 94 97 120 #SUP: 888
24 36 38 42 63 90 94 97 120 128 #SUP: 632
24 36 38 42 67 71 90 94 97 120 #SUP: 528
24 36 38 42 67 79 88 90 94 97 #SUP: 456
24 36 38 42 67 79 90 94 97 120 #SUP: 552
24 36 38 42 67 88 90 94 97 120 #SUP: 552
24 36 38 42 71 79 90 94 97 120 #SUP: 528
24 36 38 42 71 88 90 94 97 120 #SUP: 528
24 36 38 42 79 88 90 94 97 120 #SUP: 552
24 36 42 67 90 94 97 100 114 120 #SUP: 900
24 36 42 71 90 94 97 100 114 120 #SUP: 900
24 36 42 79 90 94 97 100 114 120 #SUP: 968
24 36 42 90 94 97 100 114 120 123 #SUP: 648
24 36 56 67 71 79 90 94 97 100 #SUP: 472
24 36 56 67 71 88 90 94 97 100 #SUP: 472
24 36 56 67 79 88 90 94 97 100 #SUP: 728
24 36 56 71 79 88 90 94 97 100 #SUP: 728
31 36 38 67 71 79 90 94 104 120 #SUP: 424
31 36 38 67 71 88 90 94 104 120 #SUP: 424
36 38 42 55 67 79 88 90 94 97 #SUP: 496
36 38 42 67 71 79 88 90 94 97 #SUP: 556
36 38 42 67 71 79 90 94 97 120 #SUP: 440
36 38 42 67 71 88 90 94 97 120 #SUP: 440
36 38 42 67 79 88 90 94 97 120 #SUP: 464
36 38 42 71 79 88 90 94 97 120 #SUP: 440
36 38 50 57 67 71 90 94 97 104 #SUP: 480
36 38 55 67 71 79 88 90 94 104 #SUP: 1064
36 38 55 67 79 88 90 94 97 104 #SUP: 1152
36 38 56 67 71 77 90 94 97 120 #SUP: 504
36 38 56 67 71 77 90 94 97 128 #SUP: 648
36 38 56 67 71 79 90 94 97 120 #SUP: 540
36 38 56 67 71 79 90 94 97 128 #SUP: 648
36 38 56 67 71 86 90 94 97 120 #SUP: 504
36 38 56 67 71 86 90 94 97 128 #SUP: 648
36 38 56 67 71 88 90 94 97 120 #SUP: 540
36 38 56 67 71 88 90 94 97 128 #SUP: 648
36 38 56 67 71 90 94 97 120 128 #SUP: 1008
36 38 56 67 77 90 94 97 120 128 #SUP: 432
36 38 56 67 79 90 94 97 120 128 #SUP: 432
36 38 56 67 86 90 94 97 120 128 #SUP: 432
36 38 56 67 88 90 94 97 120 128 #SUP: 432
36 38 56 71 77 90 94 97 120 128 #SUP: 432
36 38 56 71 79 90 94 97 120 128 #SUP: 432
36 38 56 71 86 90 94 97 120 128 #SUP: 432
36 38 56 71 88 90 94 97 120 128 #SUP: 432
36 38 57 67 71 79 88 90 94 104 #SUP: 464
36 38 57 67 71 79 90 94 97 104 #SUP: 744
36 38 57 67 71 79 90 94 104 120 #SUP: 460
36 38 57 67 71 88 90 94 97 104 #SUP: 744
36 38 57 67 71 88 90 94 104 120 #SUP: 460
36 38 57 67 71 90 94 97 104 120 #SUP: 948
36 38 57 67 71 90 94 97 104 128 #SUP: 1824
36 38 57 67 79 88 90 94 97 104 #SUP: 432
36 38 57 71 79 88 90 94 97 104 #SUP: 432
36 38 67 71 79 88 90 94 97 104 #SUP: 1224
36 38 67 71 79 88 90 94 97 120 #SUP: 464
36 38 67 71 79 88 90 94 104 120 #SUP: 444
36 38 67 71 79 90 94 97 104 107 #SUP: 768
36 38 67 71 79 90 94 97 104 108 #SUP: 768
36 38 67 71 79 90 94 97 104 120 #SUP: 548
36 38 67 71 88 90 94 97 104 107 #SUP: 768
36 38 67 71 88 90 94 97 104 108 #SUP: 768
36 38 67 71 88 90 94 97 104 120 #SUP: 548
36 38 67 71 90 94 97 104 107 120 #SUP: 544
36 38 67 71 90 94 97 104 108 120 #SUP: 544
36 38 67 79 88 90 94 97 104 107 #SUP: 672
36 38 67 79 88 90 94 97 104 108 #SUP: 672
36 38 67 79 88 90 94 97 104 119 #SUP: 600
36 38 71 79 88 90 94 97 104 119 #SUP: 504
36 41 55 67 71 79 88 90 94 104 #SUP: 688
36 41 55 67 79 88 90 94 104 122 #SUP: 532
36 41 55 71 79 88 90 94 104 122 #SUP: 436
36 41 56 64 79 88 90 94 97 122 #SUP: 584
36 41 56 67 71 79 88 90 94 97 #SUP: 520
36 41 56 67 79 88 90 94 97 122 #SUP: 584
36 41 56 68 79 88 90 94 97 122 #SUP: 584
36 41 56 71 79 88 90 94 97 122 #SUP: 584
36 41 56 79 88 90 94 97 119 122 #SUP: 584
36 41 67 71 79 88 90 94 97 122 #SUP: 548
36 41 67 79 88 90 94 97 119 122 #SUP: 468
36 42 67 71 79 88 90 94 97 104 #SUP: 648
36 42 67 71 79 88 90 94 97 120 #SUP: 476
36 44 57 67 71 90 94 97 104 128 #SUP: 512
36 50 57 67 71 90 94 97 104 128 #SUP: 512
36 51 57 67 71 90 94 97 104 128 #SUP: 480
36 55 67 71 79 88 90 94 97 104 #SUP: 1064
36 55 67 71 79 88 90 94 104 119 #SUP: 516
36 55 67 71 79 88 90 94 104 122 #SUP: 492
36 55 67 79 88 90 94 97 104 107 #SUP: 624
36 55 67 79 88 90 94 97 104 108 #SUP: 624
36 55 67 79 88 90 94 97 104 119 #SUP: 576
36 56 67 71 79 90 94 97 120 128 #SUP: 456
36 56 67 71 88 90 94 97 120 128 #SUP: 456
36 57 67 71 79 88 90 94 97 104 #SUP: 560
36 57 67 71 79 90 94 97 104 120 #SUP: 516
36 57 67 71 79 90 94 97 104 128 #SUP: 864
36 57 67 71 88 90 94 97 104 120 #SUP: 516
36 57 67 71 88 90 94 97 104 128 #SUP: 864
36 57 67 71 90 94 97 104 107 128 #SUP: 960
36 57 67 71 90 94 97 104 108 128 #SUP: 1008
36 57 67 71 90 94 97 104 120 128 #SUP: 1056
36 67 71 79 88 90 94 97 104 107 #SUP: 624
36 67 71 79 88 90 94 97 104 108 #SUP: 672
36 67 71 79 88 90 94 97 104 119 #SUP: 516
36 67 71 79 88 90 94 97 104 120 #SUP: 500
1 5 9 31 36 41 56 67 90 94 97 #SUP: 560
1 5 9 31 36 41 56 71 90 94 97 #SUP: 560
1 5 9 31 36 41 67 71 90 94 104 #SUP: 444
1 5 9 31 36 57 67 71 90 94 97 #SUP: 435
1 5 11 23 36 38 41 67 71 90 94 #SUP: 600
1 5 11 23 36 38 41 67 90 94 104 #SUP: 664
1 5 11 31 36 38 41 57 90 94 104 #SUP: 442
1 5 11 31 36 38 67 90 94 97 128 #SUP: 456
1 5 11 31 36 57 67 71 90 94 97 #SUP: 435
1 5 23 31 36 38 41 67 71 90 94 #SUP: 944
1 5 23 36 38 41 67 71 79 90 94 #SUP: 592
1 5 23 36 38 41 67 71 88 90 94 #SUP: 592
1 5 23 36 38 41 67 71 90 94 104 #SUP: 1136
1 5 23 36 38 41 67 79 88 90 94 #SUP: 480
1 5 23 36 38 41 67 79 90 94 104 #SUP: 656
1 5 23 36 38 41 67 88 90 94 104 #SUP: 656
1 5 23 36 38 41 67 90 94 97 104 #SUP: 1216
1 5 23 36 38 41 67 90 94 104 121 #SUP: 488
1 5 23 36 57 67 71 90 94 104 120 #SUP: 488
1 5 23 36 67 71 79 90 94 97 104 #SUP: 592
1 5 23 36 67 71 88 90 94 97 104 #SUP: 592
1 5 23 36 67 71 90 94 97 104 108 #SUP: 584
1 5 23 36 67 79 88 90 94 97 104 #SUP: 496
1 5 24 31 36 39 79 90 94 97 100 #SUP: 536
1 5 24 31 36 60 79 88 90 94 97 #SUP: 544
1 5 31 36 38 41 57 90 94 104 121 #SUP: 444
1 5 31 36 38 41 57 90 94 104 128 #SUP: 866
1 5 31 36 38 67 71 90 94 97 104 #SUP: 896
1 5 31 36 38 67 71 90 94 104 120 #SUP: 456
1 5 31 36 38 67 71 90 94 104 121 #SUP: 456
1 5 31 36 38 67 90 94 97 120 128 #SUP: 444
1 5 31 36 38 67 90 94 97 121 128 #SUP: 444
1 5 31 36 41 56 67 71 90 94 97 #SUP: 992
1 5 31 36 41 56 67 79 90 94 97 #SUP: 544
1 5 31 36 41 56 67 88 90 94 97 #SUP: 544
1 5 31 36 41 56 67 90 94 97 107 #SUP: 560
1 5 31 36 41 56 67 90 94 97 108 #SUP: 560
1 5 31 36 41 56 71 79 90 94 97 #SUP: 544
1 5 31 36 41 56 71 88 90 94 97 #SUP: 544
1 5 31 36 41 56 71 90 94 97 107 #SUP: 560
1 5 31 36 41 56 71 90 94 97 108 #SUP: 560
1 5 31 36 41 56 79 88 90 94 97 #SUP: 608
1 5 31 36 57 67 71 90 94 97 120 #SUP: 438
1 5 31 38 41 67 71 90 97 104 108 #SUP: 444
1 5 31 38 41 67 71 90 97 104 120 #SUP: 456
1 5 36 38 67 71 79 90 94 97 104 #SUP: 576
1 5 36 38 67 71 88 90 94 97 104 #SUP: 576
1 5 36 38 67 71 90 94 97 104 107 #SUP: 576
1 5 36 38 67 71 90 94 97 104 108 #SUP: 576
1 5 36 38 67 79 88 90 94 97 104 #SUP: 480
1 5 36 41 67 71 79 88 90 94 97 #SUP: 480
1 5 36 41 67 79 88 90 94 97 122 #SUP: 432
1 5 36 67 71 79 88 90 94 97 104 #SUP: 432
1 6 9 31 36 41 56 67 90 94 97 #SUP: 560
1 6 9 31 36 41 56 71 90 94 97 #SUP: 560
1 6 9 31 36 57 67 71 90 94 97 #SUP: 435
1 6 11 23 36 38 41 67 90 94 104 #SUP: 536
1 6 11 31 36 38 41 57 90 94 104 #SUP: 442
1 6 11 31 36 38 67 90 94 97 128 #SUP: 456
1 6 11 31 36 57 67 71 90 94 97 #SUP: 435
1 6 23 31 36 38 41 67 71 90 94 #SUP: 944
1 6 23 36 38 41 67 90 94 97 104 #SUP: 960
1 6 23 36 38 41 67 90 94 104 121 #SUP: 488
1 6 23 36 57 67 71 90 94 104 120 #SUP: 488
1 6 24 31 36 39 79 90 94 97 100 #SUP: 536
1 6 24 31 36 60 79 88 90 94 97 #SUP: 544
1 6 31 36 38 41 57 90 94 104 121 #SUP: 444
1 6 31 36 38 41 57 90 94 104 128 #SUP: 866
1 6 31 36 38 67 71 90 94 97 104 #SUP: 896
1 6 31 36 38 67 71 90 94 104 120 #SUP: 456
1 6 31 36 38 67 71 90 94 104 121 #SUP: 456
1 6 31 36 38 67 90 94 97 120 128 #SUP: 444
1 6 31 36 38 67 90 94 97 121 128 #SUP: 444
1 6 31 36 41 56 67 71 90 94 97 #SUP: 992
1 6 31 36 41 56 67 79 90 94 97 #SUP: 544
1 6 31 36 41 56 67 88 90 94 97 #SUP: 544
1 6 31 36 41 56 67 90 94 97 107 #SUP: 560
1 6 31 36 41 56 67 90 94 97 108 #SUP: 560
1 6 31 36 41 56 71 79 90 94 97 #SUP: 544
1 6 31 36 41 56 71 88 90 94 97 #SUP: 544
1 6 31 36 41 56 71 90 94 97 107 #SUP: 560
1 6 31 36 41 56 71 90 94 97 108 #SUP: 560
1 6 31 36 41 56 79 88 90 94 97 #SUP: 608
1 6 31 36 57 67 71 90 94 97 120 #SUP: 438
1 6 31 38 41 67 71 90 97 104 108 #SUP: 444
1 6 31 38 41 67 71 90 97 104 120 #SUP: 456
1 9 24 31 36 39 79 90 94 97 100 #SUP: 548
1 9 24 31 36 60 79 88 90 94 97 #SUP: 608
1 9 31 36 38 67 71 90 94 97 104 #SUP: 960
1 9 31 36 41 56 67 71 90 94 97 #SUP: 992
1 9 31 36 41 56 67 79 90 94 97 #SUP: 544
1 9 31 36 41 56 67 88 90 94 97 #SUP: 544
1 9 31 36 41 56 67 90 94 97 107 #SUP: 560
1 9 31 36 41 56 67 90 94 97 108 #SUP: 560
1 9 31 36 41 56 71 79 90 94 97 #SUP: 544
1 9 31 36 41 56 71 88 90 94 97 #SUP: 544
1 9 31 36 41 56 71 90 94 97 107 #SUP: 560
1 9 31 36 41 56 71 90 94 97 108 #SUP: 560
1 9 31 36 41 56 79 88 90 94 97 #SUP: 608
1 9 31 36 57 67 71 90 94 97 120 #SUP: 441
1 11 23 31 36 38 41 67 71 90 94 #SUP: 976
1 11 23 36 38 41 55 67 79 90 94 #SUP: 512
1 11 23 36 38 41 55 67 88 90 94 #SUP: 512
1 11 23 36 38 41 67 71 79 90 94 #SUP: 608
1 11 23 36 38 41 67 71 88 90 94 #SUP: 608
1 11 23 36 38 41 67 71 90 94 104 #SUP: 1136
1 11 23 36 38 41 67 79 88 90 94 #SUP: 584
1 11 23 36 38 41 67 79 90 94 104 #SUP: 752
1 11 23 36 38 41 67 88 90 94 104 #SUP: 752
1 11 23 36 38 41 67 90 94 97 104 #SUP: 1312
1 11 23 36 38 41 67 90 94 104 121 #SUP: 536
1 11 31 36 38 41 57 90 94 104 121 #SUP: 448
1 11 31 36 38 41 57 90 94 104 128 #SUP: 868
1 11 31 36 38 67 90 94 97 120 128 #SUP: 456
1 11 31 36 38 67 90 94 97 121 128 #SUP: 456
1 11 31 36 57 67 71 90 94 97 120 #SUP: 441
1 11 36 38 55 67 79 88 90 94 97 #SUP: 496
1 13 23 31 36 38 41 67 71 90 94 #SUP: 632
1 13 23 36 38 41 67 90 94 97 104 #SUP: 672
1 13 31 36 38 41 57 90 94 104 128 #SUP: 584
1 13 31 36 38 67 71 90 94 97 104 #SUP: 624
1 13 31 36 41 56 67 71 90 94 97 #SUP: 640
1 16 24 31 36 60 79 88 90 94 97 #SUP: 560
1 16 31 36 38 67 71 90 94 97 104 #SUP: 624
1 16 31 36 41 56 67 71 90 94 97 #SUP: 704
1 16 31 36 41 56 67 79 90 94 97 #SUP: 448
1 16 31 36 41 56 67 88 90 94 97 #SUP: 448
1 16 31 36 41 56 71 79 90 94 97 #SUP: 448
1 16 31 36 41 56 71 88 90 94 97 #SUP: 448
1 16 31 36 41 56 79 88 90 94 97 #SUP: 576
1 20 23 31 36 38 41 67 71 90 94 #SUP: 624
1 23 31 36 38 41 53 67 71 90 94 #SUP: 560
1 23 31 36 38 41 67 71 79 90 94 #SUP: 704
1 23 31 36 38 41 67 71 88 90 94 #SUP: 704
1 23 36 38 41 44 67 90 94 97 104 #SUP: 624
1 23 36 38 41 50 67 90 94 97 104 #SUP: 496
1 23 36 38 41 53 67 71 90 94 104 #SUP: 592
1 23 36 38 41 53 67 90 94 97 104 #SUP: 624
1 23 36 38 41 55 67 71 79 90 94 #SUP: 640
1 23 36 38 41 55 67 71 88 90 94 #SUP: 640
1 23 36 38 41 55 67 79 88 90 94 #SUP: 784
1 23 36 38 41 67 71 79 88 90 94 #SUP: 784
1 23 36 38 41 67 71 79 90 94 104 #SUP: 1120
1 23 36 38 41 67 71 88 90 94 104 #SUP: 1120
1 23 36 38 41 67 71 90 94 97 104 #SUP: 2240
1 23 36 38 41 67 79 88 90 94 104 #SUP: 928
1 23 36 38 41 67 79 90 94 97 104 #SUP: 1280
1 23 36 38 41 67 88 90 94 97 104 #SUP: 1280
1 23 36 38 41 67 90 94 97 104 107 #SUP: 1216
1 23 36 38 41 67 90 94 97 104 108 #SUP: 1216
1 23 36 38 41 67 90 94 97 104 121 #SUP: 960
1 23 36 67 71 79 88 90 94 97 104 #SUP: 800
1 23 36 67 71 79 90 94 97 104 108 #SUP: 592
1 23 36 67 71 88 90 94 97 104 108 #SUP: 592
1 23 36 67 79 88 90 94 97 104 108 #SUP: 496
1 24 31 36 39 41 79 88 90 94 122 #SUP: 1312
1 24 31 36 39 64 79 90 94 97 100 #SUP: 548
1 24 31 36 39 67 79 90 94 97 100 #SUP: 548
1 24 31 36 39 68 79 90 94 97 100 #SUP: 548
1 24 31 36 39 71 79 90 94 97 100 #SUP: 548
1 24 31 36 60 67 79 88 90 94 97 #SUP: 608
1 24 31 36 60 71 79 88 90 94 97 #SUP: 608
1 24 31 36 60 79 88 90 94 97 107 #SUP: 560
1 24 31 36 60 79 88 90 94 97 108 #SUP: 560
1 31 36 38 41 53 57 90 94 104 128 #SUP: 440
1 31 36 38 41 57 90 94 104 121 128 #SUP: 872
1 31 36 38 44 67 71 90 94 97 104 #SUP: 456
1 31 36 38 50 67 71 90 94 97 104 #SUP: 456
1 31 36 38 67 71 79 90 94 97 104 #SUP: 672
1 31 36 38 67 71 88 90 94 97 104 #SUP: 672
1 31 36 38 67 71 90 94 97 104 107 #SUP: 912
1 31 36 38 67 71 90 94 97 104 108 #SUP: 912
1 31 36 38 67 71 90 94 97 104 120 #SUP: 912
1 31 36 38 67 71 90 94 97 104 121 #SUP: 912
1 31 36 41 44 56 67 71 90 94 97 #SUP: 496
1 31 36 41 50 56 67 71 90 94 97 #SUP: 496
1 31 36 41 56 67 71 79 90 94 97 #SUP: 832
1 31 36 41 56 67 71 88 90 94 97 #SUP: 832
1 31 36 41 56 67 71 90 94 97 107 #SUP: 992
1 31 36 41 56 67 71 90 94 97 108 #SUP: 992
1 31 36 41 56 67 79 88 90 94 97 #SUP: 704
1 31 36 41 56 67 79 90 94 97 107 #SUP: 544
1 31 36 41 56 67 79 90 94 97 108 #SUP: 544
1 31 36 41 56 67 88 90 94 97 107 #SUP: 544
1 31 36 41 56 67 88 90 94 97 108 #SUP: 544
1 31 36 41 56 71 79 88 90 94 97 #SUP: 704
1 31 36 41 56 71 79 90 94 97 107 #SUP: 544
1 31 36 41 56 71 79 90 94 97 108 #SUP: 544
1 31 36 41 56 71 88 90 94 97 107 #SUP: 544
1 31 36 41 56 71 88 90 94 97 108 #SUP: 544
1 31 36 41 56 79 88 90 94 97 107 #SUP: 608
1 31 36 41 56 79 88 90 94 97 108 #SUP: 608
1 31 38 41 67 71 90 97 104 108 120 #SUP: 456
1 36 38 55 67 71 79 88 90 94 104 #SUP: 640
1 36 38 55 67 79 88 90 94 97 104 #SUP: 800
1 36 38 67 71 79 88 90 94 97 104 #SUP: 800
1 36 38 67 71 79 90 94 97 104 107 #SUP: 592
1 36 38 67 71 79 90 94 97 104 108 #SUP: 592
1 36 38 67 71 88 90 94 97 104 107 #SUP: 592
1 36 38 67 71 88 90 94 97 104 108 #SUP: 592
1 36 38 67 79 88 90 94 97 104 107 #SUP: 496
1 36 38 67 79 88 90 94 97 104 108 #SUP: 496
1 36 41 55 67 71 79 88 90 94 104 #SUP: 616
1 36 41 55 67 79 88 90 94 104 119 #SUP: 424
1 36 41 55 67 79 88 90 94 104 122 #SUP: 496
1 36 41 67 71 79 88 90 94 97 107 #SUP: 480
1 36 41 67 71 79 88 90 94 97 108 #SUP: 480
1 36 41 67 71 79 88 90 94 97 122 #SUP: 512
1 36 41 67 79 88 90 94 97 107 122 #SUP: 432
1 36 41 67 79 88 90 94 97 108 122 #SUP: 432
1 36 41 67 79 88 90 94 97 119 122 #SUP: 432
1 36 67 71 79 88 90 94 97 104 108 #SUP: 448
2 5 24 29 36 38 66 70 90 94 97 #SUP: 696
2 5 24 36 38 66 70 90 94 97 120 #SUP: 468
2 5 29 36 38 41 57 90 94 97 110 #SUP: 792
2 6 24 29 36 38 66 70 90 94 97 #SUP: 696
2 6 24 36 38 66 70 90 94 97 120 #SUP: 468
2 6 29 36 38 41 57 90 94 97 110 #SUP: 792
2 11 24 29 36 38 66 70 90 94 97 #SUP: 720
2 11 24 29 36 38 66 90 94 97 120 #SUP: 468
2 11 24 29 36 38 70 90 94 97 120 #SUP: 468
2 11 24 36 38 66 70 90 94 97 120 #SUP: 540
2 12 24 36 38 42 67 90 94 97 120 #SUP: 456
2 12 24 36 38 42 71 90 94 97 120 #SUP: 456
2 12 24 36 38 42 79 90 94 97 120 #SUP: 456
2 12 24 36 38 42 88 90 94 97 120 #SUP: 456
2 16 29 36 38 41 57 90 94 97 110 #SUP: 744
2 24 29 36 38 66 70 77 90 94 97 #SUP: 504
2 24 29 36 38 66 70 86 90 94 97 #SUP: 504
2 24 29 36 38 66 70 90 94 97 120 #SUP: 792
2 24 29 36 38 66 70 90 94 97 125 #SUP: 480
2 24 29 36 38 66 70 90 94 97 128 #SUP: 480
2 24 36 38 42 67 71 90 94 97 120 #SUP: 480
2 24 36 38 42 67 79 90 94 97 120 #SUP: 480
2 24 36 38 42 67 88 90 94 97 120 #SUP: 480
2 24 36 38 42 71 79 90 94 97 120 #SUP: 480
2 24 36 38 42 71 88 90 94 97 120 #SUP: 480
2 24 36 38 42 79 88 90 94 97 120 #SUP: 480
2 24 36 38 66 70 77 90 94 97 120 #SUP: 432
2 24 36 38 66 70 86 90 94 97 120 #SUP: 432
2 29 36 38 41 46 57 90 94 97 110 #SUP: 528
2 29 36 38 41 50 57 90 94 97 110 #SUP: 528
2 29 36 38 41 57 90 94 97 110 120 #SUP: 792
2 29 36 38 41 57 90 94 97 110 122 #SUP: 576
2 36 38 42 67 71 79 88 90 94 97 #SUP: 460
2 36 38 55 67 71 79 88 90 94 104 #SUP: 424
2 36 38 67 71 79 88 90 94 97 104 #SUP: 424
5 9 36 57 67 71 90 94 97 104 128 #SUP: 552
5 11 23 36 38 67 71 90 94 97 104 #SUP: 624
5 11 23 36 38 67 79 90 94 97 104 #SUP: 432
5 11 23 36 38 67 88 90 94 97 104 #SUP: 432
5 11 36 38 56 67 71 90 94 97 128 #SUP: 456
5 23 36 38 41 56 57 90 94 97 104 #SUP: 1008
5 23 36 38 41 57 67 71 90 94 104 #SUP: 916
5 23 36 38 41 57 67 90 94 104 120 #SUP: 476
5 23 36 38 41 57 71 90 94 104 120 #SUP: 476
5 23 36 38 41 67 71 79 90 94 104 #SUP: 596
5 23 36 38 41 67 71 88 90 94 104 #SUP: 596
5 23 36 38 41 67 71 90 94 97 104 #SUP: 1156
5 23 36 38 41 67 79 88 90 94 104 #SUP: 536
5 23 36 38 41 67 79 90 94 97 104 #SUP: 712
5 23 36 38 41 67 88 90 94 97 104 #SUP: 712
5 23 36 38 41 71 79 88 90 94 104 #SUP: 440
5 23 36 38 41 71 79 90 94 97 104 #SUP: 616
5 23 36 38 41 71 88 90 94 97 104 #SUP: 616
5 23 36 38 41 79 88 90 94 97 104 #SUP: 592
5 23 36 38 55 67 79 88 90 94 104 #SUP: 496
5 23 36 38 67 71 79 88 90 94 104 #SUP: 532
5 23 36 38 67 71 79 90 94 97 104 #SUP: 708
5 23 36 38 67 71 88 90 94 97 104 #SUP: 708
5 23 36 38 67 71 90 94 97 104 107 #SUP: 624
5 23 36 38 67 71 90 94 97 104 108 #SUP: 624
5 23 36 38 67 71 90 94 97 104 120 #SUP: 514
5 23 36 38 67 79 88 90 94 97 104 #SUP: 648
5 23 36 38 71 79 88 90 94 97 104 #SUP: 552
5 23 36 56 57 67 71 90 94 97 104 #SUP: 948
5 23 36 56 57 67 90 94 97 104 120 #SUP: 516
5 23 36 56 57 71 90 94 97 104 120 #SUP: 516
5 23 36 67 71 79 88 90 94 97 104 #SUP: 564
5 36 38 55 67 71 79 88 90 94 104 #SUP: 528
5 36 38 55 67 79 88 90 94 97 104 #SUP: 608
5 36 38 56 67 71 90 94 97 120 128 #SUP: 480
5 36 38 57 67 71 90 94 97 104 120 #SUP: 498
5 36 38 57 67 71 90 94 97 104 128 #SUP: 960
5 36 38 67 71 79 88 90 94 97 104 #SUP: 644
5 36 55 67 71 79 88 90 94 97 104 #SUP: 608
5 36 57 67 71 79 90 94 97 104 128 #SUP: 528
5 36 57 67 71 88 90 94 97 104 128 #SUP: 528
5 36 57 67 71 90 94 97 104 107 128 #SUP: 528
5 36 57 67 71 90 94 97 104 108 128 #SUP: 552
5 36 57 67 71 90 94 97 104 120 128 #SUP: 576
6 11 23 31 36 38 41 67 71 90 94 #SUP: 490
6 11 23 31 36 57 67 71 90 94 104 #SUP: 459
6 11 23 36 38 67 71 90 94 97 104 #SUP: 496
6 11 36 38 56 67 71 90 94 97 128 #SUP: 456
6 23 31 36 57 67 71 90 94 97 104 #SUP: 866
6 23 36 38 41 56 57 90 94 97 104 #SUP: 1008
6 23 36 38 41 57 67 71 90 94 104 #SUP: 952
6 23 36 38 41 57 67 90 94 104 120 #SUP: 512
6 23 36 38 41 57 71 90 94 104 120 #SUP: 512
6 23 36 38 41 67 79 90 94 97 104 #SUP: 456
6 23 36 38 41 67 88 90 94 97 104 #SUP: 456
6 23 36 38 67 71 79 90 94 97 104 #SUP: 452
6 23 36 38 67 71 88 90 94 97 104 #SUP: 452
6 23 36 38 67 71 90 94 97 104 107 #SUP: 496
6 23 36 38 67 71 90 94 97 104 108 #SUP: 496
6 23 36 38 67 71 90 94 97 104 120 #SUP: 514
6 23 36 56 57 67 71 90 94 97 104 #SUP: 948
6 23 36 56 57 67 90 94 97 104 120 #SUP: 516
6 23 36 56 57 71 90 94 97 104 120 #SUP: 516
6 36 38 56 67 71 90 94 97 120 128 #SUP: 480
9 36 38 57 67 71 90 94 97 104 128 #SUP: 912
9 36 57 67 71 79 90 94 97 104 128 #SUP: 432
9 36 57 67 71 88 90 94 97 104 128 #SUP: 432
9 36 57 67 71 90 94 97 104 107 128 #SUP: 480
9 36 57 67 71 90 94 97 104 108 128 #SUP: 504
9 36 57 67 71 90 94 97 104 120 128 #SUP: 528
11 13 24 36 42 90 94 97 100 114 120 #SUP: 464
11 23 31 36 57 67 71 90 94 97 104 #SUP: 868
11 23 36 38 41 55 67 79 88 90 94 #SUP: 524
11 23 36 38 41 67 71 79 88 90 94 #SUP: 428
11 23 36 38 41 67 71 79 90 94 104 #SUP: 596
11 23 36 38 41 67 71 88 90 94 104 #SUP: 596
11 23 36 38 41 67 79 88 90 94 104 #SUP: 596
11 23 36 38 55 67 71 79 88 90 94 #SUP: 460
11 23 36 38 55 67 79 88 90 94 104 #SUP: 628
11 23 36 38 67 71 79 88 90 94 104 #SUP: 532
11 23 36 38 67 71 79 90 94 97 104 #SUP: 672
11 23 36 38 67 71 88 90 94 97 104 #SUP: 672
11 23 36 38 67 71 90 94 97 104 107 #SUP: 624
11 23 36 38 67 71 90 94 97 104 108 #SUP: 624
11 23 36 38 67 71 90 94 97 104 120 #SUP: 496
11 23 36 38 67 79 88 90 94 97 104 #SUP: 672
11 23 36 38 67 79 90 94 97 104 107 #SUP: 432
11 23 36 38 67 79 90 94 97 104 108 #SUP: 432
11 23 36 38 67 88 90 94 97 104 107 #SUP: 432
11 23 36 38 67 88 90 94 97 104 108 #SUP: 432
11 23 36 55 67 71 79 88 90 94 104 #SUP: 440
11 23 36 55 67 79 88 90 94 97 104 #SUP: 580
11 23 36 67 71 79 88 90 94 97 104 #SUP: 484
11 24 36 38 42 63 67 90 94 97 120 #SUP: 456
11 24 36 38 42 63 79 90 94 97 120 #SUP: 472
11 24 36 38 42 63 88 90 94 97 120 #SUP: 456
11 24 36 42 67 90 94 97 100 114 120 #SUP: 450
11 24 36 42 71 90 94 97 100 114 120 #SUP: 450
11 24 36 42 79 90 94 97 100 114 120 #SUP: 484
11 36 38 56 67 71 90 94 97 120 128 #SUP: 504
12 23 36 38 41 67 79 88 90 94 104 #SUP: 452
12 23 36 38 41 71 79 88 90 94 104 #SUP: 452
12 23 36 38 41 79 88 90 94 97 104 #SUP: 544
12 23 36 38 55 67 71 79 88 90 94 #SUP: 460
12 23 36 38 67 71 79 88 90 94 104 #SUP: 508
12 23 36 38 67 79 88 90 94 97 104 #SUP: 528
12 23 36 38 71 79 88 90 94 97 104 #SUP: 528
12 23 36 67 71 79 88 90 94 97 104 #SUP: 504
12 36 38 55 67 71 79 88 90 94 104 #SUP: 484
12 36 38 67 71 79 88 90 94 97 104 #SUP: 504
12 36 55 67 71 79 88 90 94 97 104 #SUP: 480
13 24 36 42 67 90 94 97 100 114 120 #SUP: 456
13 24 36 42 71 90 94 97 100 114 120 #SUP: 456
13 24 36 42 79 90 94 97 100 114 120 #SUP: 496
16 23 36 38 41 56 57 90 94 97 104 #SUP: 672
16 23 36 38 41 57 67 71 90 94 104 #SUP: 608
16 36 38 57 67 71 90 94 97 104 128 #SUP: 608
21 23 36 38 67 71 79 88 90 94 104 #SUP: 432
21 23 36 38 67 79 88 90 94 97 104 #SUP: 432
21 23 36 38 71 79 88 90 94 97 104 #SUP: 432
21 23 36 67 71 79 88 90 94 97 104 #SUP: 464
21 36 38 55 67 71 79 88 90 94 104 #SUP: 440
21 36 38 67 71 79 88 90 94 97 104 #SUP: 440
21 36 55 67 71 79 88 90 94 97 104 #SUP: 456
23 31 36 38 41 57 67 71 90 94 104 #SUP: 1832
23 31 36 53 57 67 71 90 94 97 104 #SUP: 440
23 31 36 57 67 71 79 90 94 97 104 #SUP: 584
23 31 36 57 67 71 88 90 94 97 104 #SUP: 584
23 36 38 41 50 56 57 90 94 97 104 #SUP: 528
23 36 38 41 53 56 57 90 94 97 104 #SUP: 528
23 36 38 41 53 57 67 71 90 94 104 #SUP: 512
23 36 38 41 53 67 71 90 94 97 104 #SUP: 584
23 36 38 41 55 67 71 79 88 90 94 #SUP: 664
23 36 38 41 55 67 79 88 90 94 104 #SUP: 808
23 36 38 41 56 57 67 90 94 97 104 #SUP: 1872
23 36 38 41 56 57 71 90 94 97 104 #SUP: 1872
23 36 38 41 56 57 79 90 94 97 104 #SUP: 864
23 36 38 41 56 57 88 90 94 97 104 #SUP: 864
23 36 38 41 56 57 90 94 97 104 120 #SUP: 1008
23 36 38 41 57 67 71 79 90 94 104 #SUP: 752
23 36 38 41 57 67 71 88 90 94 104 #SUP: 752
23 36 38 41 57 67 71 90 94 104 120 #SUP: 988
23 36 38 41 57 67 79 88 90 94 104 #SUP: 440
23 36 38 41 57 67 79 90 94 104 120 #SUP: 448
23 36 38 41 57 67 88 90 94 104 120 #SUP: 448
23 36 38 41 57 71 79 88 90 94 104 #SUP: 440
23 36 38 41 57 71 79 90 94 104 120 #SUP: 448
23 36 38 41 57 71 88 90 94 104 120 #SUP: 448
23 36 38 41 67 71 79 88 90 94 104 #SUP: 880
23 36 38 41 67 71 79 90 94 97 104 #SUP: 1160
23 36 38 41 67 71 88 90 94 97 104 #SUP: 1160
23 36 38 41 67 79 88 90 94 97 104 #SUP: 1040
23 36 38 41 67 79 88 90 94 104 122 #SUP: 460
23 36 38 41 71 79 88 90 94 97 104 #SUP: 848
23 36 38 41 79 88 90 94 97 104 119 #SUP: 496
23 36 38 41 79 88 90 94 97 104 122 #SUP: 496
23 36 38 55 67 71 79 88 90 94 104 #SUP: 872
23 36 38 55 67 79 88 90 94 97 104 #SUP: 960
23 36 38 55 67 79 88 90 94 104 122 #SUP: 516
23 36 38 67 71 79 88 90 94 97 104 #SUP: 1032
23 36 38 67 71 79 88 90 94 104 122 #SUP: 456
23 36 38 67 71 79 90 94 97 104 107 #SUP: 672
23 36 38 67 71 79 90 94 97 104 108 #SUP: 672
23 36 38 67 71 79 90 94 97 104 120 #SUP: 452
23 36 38 67 71 88 90 94 97 104 107 #SUP: 672
23 36 38 67 71 88 90 94 97 104 108 #SUP: 672
23 36 38 67 71 88 90 94 97 104 120 #SUP: 452
23 36 38 67 71 90 94 97 104 107 120 #SUP: 496
23 36 38 67 71 90 94 97 104 108 120 #SUP: 496
23 36 38 67 79 88 90 94 97 104 107 #SUP: 576
23 36 38 67 79 88 90 94 97 104 108 #SUP: 576
23 36 38 67 79 88 90 94 97 104 119 #SUP: 552
23 36 38 67 79 88 90 94 97 104 122 #SUP: 552
23 36 38 71 79 88 90 94 97 104 119 #SUP: 456
23 36 38 71 79 88 90 94 97 104 122 #SUP: 456
23 36 50 56 57 67 71 90 94 97 104 #SUP: 488
23 36 53 56 57 67 71 90 94 97 104 #SUP: 488
23 36 55 67 71 79 88 90 94 97 104 #SUP: 776
23 36 56 57 67 71 79 90 94 97 104 #SUP: 744
23 36 56 57 67 71 88 90 94 97 104 #SUP: 744
23 36 56 57 67 71 90 94 97 104 120 #SUP: 996
23 36 56 57 67 79 88 90 94 97 104 #SUP: 432
23 36 56 57 67 79 90 94 97 104 120 #SUP: 456
23 36 56 57 67 88 90 94 97 104 120 #SUP: 456
23 36 56 57 71 79 88 90 94 97 104 #SUP: 432
23 36 56 57 71 79 90 94 97 104 120 #SUP: 456
23 36 56 57 71 88 90 94 97 104 120 #SUP: 456
23 36 67 71 79 88 90 94 97 104 108 #SUP: 528
24 36 38 42 63 67 79 90 94 97 120 #SUP: 456
24 36 38 42 63 67 88 90 94 97 120 #SUP: 456
24 36 38 42 63 79 88 90 94 97 120 #SUP: 456
24 36 42 67 71 90 94 97 100 114 120 #SUP: 450
24 36 42 67 79 90 94 97 100 114 120 #SUP: 468
24 36 42 71 79 90 94 97 100 114 120 #SUP: 468
36 38 44 57 67 71 90 94 97 104 128 #SUP: 456
36 38 50 57 67 71 90 94 97 104 128 #SUP: 456
36 38 51 57 67 71 90 94 97 104 128 #SUP: 456
36 38 55 67 71 79 88 90 94 97 104 #SUP: 960
36 38 55 67 79 88 90 94 97 104 107 #SUP: 576
36 38 55 67 79 88 90 94 97 104 108 #SUP: 576
36 38 55 67 79 88 90 94 97 104 119 #SUP: 528
36 38 57 67 71 79 90 94 97 104 128 #SUP: 672
36 38 57 67 71 88 90 94 97 104 128 #SUP: 672
36 38 57 67 71 90 94 97 104 107 128 #SUP: 912
36 38 57 67 71 90 94 97 104 108 128 #SUP: 912
36 38 57 67 71 90 94 97 104 120 128 #SUP: 912
36 38 67 71 79 88 90 94 97 104 107 #SUP: 576
36 38 67 71 79 88 90 94 97 104 108 #SUP: 576
36 38 67 71 79 88 90 94 97 104 119 #SUP: 468
36 42 55 67 71 79 88 90 94 97 104 #SUP: 552
36 55 67 71 79 88 90 94 97 104 107 #SUP: 528
36 55 67 71 79 88 90 94 97 104 108 #SUP: 528
36 55 67 71 79 88 90 94 97 104 119 #SUP: 480
36 57 67 71 79 88 90 94 97 104 128 #SUP: 480
36 57 67 71 79 90 94 97 104 108 128 #SUP: 432
36 57 67 71 79 90 94 97 104 120 128 #SUP: 480
36 57 67 71 88 90 94 97 104 108 128 #SUP: 432
36 57 67 71 88 90 94 97 104 120 128 #SUP: 480
36 57 67 71 90 94 97 104 107 120 128 #SUP: 480
36 57 67 71 90 94 97 104 108 120 128 #SUP: 528
1 5 9 31 36 38 67 71 90 94 97 104 #SUP: 464
1 5 9 31 36 41 56 67 71 90 94 97 #SUP: 496
1 5 11 23 31 36 38 41 67 71 90 94 #SUP: 472
1 5 11 23 36 38 41 67 71 90 94 104 #SUP: 568
1 5 11 23 36 38 41 67 90 94 97 104 #SUP: 656
1 5 11 31 36 38 41 57 90 94 104 128 #SUP: 433
1 5 23 36 38 41 67 71 79 90 94 104 #SUP: 560
1 5 23 36 38 41 67 71 88 90 94 104 #SUP: 560
1 5 23 36 38 41 67 71 90 94 97 104 #SUP: 1120
1 5 23 36 38 41 67 79 88 90 94 104 #SUP: 464
1 5 23 36 38 41 67 79 90 94 97 104 #SUP: 640
1 5 23 36 38 41 67 88 90 94 97 104 #SUP: 640
1 5 23 36 38 41 67 90 94 97 104 107 #SUP: 608
1 5 23 36 38 41 67 90 94 97 104 108 #SUP: 608
1 5 23 36 38 41 67 90 94 97 104 121 #SUP: 480
1 5 24 31 36 39 41 79 88 90 94 122 #SUP: 608
1 5 31 36 38 41 57 90 94 104 121 128 #SUP: 434
1 5 31 36 38 67 71 90 94 97 104 107 #SUP: 448
1 5 31 36 38 67 71 90 94 97 104 108 #SUP: 448
1 5 31 36 38 67 71 90 94 97 104 120 #SUP: 448
1 5 31 36 38 67 71 90 94 97 104 121 #SUP: 448
1 5 31 36 41 56 67 71 90 94 97 107 #SUP: 496
1 5 31 36 41 56 67 71 90 94 97 108 #SUP: 496
1 6 9 31 36 38 67 71 90 94 97 104 #SUP: 464
1 6 9 31 36 41 56 67 71 90 94 97 #SUP: 496
1 6 11 23 31 36 38 41 67 71 90 94 #SUP: 472
1 6 11 23 36 38 41 67 90 94 97 104 #SUP: 528
1 6 11 31 36 38 41 57 90 94 104 128 #SUP: 433
1 6 23 36 38 41 67 90 94 97 104 107 #SUP: 480
1 6 23 36 38 41 67 90 94 97 104 108 #SUP: 480
1 6 23 36 38 41 67 90 94 97 104 121 #SUP: 480
1 6 31 36 38 41 57 90 94 104 121 128 #SUP: 434
1 6 31 36 38 67 71 90 94 97 104 107 #SUP: 448
1 6 31 36 38 67 71 90 94 97 104 108 #SUP: 448
1 6 31 36 38 67 71 90 94 97 104 120 #SUP: 448
1 6 31 36 38 67 71 90 94 97 104 121 #SUP: 448
1 6 31 36 41 56 67 71 90 94 97 107 #SUP: 496
1 6 31 36 41 56 67 71 90 94 97 108 #SUP: 496
1 9 24 31 36 39 41 79 88 90 94 122 #SUP: 656
1 9 31 36 38 67 71 90 94 97 104 107 #SUP: 480
1 9 31 36 38 67 71 90 94 97 104 108 #SUP: 480
1 9 31 36 38 67 71 90 94 97 104 120 #SUP: 480
1 9 31 36 38 67 71 90 94 97 104 121 #SUP: 480
1 9 31 36 41 56 67 71 90 94 97 107 #SUP: 496
1 9 31 36 41 56 67 71 90 94 97 108 #SUP: 496
1 11 23 36 38 41 55 67 79 88 90 94 #SUP: 488
1 11 23 36 38 41 67 71 79 90 94 104 #SUP: 560
1 11 23 36 38 41 67 71 88 90 94 104 #SUP: 560
1 11 23 36 38 41 67 71 90 94 97 104 #SUP: 1120
1 11 23 36 38 41 67 79 88 90 94 104 #SUP: 560
1 11 23 36 38 41 67 79 90 94 97 104 #SUP: 736
1 11 23 36 38 41 67 88 90 94 97 104 #SUP: 736
1 11 23 36 38 41 67 90 94 97 104 107 #SUP: 656
1 11 23 36 38 41 67 90 94 97 104 108 #SUP: 656
1 11 23 36 38 41 67 90 94 97 104 121 #SUP: 528
1 11 31 36 38 41 57 90 94 104 121 128 #SUP: 436
1 12 24 31 36 39 41 79 88 90 94 122 #SUP: 656
1 16 24 31 36 39 41 79 88 90 94 122 #SUP: 656
1 23 31 36 38 41 57 67 71 90 94 104 #SUP: 1760
1 23 36 38 41 44 67 71 90 94 97 104 #SUP: 560
1 23 36 38 41 53 67 71 90 94 97 104 #SUP: 560
1 23 36 38 41 55 67 71 79 88 90 94 #SUP: 592
1 23 36 38 41 55 67 79 88 90 94 104 #SUP: 736
1 23 36 38 41 67 71 79 88 90 94 104 #SUP: 736
1 23 36 38 41 67 71 79 90 94 97 104 #SUP: 1088
1 23 36 38 41 67 71 88 90 94 97 104 #SUP: 1088
1 23 36 38 41 67 71 90 94 97 104 107 #SUP: 1120
1 23 36 38 41 67 71 90 94 97 104 108 #SUP: 1120
1 23 36 38 41 67 79 88 90 94 97 104 #SUP: 896
1 23 36 38 41 67 79 90 94 97 104 107 #SUP: 640
1 23 36 38 41 67 79 90 94 97 104 108 #SUP: 640
1 23 36 38 41 67 88 90 94 97 104 107 #SUP: 640
1 23 36 38 41 67 88 90 94 97 104 108 #SUP: 640
1 23 36 38 41 67 90 94 97 104 107 121 #SUP: 480
1 23 36 38 41 67 90 94 97 104 108 121 #SUP: 480
1 23 36 56 57 67 71 90 94 97 104 128 #SUP: 1824
1 24 31 36 39 41 67 79 88 90 94 122 #SUP: 656
1 24 31 36 39 41 71 79 88 90 94 122 #SUP: 656
1 24 31 36 39 41 79 88 90 94 119 122 #SUP: 656
1 31 36 38 67 71 90 94 97 104 107 120 #SUP: 456
1 31 36 38 67 71 90 94 97 104 107 121 #SUP: 456
1 31 36 38 67 71 90 94 97 104 108 120 #SUP: 456
1 31 36 38 67 71 90 94 97 104 108 121 #SUP: 456
1 31 36 41 56 67 71 79 88 90 94 97 #SUP: 448
1 36 38 55 67 71 79 88 90 94 97 104 #SUP: 608
2 24 36 38 42 63 90 94 97 100 114 120 #SUP: 1760
2 36 42 55 67 71 79 88 90 94 97 104 #SUP: 456
5 9 36 38 57 67 71 90 94 97 104 128 #SUP: 480
5 23 36 38 41 56 57 67 90 94 97 104 #SUP: 936
5 23 36 38 41 56 57 71 90 94 97 104 #SUP: 936
5 23 36 38 41 56 57 79 90 94 97 104 #SUP: 432
5 23 36 38 41 56 57 88 90 94 97 104 #SUP: 432
5 23 36 38 41 56 57 90 94 97 104 120 #SUP: 504
5 23 36 38 41 57 67 71 90 94 104 120 #SUP: 458
5 23 36 38 41 67 71 79 90 94 97 104 #SUP: 580
5 23 36 38 41 67 71 88 90 94 97 104 #SUP: 580
5 23 36 38 41 67 79 88 90 94 97 104 #SUP: 520
5 23 36 38 41 71 79 88 90 94 97 104 #SUP: 424
5 23 36 38 55 67 79 88 90 94 97 104 #SUP: 480
5 23 36 38 67 71 79 88 90 94 97 104 #SUP: 516
5 23 36 56 57 67 71 90 94 97 104 120 #SUP: 498
5 36 38 55 67 71 79 88 90 94 97 104 #SUP: 512
5 36 38 57 67 71 90 94 97 104 107 128 #SUP: 480
5 36 38 57 67 71 90 94 97 104 108 128 #SUP: 480
5 36 38 57 67 71 90 94 97 104 120 128 #SUP: 480
6 11 23 31 36 57 67 71 90 94 97 104 #SUP: 433
6 23 31 36 38 41 57 67 71 90 94 104 #SUP: 916
6 23 36 38 41 56 57 67 90 94 97 104 #SUP: 936
6 23 36 38 41 56 57 71 90 94 97 104 #SUP: 936
6 23 36 38 41 56 57 79 90 94 97 104 #SUP: 432
6 23 36 38 41 56 57 88 90 94 97 104 #SUP: 432
6 23 36 38 41 56 57 90 94 97 104 120 #SUP: 504
6 23 36 38 41 57 67 71 90 94 104 120 #SUP: 494
6 23 36 56 57 67 71 90 94 97 104 120 #SUP: 498
9 36 38 57 67 71 90 94 97 104 107 128 #SUP: 456
9 36 38 57 67 71 90 94 97 104 108 128 #SUP: 456
9 36 38 57 67 71 90 94 97 104 120 128 #SUP: 456
11 23 31 36 38 41 57 67 71 90 94 104 #SUP: 916
11 23 36 38 41 55 67 79 88 90 94 104 #SUP: 500
11 23 36 38 55 67 71 79 88 90 94 104 #SUP: 436
11 23 36 38 55 67 79 88 90 94 97 104 #SUP: 576
11 23 36 38 67 71 79 88 90 94 97 104 #SUP: 480
12 23 36 38 55 67 71 79 88 90 94 104 #SUP: 436
12 23 36 38 67 71 79 88 90 94 97 104 #SUP: 456
12 36 38 55 67 71 79 88 90 94 97 104 #SUP: 432
16 23 36 38 41 56 57 67 90 94 97 104 #SUP: 624
16 23 36 38 41 56 57 71 90 94 97 104 #SUP: 624
23 31 36 38 41 53 57 67 71 90 94 104 #SUP: 488
23 31 36 38 41 57 67 71 79 90 94 104 #SUP: 680
23 31 36 38 41 57 67 71 88 90 94 104 #SUP: 680
23 31 36 38 41 57 67 71 90 94 104 120 #SUP: 952
23 36 38 41 50 56 57 67 90 94 97 104 #SUP: 480
23 36 38 41 50 56 57 71 90 94 97 104 #SUP: 480
23 36 38 41 53 56 57 67 90 94 97 104 #SUP: 480
23 36 38 41 53 56 57 71 90 94 97 104 #SUP: 480
23 36 38 41 55 67 71 79 88 90 94 104 #SUP: 616
23 36 38 41 56 57 67 71 90 94 97 104 #SUP: 1800
23 36 38 41 56 57 67 79 90 94 97 104 #SUP: 720
23 36 38 41 56 57 67 88 90 94 97 104 #SUP: 720
23 36 38 41 56 57 67 90 94 97 104 120 #SUP: 936
23 36 38 41 56 57 71 79 90 94 97 104 #SUP: 720
23 36 38 41 56 57 71 88 90 94 97 104 #SUP: 720
23 36 38 41 56 57 71 90 94 97 104 120 #SUP: 936
23 36 38 41 56 57 79 88 90 94 97 104 #SUP: 480
23 36 38 41 56 57 79 90 94 97 104 120 #SUP: 432
23 36 38 41 56 57 88 90 94 97 104 120 #SUP: 432
23 36 38 41 67 71 79 88 90 94 97 104 #SUP: 776
23 36 38 41 67 79 88 90 94 97 104 119 #SUP: 424
23 36 38 41 67 79 88 90 94 97 104 122 #SUP: 424
23 36 38 55 67 71 79 88 90 94 97 104 #SUP: 768
23 36 38 55 67 79 88 90 94 97 104 107 #SUP: 480
23 36 38 55 67 79 88 90 94 97 104 108 #SUP: 480
23 36 38 55 67 79 88 90 94 97 104 119 #SUP: 480
23 36 38 55 67 79 88 90 94 97 104 122 #SUP: 480
23 36 38 67 71 79 88 90 94 97 104 107 #SUP: 480
23 36 38 67 71 79 88 90 94 97 104 108 #SUP: 480
36 38 42 55 67 71 79 88 90 94 97 104 #SUP: 448
36 38 55 67 71 79 88 90 94 97 104 107 #SUP: 480
36 38 55 67 71 79 88 90 94 97 104 108 #SUP: 480
36 38 55 67 71 79 88 90 94 97 104 119 #SUP: 432
36 38 57 67 71 90 94 97 104 107 120 128 #SUP: 456
36 38 57 67 71 90 94 97 104 108 120 128 #SUP: 456
1 5 11 23 36 38 41 67 71 90 94 97 104 #SUP: 560
1 5 23 31 36 38 41 57 67 71 90 94 104 #SUP: 880
1 5 23 36 38 41 67 71 79 90 94 97 104 #SUP: 544
1 5 23 36 38 41 67 71 88 90 94 97 104 #SUP: 544
1 5 23 36 38 41 67 71 90 94 97 104 107 #SUP: 560
1 5 23 36 38 41 67 71 90 94 97 104 108 #SUP: 560
1 5 23 36 38 41 67 79 88 90 94 97 104 #SUP: 448
1 5 23 36 56 57 67 71 90 94 97 104 128 #SUP: 912
1 6 23 31 36 38 41 57 67 71 90 94 104 #SUP: 880
1 6 23 36 56 57 67 71 90 94 97 104 128 #SUP: 912
1 9 23 36 56 57 67 71 90 94 97 104 128 #SUP: 912
1 11 23 31 36 38 41 57 67 71 90 94 104 #SUP: 880
1 11 23 36 38 41 55 67 79 88 90 94 104 #SUP: 464
1 11 23 36 38 41 67 71 79 90 94 97 104 #SUP: 544
1 11 23 36 38 41 67 71 88 90 94 97 104 #SUP: 544
1 11 23 36 38 41 67 71 90 94 97 104 107 #SUP: 560
1 11 23 36 38 41 67 71 90 94 97 104 108 #SUP: 560
1 11 23 36 38 41 67 79 88 90 94 97 104 #SUP: 544
1 13 23 31 36 38 41 57 67 71 90 94 104 #SUP: 584
1 16 23 31 36 38 41 57 67 71 90 94 104 #SUP: 584
1 23 31 36 38 41 53 57 67 71 90 94 104 #SUP: 464
1 23 31 36 38 41 57 67 71 79 90 94 104 #SUP: 608
1 23 31 36 38 41 57 67 71 88 90 94 104 #SUP: 608
1 23 31 36 38 41 57 67 71 90 94 104 120 #SUP: 880
1 23 31 36 38 41 57 67 71 90 94 104 121 #SUP: 880
1 23 36 38 41 55 67 71 79 88 90 94 104 #SUP: 544
1 23 36 38 41 55 67 79 88 90 94 97 104 #SUP: 704
1 23 36 38 41 67 71 79 88 90 94 97 104 #SUP: 704
1 23 36 38 41 67 71 79 90 94 97 104 107 #SUP: 544
1 23 36 38 41 67 71 79 90 94 97 104 108 #SUP: 544
1 23 36 38 41 67 71 88 90 94 97 104 107 #SUP: 544
1 23 36 38 41 67 71 88 90 94 97 104 108 #SUP: 544
1 23 36 38 41 67 79 88 90 94 97 104 107 #SUP: 448
1 23 36 38 41 67 79 88 90 94 97 104 108 #SUP: 448
1 23 36 44 56 57 67 71 90 94 97 104 128 #SUP: 464
1 23 36 50 56 57 67 71 90 94 97 104 128 #SUP: 464
1 23 36 53 56 57 67 71 90 94 97 104 128 #SUP: 464
1 23 36 56 57 67 71 79 90 94 97 104 128 #SUP: 672
1 23 36 56 57 67 71 88 90 94 97 104 128 #SUP: 672
1 23 36 56 57 67 71 90 94 97 104 108 128 #SUP: 912
1 23 36 56 57 67 71 90 94 97 104 120 128 #SUP: 960
2 5 24 36 38 42 63 90 94 97 100 114 120 #SUP: 584
2 6 24 36 38 42 63 90 94 97 100 114 120 #SUP: 584
2 7 24 36 38 42 63 90 94 97 100 114 120 #SUP: 584
2 11 24 36 38 42 63 90 94 97 100 114 120 #SUP: 880
2 13 24 36 38 42 63 90 94 97 100 114 120 #SUP: 880
2 24 36 38 42 63 66 90 94 97 100 114 120 #SUP: 896
2 24 36 38 42 63 79 90 94 97 100 114 120 #SUP: 896
2 24 36 38 42 63 90 94 97 100 114 120 128 #SUP: 608
5 23 36 38 41 56 57 67 71 90 94 97 104 #SUP: 900
5 23 36 38 41 56 57 67 90 94 97 104 120 #SUP: 468
5 23 36 38 41 56 57 71 90 94 97 104 120 #SUP: 468
6 11 23 31 36 38 41 57 67 71 90 94 104 #SUP: 458
6 23 31 36 38 41 57 67 71 90 94 104 120 #SUP: 476
6 23 36 38 41 56 57 67 71 90 94 97 104 #SUP: 900
6 23 36 38 41 56 57 67 90 94 97 104 120 #SUP: 468
6 23 36 38 41 56 57 71 90 94 97 104 120 #SUP: 468
11 23 31 36 38 41 57 67 71 90 94 104 120 #SUP: 476
16 23 36 38 41 56 57 67 71 90 94 97 104 #SUP: 600
23 36 38 41 50 56 57 67 71 90 94 97 104 #SUP: 456
23 36 38 41 53 56 57 67 71 90 94 97 104 #SUP: 456
23 36 38 41 56 57 67 71 79 90 94 97 104 #SUP: 648
23 36 38 41 56 57 67 71 88 90 94 97 104 #SUP: 648
23 36 38 41 56 57 67 71 90 94 97 104 120 #SUP: 900
1 5 9 23 36 56 57 67 71 90 94 97 104 128 #SUP: 456
1 5 11 23 31 36 38 41 57 67 71 90 94 104 #SUP: 440
1 5 23 31 36 38 41 57 67 71 90 94 104 120 #SUP: 440
1 5 23 31 36 38 41 57 67 71 90 94 104 121 #SUP: 440
1 5 23 36 56 57 67 71 90 94 97 104 108 128 #SUP: 456
1 5 23 36 56 57 67 71 90 94 97 104 120 128 #SUP: 480
1 6 9 23 36 56 57 67 71 90 94 97 104 128 #SUP: 456
1 6 11 23 31 36 38 41 57 67 71 90 94 104 #SUP: 440
1 6 23 31 36 38 41 57 67 71 90 94 104 120 #SUP: 440
1 6 23 31 36 38 41 57 67 71 90 94 104 121 #SUP: 440
1 6 23 36 56 57 67 71 90 94 97 104 108 128 #SUP: 456
1 6 23 36 56 57 67 71 90 94 97 104 120 128 #SUP: 480
1 9 23 36 56 57 67 71 90 94 97 104 108 128 #SUP: 456
1 9 23 36 56 57 67 71 90 94 97 104 120 128 #SUP: 480
1 11 23 31 36 38 41 57 67 71 90 94 104 120 #SUP: 440
1 11 23 31 36 38 41 57 67 71 90 94 104 121 #SUP: 440
1 11 23 36 38 41 55 67 79 88 90 94 97 104 #SUP: 448
1 23 36 56 57 67 71 90 94 97 104 108 120 128 #SUP: 480
2 11 13 24 36 38 42 63 90 94 97 100 114 120 #SUP: 440
2 11 24 36 38 42 63 66 90 94 97 100 114 120 #SUP: 448
2 11 24 36 38 42 63 79 90 94 97 100 114 120 #SUP: 448
2 13 24 36 38 42 63 66 90 94 97 100 114 120 #SUP: 448
2 13 24 36 38 42 63 79 90 94 97 100 114 120 #SUP: 448
2 24 36 38 42 45 56 63 90 94 97 100 114 120 #SUP: 1728
2 24 36 38 42 63 66 79 90 94 97 100 114 120 #SUP: 464
5 23 36 38 41 56 57 67 71 90 94 97 104 120 #SUP: 450
6 23 36 38 41 56 57 67 71 90 94 97 104 120 #SUP: 450
1 23 31 36 38 41 56 57 67 71 90 94 97 104 128 #SUP: 1728
1 23 36 38 41 55 58 67 71 79 88 90 94 97 104 #SUP: 512
1 24 31 36 39 41 56 60 79 88 90 94 97 100 122 #SUP: 1024
2 5 24 36 38 42 45 56 63 90 94 97 100 114 120 #SUP: 576
2 6 24 36 38 42 45 56 63 90 94 97 100 114 120 #SUP: 576
2 7 24 36 38 42 45 56 63 90 94 97 100 114 120 #SUP: 576
2 11 24 36 38 42 45 56 63 90 94 97 100 114 120 #SUP: 864
2 12 24 36 38 42 45 56 63 90 94 97 100 114 120 #SUP: 864
2 13 24 36 38 42 45 56 63 90 94 97 100 114 120 #SUP: 864
2 20 24 36 38 42 45 56 63 90 94 97 100 114 120 #SUP: 864
2 24 28 36 38 42 45 56 63 90 94 97 100 114 120 #SUP: 576
2 24 29 36 38 41 55 57 66 70 90 94 97 102 110 #SUP: 1296
2 24 29 36 38 42 45 56 63 90 94 97 100 114 120 #SUP: 576
2 24 33 36 38 42 45 56 63 90 94 97 100 114 120 #SUP: 576
2 24 36 38 42 45 56 63 66 90 94 97 100 114 120 #SUP: 864
2 24 36 38 42 45 56 63 67 90 94 97 100 114 120 #SUP: 864
2 24 36 38 42 45 56 63 70 90 94 97 100 114 120 #SUP: 864
2 24 36 38 42 45 56 63 71 90 94 97 100 114 120 #SUP: 864
2 24 36 38 42 45 56 63 77 90 94 97 100 114 120 #SUP: 864
2 24 36 38 42 45 56 63 79 90 94 97 100 114 120 #SUP: 864
2 24 36 38 42 45 56 63 86 90 94 97 100 114 120 #SUP: 864
2 24 36 38 42 45 56 63 88 90 94 97 100 114 120 #SUP: 864
2 24 36 38 42 45 56 63 90 94 97 100 114 120 123 #SUP: 576
2 24 36 38 42 45 56 63 90 94 97 100 114 120 125 #SUP: 576
2 24 36 38 42 45 56 63 90 94 97 100 114 120 128 #SUP: 576
1 5 23 31 36 38 41 56 57 67 71 90 94 97 104 128 #SUP: 864
1 5 24 31 36 39 41 56 60 79 88 90 94 97 100 122 #SUP: 512
1 6 23 31 36 38 41 56 57 67 71 90 94 97 104 128 #SUP: 864
1 6 24 31 36 39 41 56 60 79 88 90 94 97 100 122 #SUP: 512
1 9 23 31 36 38 41 56 57 67 71 90 94 97 104 128 #SUP: 864
1 9 24 31 36 39 41 56 60 79 88 90 94 97 100 122 #SUP: 512
1 11 23 31 36 38 41 56 57 67 71 90 94 97 104 128 #SUP: 864
1 12 24 31 36 39 41 56 60 79 88 90 94 97 100 122 #SUP: 512
1 13 23 31 36 38 41 56 57 67 71 90 94 97 104 128 #SUP: 576
1 16 23 31 36 38 41 56 57 67 71 90 94 97 104 128 #SUP: 576
1 16 24 31 36 39 41 56 60 79 88 90 94 97 100 122 #SUP: 512
1 20 23 31 36 38 41 56 57 67 71 90 94 97 104 128 #SUP: 576
1 23 31 36 38 41 44 56 57 67 71 90 94 97 104 128 #SUP: 432
1 23 31 36 38 41 50 56 57 67 71 90 94 97 104 128 #SUP: 432
1 23 31 36 38 41 51 56 57 67 71 90 94 97 104 128 #SUP: 432
1 23 31 36 38 41 53 56 57 67 71 90 94 97 104 128 #SUP: 432
1 23 31 36 38 41 56 57 67 71 75 90 94 97 104 128 #SUP: 576
1 23 31 36 38 41 56 57 67 71 77 90 94 97 104 128 #SUP: 576
1 23 31 36 38 41 56 57 67 71 79 90 94 97 104 128 #SUP: 576
1 23 31 36 38 41 56 57 67 71 84 90 94 97 104 128 #SUP: 576
1 23 31 36 38 41 56 57 67 71 86 90 94 97 104 128 #SUP: 576
1 23 31 36 38 41 56 57 67 71 88 90 94 97 104 128 #SUP: 576
1 23 31 36 38 41 56 57 67 71 90 94 97 104 107 128 #SUP: 864
1 23 31 36 38 41 56 57 67 71 90 94 97 104 108 128 #SUP: 864
1 23 31 36 38 41 56 57 67 71 90 94 97 104 120 128 #SUP: 864
1 23 31 36 38 41 56 57 67 71 90 94 97 104 121 128 #SUP: 864
1 24 31 36 39 41 56 60 64 79 88 90 94 97 100 122 #SUP: 512
1 24 31 36 39 41 56 60 67 79 88 90 94 97 100 122 #SUP: 512
1 24 31 36 39 41 56 60 68 79 88 90 94 97 100 122 #SUP: 512
1 24 31 36 39 41 56 60 71 79 88 90 94 97 100 122 #SUP: 512
1 24 31 36 39 41 56 60 79 88 90 94 97 100 107 122 #SUP: 512
1 24 31 36 39 41 56 60 79 88 90 94 97 100 108 122 #SUP: 512
1 24 31 36 39 41 56 60 79 88 90 94 97 100 116 122 #SUP: 512
1 24 31 36 39 41 56 60 79 88 90 94 97 100 119 122 #SUP: 512
2 5 24 29 36 38 41 55 57 66 70 90 94 97 102 110 #SUP: 648
2 6 24 29 36 38 41 55 57 66 70 90 94 97 102 110 #SUP: 648
2 9 24 29 36 38 41 55 57 66 70 90 94 97 102 110 #SUP: 648
2 11 13 24 36 38 42 45 56 63 90 94 97 100 114 120 #SUP: 432
2 11 20 24 36 38 42 45 56 63 90 94 97 100 114 120 #SUP: 432
2 11 24 29 36 38 41 55 57 66 70 90 94 97 102 110 #SUP: 648
2 11 24 36 38 42 45 56 63 66 90 94 97 100 114 120 #SUP: 432
2 11 24 36 38 42 45 56 63 67 90 94 97 100 114 120 #SUP: 432
2 11 24 36 38 42 45 56 63 70 90 94 97 100 114 120 #SUP: 432
2 11 24 36 38 42 45 56 63 71 90 94 97 100 114 120 #SUP: 432
2 11 24 36 38 42 45 56 63 77 90 94 97 100 114 120 #SUP: 432
2 11 24 36 38 42 45 56 63 79 90 94 97 100 114 120 #SUP: 432
2 11 24 36 38 42 45 56 63 86 90 94 97 100 114 120 #SUP: 432
2 11 24 36 38 42 45 56 63 88 90 94 97 100 114 120 #SUP: 432
2 12 13 24 36 38 42 45 56 63 90 94 97 100 114 120 #SUP: 432
2 12 20 24 36 38 42 45 56 63 90 94 97 100 114 120 #SUP: 432
2 12 24 36 38 42 45 56 63 66 90 94 97 100 114 120 #SUP: 432
2 12 24 36 38 42 45 56 63 67 90 94 97 100 114 120 #SUP: 432
2 12 24 36 38 42 45 56 63 70 90 94 97 100 114 120 #SUP: 432
2 12 24 36 38 42 45 56 63 71 90 94 97 100 114 120 #SUP: 432
2 12 24 36 38 42 45 56 63 77 90 94 97 100 114 120 #SUP: 432
2 12 24 36 38 42 45 56 63 79 90 94 97 100 114 120 #SUP: 432
2 12 24 36 38 42 45 56 63 86 90 94 97 100 114 120 #SUP: 432
2 12 24 36 38 42 45 56 63 88 90 94 97 100 114 120 #SUP: 432
2 13 24 36 38 42 45 56 63 66 90 94 97 100 114 120 #SUP: 432
2 13 24 36 38 42 45 56 63 67 90 94 97 100 114 120 #SUP: 432
2 13 24 36 38 42 45 56 63 70 90 94 97 100 114 120 #SUP: 432
2 13 24 36 38 42 45 56 63 71 90 94 97 100 114 120 #SUP: 432
2 13 24 36 38 42 45 56 63 77 90 94 97 100 114 120 #SUP: 432
2 13 24 36 38 42 45 56 63 79 90 94 97 100 114 120 #SUP: 432
2 13 24 36 38 42 45 56 63 86 90 94 97 100 114 120 #SUP: 432
2 13 24 36 38 42 45 56 63 88 90 94 97 100 114 120 #SUP: 432
2 16 24 29 36 38 41 55 57 66 70 90 94 97 102 110 #SUP: 648
2 20 24 36 38 42 45 56 63 66 90 94 97 100 114 120 #SUP: 432
2 20 24 36 38 42 45 56 63 67 90 94 97 100 114 120 #SUP: 432
2 20 24 36 38 42 45 56 63 70 90 94 97 100 114 120 #SUP: 432
2 20 24 36 38 42 45 56 63 71 90 94 97 100 114 120 #SUP: 432
2 20 24 36 38 42 45 56 63 77 90 94 97 100 114 120 #SUP: 432
2 20 24 36 38 42 45 56 63 79 90 94 97 100 114 120 #SUP: 432
2 20 24 36 38 42 45 56 63 86 90 94 97 100 114 120 #SUP: 432
2 20 24 36 38 42 45 56 63 88 90 94 97 100 114 120 #SUP: 432
2 22 24 29 36 38 41 55 57 66 70 90 94 97 102 110 #SUP: 648
2 24 29 36 38 41 46 55 57 66 70 90 94 97 102 110 #SUP: 432
2 24 29 36 38 41 47 55 57 66 70 90 94 97 102 110 #SUP: 432
2 24 29 36 38 41 50 55 57 66 70 90 94 97 102 110 #SUP: 432
2 24 29 36 38 41 55 57 66 70 72 90 94 97 102 110 #SUP: 432
2 24 29 36 38 41 55 57 66 70 73 90 94 97 102 110 #SUP: 432
2 24 29 36 38 41 55 57 66 70 77 90 94 97 102 110 #SUP: 432
2 24 29 36 38 41 55 57 66 70 81 90 94 97 102 110 #SUP: 432
2 24 29 36 38 41 55 57 66 70 82 90 94 97 102 110 #SUP: 432
2 24 29 36 38 41 55 57 66 70 86 90 94 97 102 110 #SUP: 432
2 24 29 36 38 41 55 57 66 70 90 94 97 102 110 120 #SUP: 648
2 24 29 36 38 41 55 57 66 70 90 94 97 102 110 121 #SUP: 648
2 24 29 36 38 41 55 57 66 70 90 94 97 102 110 122 #SUP: 432
2 24 29 36 38 41 55 57 66 70 90 94 97 102 110 125 #SUP: 432
2 24 29 36 38 41 55 57 66 70 90 94 97 102 110 128 #SUP: 432
2 24 36 38 42 45 56 63 66 70 90 94 97 100 114 120 #SUP: 432
2 24 36 38 42 45 56 63 66 71 90 94 97 100 114 120 #SUP: 432
2 24 36 38 42 45 56 63 66 77 90 94 97 100 114 120 #SUP: 432
2 24 36 38 42 45 56 63 66 79 90 94 97 100 114 120 #SUP: 432
2 24 36 38 42 45 56 63 66 86 90 94 97 100 114 120 #SUP: 432
2 24 36 38 42 45 56 63 66 88 90 94 97 100 114 120 #SUP: 432
2 24 36 38 42 45 56 63 67 70 90 94 97 100 114 120 #SUP: 432
2 24 36 38 42 45 56 63 67 71 90 94 97 100 114 120 #SUP: 432
2 24 36 38 42 45 56 63 67 77 90 94 97 100 114 120 #SUP: 432
2 24 36 38 42 45 56 63 67 79 90 94 97 100 114 120 #SUP: 432
2 24 36 38 42 45 56 63 67 86 90 94 97 100 114 120 #SUP: 432
2 24 36 38 42 45 56 63 67 88 90 94 97 100 114 120 #SUP: 432
2 24 36 38 42 45 56 63 70 77 90 94 97 100 114 120 #SUP: 432
2 24 36 38 42 45 56 63 70 79 90 94 97 100 114 120 #SUP: 432
2 24 36 38 42 45 56 63 70 86 90 94 97 100 114 120 #SUP: 432
2 24 36 38 42 45 56 63 70 88 90 94 97 100 114 120 #SUP: 432
2 24 36 38 42 45 56 63 71 77 90 94 97 100 114 120 #SUP: 432
2 24 36 38 42 45 56 63 71 79 90 94 97 100 114 120 #SUP: 432
2 24 36 38 42 45 56 63 71 86 90 94 97 100 114 120 #SUP: 432
2 24 36 38 42 45 56 63 71 88 90 94 97 100 114 120 #SUP: 432
2 24 36 38 42 45 56 63 77 86 90 94 97 100 114 120 #SUP: 432
2 24 36 38 42 45 56 63 77 88 90 94 97 100 114 120 #SUP: 432
2 24 36 38 42 45 56 63 79 86 90 94 97 100 114 120 #SUP: 432
2 24 36 38 42 45 56 63 79 88 90 94 97 100 114 120 #SUP: 432
1 5 9 23 31 36 38 41 56 57 67 71 90 94 97 104 128 #SUP: 432
1 5 11 23 31 36 38 41 56 57 67 71 90 94 97 104 128 #SUP: 432
1 5 23 31 36 38 41 56 57 67 71 90 94 97 104 107 128 #SUP: 432
1 5 23 31 36 38 41 56 57 67 71 90 94 97 104 108 128 #SUP: 432
1 5 23 31 36 38 41 56 57 67 71 90 94 97 104 120 128 #SUP: 432
1 5 23 31 36 38 41 56 57 67 71 90 94 97 104 121 128 #SUP: 432
1 6 9 23 31 36 38 41 56 57 67 71 90 94 97 104 128 #SUP: 432
1 6 11 23 31 36 38 41 56 57 67 71 90 94 97 104 128 #SUP: 432
1 6 23 31 36 38 41 56 57 67 71 90 94 97 104 107 128 #SUP: 432
1 6 23 31 36 38 41 56 57 67 71 90 94 97 104 108 128 #SUP: 432
1 6 23 31 36 38 41 56 57 67 71 90 94 97 104 120 128 #SUP: 432
1 6 23 31 36 38 41 56 57 67 71 90 94 97 104 121 128 #SUP: 432
1 9 23 31 36 38 41 56 57 67 71 90 94 97 104 107 128 #SUP: 432
1 9 23 31 36 38 41 56 57 67 71 90 94 97 104 108 128 #SUP: 432
1 9 23 31 36 38 41 56 57 67 71 90 94 97 104 120 128 #SUP: 432
1 9 23 31 36 38 41 56 57 67 71 90 94 97 104 121 128 #SUP: 432
1 11 23 31 36 38 41 56 57 67 71 90 94 97 104 107 128 #SUP: 432
1 11 23 31 36 38 41 56 57 67 71 90 94 97 104 108 128 #SUP: 432
1 11 23 31 36 38 41 56 57 67 71 90 94 97 104 120 128 #SUP: 432
1 11 23 31 36 38 41 56 57 67 71 90 94 97 104 121 128 #SUP: 432
1 23 31 36 38 41 56 57 67 71 90 94 97 104 107 120 128 #SUP: 432
1 23 31 36 38 41 56 57 67 71 90 94 97 104 107 121 128 #SUP: 432
1 23 31 36 38 41 56 57 67 71 90 94 97 104 108 120 128 #SUP: 432
1 23 31 36 38 41 56 57 67 71 90 94 97 104 108 121 128 #SUP: 432
